id,first_name,last_name,email,gender
108422,Tamas,Von Der Empten,tvonderempten0@mozilla.com,Male
103392,Kaylil,Wallen,kwallen1@yandex.ru,Female
118526,Hamnet,Troop,htroop2@mysql.com,Male
118223,Caralie,Neathway,cneathway3@purevolume.com,Genderqueer
112052,Mic,Chrismas,mchrismas4@gizmodo.com,Male
119699,Cheslie,Dundendale,cdundendale5@indiatimes.com,Female
100059,Duncan,Crasford,dcrasford6@microsoft.com,Male
118895,Junia,Wyard,jwyard7@yellowbook.com,Female
114941,Sky,Heaford,sheaford8@bandcamp.com,Male
111393,Lynelle,Ilem,lilem9@sogou.com,Genderfluid
106805,Kenton,Ivashechkin,kivashechkina@github.com,Male
112156,Clarita,Simon,csimonb@printfriendly.com,Female
113391,Sebastian,Whimpenny,swhimpennyc@washington.edu,Male
101943,Edithe,Menico,emenicod@tmall.com,Female
118056,Paolo,Hassent,phassente@usgs.gov,Male
106299,Franklyn,Haysar,fhaysarf@princeton.edu,Male
112018,Shani,Cramb,scrambg@discovery.com,Female
103212,Elna,Saville,esavilleh@skype.com,Non-binary
117097,Stanton,Court,scourti@spotify.com,Male
108325,Donny,Hennington,dhenningtonj@state.gov,Polygender
102345,Evangelina,Tomik,etomikk@purevolume.com,Female
109909,Garwin,Sabattier,gsabattierl@house.gov,Male
117062,Bryn,Reavell,breavellm@google.fr,Bigender
109971,Neill,Hradsky,nhradskyn@so-net.ne.jp,Male
116852,Emera,Carse,ecarseo@shop-pro.jp,Female
101959,Charmain,Grafom,cgrafomp@craigslist.org,Female
103264,Hermy,Kingshott,hkingshottq@over-blog.com,Male
115811,Nowell,O'Fogarty,nofogartyr@goo.ne.jp,Male
106872,Rooney,Macklam,rmacklams@businesswire.com,Male
117153,Kendell,Kloster,kklostert@hibu.com,Male
112678,Gerladina,Tregunnah,gtregunnahu@hexun.com,Female
118751,Suellen,Yakebovich,syakebovichv@globo.com,Female
101502,Melinda,Cunniffe,mcunniffew@last.fm,Female
100901,Raddie,Lathom,rlathomx@unicef.org,Male
105653,Rainer,Plampin,rplampiny@instagram.com,Male
100144,Lucinda,Keerl,lkeerlz@example.com,Female
118983,Curr,Bowman,cbowman10@51.la,Male
100625,Adella,Brugemann,abrugemann11@live.com,Female
118651,Hartley,Sulland,hsulland12@1688.com,Male
116488,Addy,Borg-Bartolo,aborgbartolo13@mayoclinic.com,Female
114110,Gabie,Airton,gairton14@alibaba.com,Female
114089,Katie,Pennicard,kpennicard15@plala.or.jp,Non-binary
106968,Clemmie,Peasegood,cpeasegood16@skype.com,Female
112298,Tonya,Crossfield,tcrossfield17@china.com.cn,Female
115498,Lyndell,Neiland,lneiland18@toplist.cz,Female
118319,Mariya,Swenson,mswenson19@360.cn,Female
118661,Devan,Hearnaman,dhearnaman1a@webmd.com,Female
114515,Wenonah,Binney,wbinney1b@g.co,Genderqueer
104116,Meredith,Lamburne,mlamburne1c@1688.com,Male
106245,Phillip,Brunt,pbrunt1d@jugem.jp,Male
118433,Rodie,St. Paul,rstpaul1e@hatena.ne.jp,Female
118655,Vera,Wyldes,vwyldes1f@noaa.gov,Female
118512,Judith,Leport,jleport1g@spiegel.de,Female
110766,Patricia,Althrope,palthrope1h@canalblog.com,Genderqueer
118873,Roger,Joiris,rjoiris1i@ft.com,Male
110256,Ragnar,Hanmer,rhanmer1j@multiply.com,Male
110556,Elsbeth,Childerley,echilderley1k@google.ca,Female
111082,Trescha,Nawton,tnawton1l@symantec.com,Female
101602,Ody,Mattusevich,omattusevich1m@time.com,Male
119980,Nap,Chisholme,nchisholme1n@lycos.com,Male
106922,Kendal,Michele,kmichele1o@wunderground.com,Male
109575,Titus,Nore,tnore1p@bluehost.com,Male
116730,Susette,Areles,sareles1q@e-recht24.de,Female
119760,Hall,Iowarch,hiowarch1r@techcrunch.com,Male
104235,Verna,Buske,vbuske1s@mapy.cz,Female
101252,Letizia,MacKey,lmackey1t@altervista.org,Female
112090,Brion,Searchwell,bsearchwell1u@163.com,Male
100119,Gerrilee,Marzellano,gmarzellano1v@fotki.com,Female
114792,Tiphany,Newell,tnewell1w@java.com,Female
104682,Devlin,Rosenblad,drosenblad1x@1688.com,Male
111755,Nate,Perocci,nperocci1y@walmart.com,Male
111433,Darius,Willwood,dwillwood1z@usda.gov,Male
101198,Lonnie,Wiggall,lwiggall20@taobao.com,Male
118955,Dionisio,Haresnape,dharesnape21@indiegogo.com,Male
104188,Ardyth,Hoonahan,ahoonahan22@phpbb.com,Female
102795,Mady,Basilotta,mbasilotta23@tumblr.com,Female
100628,Ethelind,Odgers,eodgers24@usda.gov,Female
101192,Ingmar,Doody,idoody25@economist.com,Male
114291,Renaud,Coldham,rcoldham26@oracle.com,Male
105170,Nicol,Saile,nsaile27@homestead.com,Female
107181,Humphrey,Leathe,hleathe28@wp.com,Male
113366,Chase,Haug,chaug29@engadget.com,Male
116295,Sly,Britland,sbritland2a@time.com,Male
105579,Cody,Cappell,ccappell2b@paypal.com,Male
113139,Dennet,MacCrackan,dmaccrackan2c@spiegel.de,Male
116117,Olympe,Hollow,ohollow2d@ox.ac.uk,Female
117094,Earlie,Vigars,evigars2e@msn.com,Male
111242,Melina,Lyngsted,mlyngsted2f@who.int,Female
101750,Sherilyn,Orchard,sorchard2g@nsw.gov.au,Female
116178,Jandy,Healings,jhealings2h@deliciousdays.com,Bigender
103571,Diarmid,Ramshaw,dramshaw2i@vk.com,Male
101758,Mischa,Swabey,mswabey2j@google.com.br,Non-binary
103496,Teador,Lethibridge,tlethibridge2k@macromedia.com,Male
115838,Ulrica,Coots,ucoots2l@dell.com,Non-binary
106778,Cece,Bantick,cbantick2m@mashable.com,Male
108585,Phedra,Bonhome,pbonhome2n@com.com,Female
102376,Charmain,Sammonds,csammonds2o@blog.com,Female
116448,Giralda,Bloor,gbloor2p@slate.com,Female
106037,Fons,Ely,fely2q@google.com,Bigender
108361,Binnie,Di Giorgio,bdigiorgio2r@prlog.org,Genderfluid
107799,Yvor,Wrathall,ywrathall2s@imgur.com,Male
115978,Delila,Grave,dgrave2t@photobucket.com,Female
118358,Deva,Weymouth,dweymouth2u@msn.com,Female
113251,Sherman,Buse,sbuse2v@google.com.hk,Male
119647,Leopold,Peasegood,lpeasegood2w@dropbox.com,Male
114038,Amity,Reen,areen2x@prnewswire.com,Female
100238,Margo,Moon,mmoon2y@youku.com,Female
103768,Cornie,Cuddy,ccuddy2z@163.com,Male
112153,Udall,Raspin,uraspin30@redcross.org,Male
101613,Jennilee,Welbrock,jwelbrock31@histats.com,Female
106774,Elmore,Stapforth,estapforth32@elegantthemes.com,Male
113818,Way,Andrioletti,wandrioletti33@columbia.edu,Male
101181,Katti,Farnin,kfarnin34@over-blog.com,Female
112902,Calla,Gosford,cgosford35@xinhuanet.com,Female
110657,Reinhold,Hearns,rhearns36@statcounter.com,Male
118404,Moe,Chaudrelle,mchaudrelle37@woothemes.com,Male
103455,Mattie,Toomey,mtoomey38@nhs.uk,Female
117309,Fiona,Allanby,fallanby39@irs.gov,Female
107232,Normand,Lowing,nlowing3a@netscape.com,Male
103710,Sallie,Neads,sneads3b@japanpost.jp,Female
103902,Moll,Davidov,mdavidov3c@wix.com,Female
117771,Ly,Merwe,lmerwe3d@woothemes.com,Male
118471,Nancey,Congdon,ncongdon3e@google.com.hk,Female
102218,Verile,Muck,vmuck3f@meetup.com,Female
100601,Marsh,Bottrell,mbottrell3g@intel.com,Male
103411,Missy,Snead,msnead3h@comcast.net,Female
108343,Frayda,Densun,fdensun3i@prlog.org,Female
119485,Cheston,Chamberlaine,cchamberlaine3j@typepad.com,Male
104766,Erik,Nutley,enutley3k@purevolume.com,Male
105571,Binni,Sacher,bsacher3l@cpanel.net,Female
119071,Henderson,Girardengo,hgirardengo3m@macromedia.com,Male
101573,Monique,Gergely,mgergely3n@ucoz.com,Female
114205,Marilyn,Menghi,mmenghi3o@elpais.com,Female
110280,Alexandra,Gainsboro,againsboro3p@is.gd,Bigender
117290,Laurel,Lloyd,llloyd3q@sun.com,Female
119715,Mitchell,Winslow,mwinslow3r@blogspot.com,Male
117150,Barton,Vaudre,bvaudre3s@ftc.gov,Male
115414,Theresa,Kuschek,tkuschek3t@psu.edu,Female
111819,Thurstan,Damp,tdamp3u@parallels.com,Male
108178,Ede,Petrillo,epetrillo3v@topsy.com,Female
113976,Josepha,Whittleton,jwhittleton3w@example.com,Female
118313,Emmet,Busch,ebusch3x@reference.com,Male
108491,Gabbie,Matic,gmatic3y@ihg.com,Female
118736,Tasha,Rainsdon,trainsdon3z@skype.com,Female
119938,Marisa,Muselli,mmuselli40@stumbleupon.com,Female
106474,Cori,Tidey,ctidey41@blog.com,Male
109758,Ursula,Carrabot,ucarrabot42@liveinternet.ru,Female
107276,Brice,Merrigan,bmerrigan43@sfgate.com,Male
117526,Bradley,Suttaby,bsuttaby44@rambler.ru,Male
116161,Phineas,Merrigan,pmerrigan45@unesco.org,Male
117070,Sheffie,Pauli,spauli46@theguardian.com,Male
111965,Beaufort,Kleinholz,bkleinholz47@google.it,Male
114823,Jedd,Rowberry,jrowberry48@dropbox.com,Male
110063,Joellen,Costock,jcostock49@nyu.edu,Female
104712,Sallee,Brewitt,sbrewitt4a@blogtalkradio.com,Female
103834,Gilles,Fulstow,gfulstow4b@statcounter.com,Male
115089,Vilhelmina,Merring,vmerring4c@sfgate.com,Female
102081,Burgess,McIlreavy,bmcilreavy4d@dailymotion.com,Male
109364,Sheffy,Dimic,sdimic4e@seesaa.net,Male
117359,Dehlia,Plaistowe,dplaistowe4f@pagesperso-orange.fr,Female
100335,Simonette,Creffield,screffield4g@furl.net,Female
102887,Morley,Valasek,mvalasek4h@sina.com.cn,Male
106653,Hedwiga,Brignall,hbrignall4i@mit.edu,Female
117564,La verne,Carter,lcarter4j@ning.com,Female
112975,Benetta,Rumbellow,brumbellow4k@360.cn,Female
107588,Silvana,Belderfield,sbelderfield4l@scribd.com,Female
103144,Yolanthe,Spears,yspears4m@gravatar.com,Female
102407,Ebonee,Brotherwood,ebrotherwood4n@exblog.jp,Female
113679,Berti,Summerton,bsummerton4o@51.la,Male
116871,Rey,Razzell,rrazzell4p@yolasite.com,Male
109755,Dieter,Grinvalds,dgrinvalds4q@earthlink.net,Male
104730,Catrina,Echalier,cechalier4r@slate.com,Female
116447,Waring,Tatersale,wtatersale4s@netlog.com,Male
101048,Cathi,Wareham,cwareham4t@dagondesign.com,Female
104770,Dino,Shotton,dshotton4u@hao123.com,Male
112599,Chad,Beachem,cbeachem4v@techcrunch.com,Female
114056,Osbourne,Barnham,obarnham4w@cbslocal.com,Male
109537,Haydon,Lewty,hlewty4x@foxnews.com,Bigender
106845,Danice,Wannell,dwannell4y@friendfeed.com,Female
111674,Laney,Gipson,lgipson4z@infoseek.co.jp,Female
114962,Carmela,Buesnel,cbuesnel50@lycos.com,Female
107496,Tommi,Bazely,tbazely51@tinyurl.com,Female
104164,Magnum,Villaret,mvillaret52@canalblog.com,Male
108110,Boote,Rosier,brosier53@reddit.com,Male
118239,Yancey,Daniell,ydaniell54@scientificamerican.com,Male
111933,Courtnay,Gymblett,cgymblett55@over-blog.com,Female
108221,Isa,Tolomio,itolomio56@nifty.com,Female
106792,Frannie,Vedishchev,fvedishchev57@dagondesign.com,Male
107596,Corrie,Louden,clouden58@cisco.com,Male
111113,Cassie,Victory,cvictory59@github.io,Male
116231,Sigvard,Malpas,smalpas5a@ezinearticles.com,Male
105170,Maggie,Cottey,mcottey5b@chronoengine.com,Female
118918,Irita,Sammut,isammut5c@washingtonpost.com,Female
107089,Noby,Nevins,nnevins5d@cnn.com,Male
103492,Mile,Toppas,mtoppas5e@cnbc.com,Male
110046,Cyrille,Klemensiewicz,cklemensiewicz5f@mozilla.org,Male
105059,Emmalynne,Dufaur,edufaur5g@i2i.jp,Female
110551,Morgun,Mitchener,mmitchener5h@mapy.cz,Male
115093,Valentin,Whoolehan,vwhoolehan5i@squarespace.com,Male
112036,Zitella,Cankett,zcankett5j@ftc.gov,Female
117623,Smitty,Bousler,sbousler5k@boston.com,Male
116083,Oona,Lichtfoth,olichtfoth5l@xing.com,Female
115685,Danell,Maddra,dmaddra5m@twitpic.com,Agender
105954,Christa,Blackborough,cblackborough5n@hatena.ne.jp,Female
105910,Lark,Lavigne,llavigne5o@issuu.com,Female
101348,Ava,Krojn,akrojn5p@newsvine.com,Female
110597,Hermann,Sollitt,hsollitt5q@goo.gl,Male
119024,Hewet,Lackner,hlackner5r@census.gov,Male
107299,Alex,Shurmer,ashurmer5s@howstuffworks.com,Male
101663,Rosina,Dudny,rdudny5t@wisc.edu,Female
113296,Eolande,Carlisi,ecarlisi5u@usgs.gov,Female
110112,Ranna,MacGuffog,rmacguffog5v@reuters.com,Female
116689,Teddie,Palleske,tpalleske5w@unesco.org,Male
112484,Fidel,Willard,fwillard5x@rediff.com,Male
103911,Giusto,Yukhnov,gyukhnov5y@craigslist.org,Male
116437,Moishe,Brewitt,mbrewitt5z@yolasite.com,Male
111165,Normie,Rule,nrule60@nps.gov,Male
109862,Vittoria,Killik,vkillik61@printfriendly.com,Female
104487,Julissa,Kynsey,jkynsey62@blogger.com,Female
114160,Nola,McCreery,nmccreery63@pen.io,Female
114047,Vance,Kerrane,vkerrane64@dyndns.org,Male
105485,Arlinda,Spiers,aspiers65@gnu.org,Female
105298,Sunny,Michallat,smichallat66@intel.com,Female
119312,Lucien,Barmadier,lbarmadier67@umn.edu,Male
107844,Rod,Petrashkov,rpetrashkov68@tripadvisor.com,Male
106091,Tandy,Schule,tschule69@japanpost.jp,Female
106230,Edin,Hawlgarth,ehawlgarth6a@microsoft.com,Female
106423,Morgen,Minogue,mminogue6b@un.org,Female
102727,Codie,Arnholz,carnholz6c@ed.gov,Female
114894,Wallas,Grzelak,wgrzelak6d@ucoz.ru,Male
102704,Orren,Romagosa,oromagosa6e@vimeo.com,Male
101801,Carolyn,Toomey,ctoomey6f@biblegateway.com,Female
100749,Sorcha,Treslove,streslove6g@jimdo.com,Female
106664,Jamey,Le Ball,jleball6h@umn.edu,Male
106839,Lorraine,Trump,ltrump6i@telegraph.co.uk,Female
114084,Cosimo,Isham,cisham6j@marketwatch.com,Male
113061,Joseph,Goldston,jgoldston6k@webmd.com,Male
107656,Charlean,Postgate,cpostgate6l@usda.gov,Female
108694,Jerrie,Songest,jsongest6m@soundcloud.com,Male
102914,Hally,Keeting,hkeeting6n@digg.com,Female
101642,Adey,Marzelli,amarzelli6o@php.net,Female
114176,Fredelia,Rasp,frasp6p@psu.edu,Female
109816,Bernetta,Hinken,bhinken6q@skyrock.com,Female
110875,Freedman,Labern,flabern6r@smugmug.com,Male
113696,Dorotea,Oby,doby6s@baidu.com,Female
114260,Karlens,Fawdrie,kfawdrie6t@storify.com,Male
113119,Far,Paoletti,fpaoletti6u@hc360.com,Male
102573,Brose,Buttler,bbuttler6v@squidoo.com,Male
102617,Karoly,Vittori,kvittori6w@ehow.com,Male
116565,Shari,Sheahan,ssheahan6x@cyberchimps.com,Female
103811,Justino,Rotherforth,jrotherforth6y@statcounter.com,Male
115182,Giordano,Gomby,ggomby6z@amazon.com,Male
104768,Waly,Stellino,wstellino70@dropbox.com,Female
114415,Abdul,Jelphs,ajelphs71@ebay.com,Male
119993,Sheridan,Partrick,spartrick72@jiathis.com,Male
102266,Rozalie,Fyfield,rfyfield73@github.io,Female
107367,Andy,Madgett,amadgett74@cornell.edu,Non-binary
106499,Ephrem,Brugman,ebrugman75@cyberchimps.com,Male
102174,Dreddy,Tottle,dtottle76@tripadvisor.com,Female
103540,Jayson,Baelde,jbaelde77@springer.com,Male
116550,Carolina,Jankovsky,cjankovsky78@google.cn,Female
119817,Maggy,Iskowicz,miskowicz79@loc.gov,Female
112051,Harv,Juris,hjuris7a@feedburner.com,Male
103232,Willy,d'Escoffier,wdescoffier7b@mashable.com,Non-binary
105386,Nappy,Bewsy,nbewsy7c@dagondesign.com,Bigender
108040,Karalee,Calvie,kcalvie7d@weebly.com,Female
111492,Hermon,Rosin,hrosin7e@psu.edu,Male
108764,Alica,Benterman,abenterman7f@exblog.jp,Female
110249,Quincey,Goncaves,qgoncaves7g@psu.edu,Male
109614,Hildegarde,Dunstan,hdunstan7h@cnet.com,Female
110029,Whittaker,Adenot,wadenot7i@icio.us,Male
112440,Celinda,Mussett,cmussett7j@gnu.org,Female
109714,Thalia,Weightman,tweightman7k@sourceforge.net,Female
112358,Jewell,Srutton,jsrutton7l@prnewswire.com,Female
104962,Eula,Yewdell,eyewdell7m@sitemeter.com,Female
117536,Carroll,Bernette,cbernette7n@xing.com,Male
118858,Vikky,Greader,vgreader7o@biblegateway.com,Female
112232,Gunter,Pulford,gpulford7p@zimbio.com,Male
113767,Kermit,Antonescu,kantonescu7q@clickbank.net,Male
119406,Tiler,MacAleese,tmacaleese7r@free.fr,Male
109308,Renee,Ruilton,rruilton7s@dedecms.com,Female
111242,Ag,Balazin,abalazin7t@printfriendly.com,Female
108363,Phyllys,Gloster,pgloster7u@nps.gov,Female
114647,Jacqueline,Openshaw,jopenshaw7v@nyu.edu,Female
102728,Marlin,Sinnott,msinnott7w@fotki.com,Male
117306,Hilda,Corbridge,hcorbridge7x@businesswire.com,Female
106653,Antoni,Beckles,abeckles7y@marketwatch.com,Male
102551,Lexine,Rosson,lrosson7z@microsoft.com,Agender
104063,Hetti,Leiden,hleiden80@examiner.com,Female
116551,Haroun,Laughlan,hlaughlan81@bloomberg.com,Male
106096,Calv,Stert,cstert82@howstuffworks.com,Male
107164,Odell,Trundell,otrundell83@reference.com,Male
119423,Koressa,Rizzo,krizzo84@telegraph.co.uk,Female
113836,Rhonda,Cobbledick,rcobbledick85@admin.ch,Bigender
106391,Web,Batstone,wbatstone86@hc360.com,Male
117950,Christoforo,Mulhall,cmulhall87@hubpages.com,Male
104111,Hyatt,Eagland,heagland88@mapy.cz,Male
110679,Pauletta,de Guerre,pdeguerre89@techcrunch.com,Female
113164,Idaline,Meldon,imeldon8a@yahoo.com,Female
107549,Sergio,Seres,sseres8b@ox.ac.uk,Male
110361,Antony,Silbermann,asilbermann8c@auda.org.au,Male
115748,Domenic,MacElharge,dmacelharge8d@bloomberg.com,Male
118725,Arte,Currell,acurrell8e@smh.com.au,Male
115504,Dino,Folker,dfolker8f@mail.ru,Agender
109547,Jeanelle,Enticknap,jenticknap8g@home.pl,Female
113986,Rudd,Salla,rsalla8h@usatoday.com,Male
105568,Katti,Huddles,khuddles8i@harvard.edu,Female
111036,Curtice,Snassell,csnassell8j@ask.com,Male
109894,Gloria,Wigfall,gwigfall8k@zdnet.com,Female
106308,Letisha,Kopta,lkopta8l@cdc.gov,Genderfluid
116060,Jody,Shuttleworth,jshuttleworth8m@tripadvisor.com,Female
117755,Arleta,Alsford,aalsford8n@exblog.jp,Female
108491,Lamond,Freund,lfreund8o@ask.com,Male
119296,Alfred,Eaklee,aeaklee8p@whitehouse.gov,Male
111252,Phelia,O'Geneay,pogeneay8q@vinaora.com,Female
118468,Marv,Norcliffe,mnorcliffe8r@reference.com,Male
117686,Tarra,Guerreru,tguerreru8s@umich.edu,Female
100902,Amalea,Cronin,acronin8t@oakley.com,Female
109036,Danika,Ferres,dferres8u@networksolutions.com,Female
112597,Erastus,Barens,ebarens8v@thetimes.co.uk,Male
108465,Benton,Ruddoch,bruddoch8w@amazon.de,Male
102590,Lesley,Holah,lholah8x@java.com,Polygender
105185,Reagen,Haggis,rhaggis8y@vk.com,Male
106620,Allyson,Lassetter,alassetter8z@bbb.org,Female
106174,Henry,Battlestone,hbattlestone90@elegantthemes.com,Male
116890,Eyde,Walenta,ewalenta91@addthis.com,Female
107546,Wilmer,Douglass,wdouglass92@prnewswire.com,Male
111484,Koren,Clutheram,kclutheram93@zimbio.com,Female
110546,Norby,Heams,nheams94@ft.com,Male
106992,Wake,McAlpin,wmcalpin95@mtv.com,Male
102569,Chrotoem,Indruch,cindruch96@upenn.edu,Male
102743,Jase,Kemmons,jkemmons97@ucoz.ru,Male
118991,Ward,Alwell,walwell98@techcrunch.com,Polygender
105650,Ossie,Dummigan,odummigan99@qq.com,Male
115191,Dacia,Gibbin,dgibbin9a@twitpic.com,Female
114069,Lizbeth,Ludewig,lludewig9b@berkeley.edu,Female
111509,Nelia,Shillabeare,nshillabeare9c@sciencedaily.com,Female
100989,Alix,Dudney,adudney9d@g.co,Female
109755,Lonee,Tripony,ltripony9e@networksolutions.com,Female
111439,Luce,Valentino,lvalentino9f@weebly.com,Female
117390,Eberhard,Gorthy,egorthy9g@usnews.com,Male
113187,Luise,Petrelluzzi,lpetrelluzzi9h@pcworld.com,Female
114549,Palmer,Pelling,ppelling9i@smugmug.com,Male
119466,Anissa,Pyburn,apyburn9j@twitpic.com,Female
105106,Rafaello,Abrahamian,rabrahamian9k@goo.ne.jp,Male
112107,Gallagher,Loughhead,gloughhead9l@economist.com,Genderqueer
118277,Holli,Coupman,hcoupman9m@usda.gov,Female
115860,Carlie,Dufour,cdufour9n@hexun.com,Agender
115696,Tynan,Halpeine,thalpeine9o@wufoo.com,Male
110219,Wildon,Arran,warran9p@geocities.jp,Male
100936,Starla,Gumm,sgumm9q@bloglovin.com,Female
118456,Tallie,Whyatt,twhyatt9r@marketwatch.com,Male
119376,Juliann,Yglesia,jyglesia9s@mlb.com,Female
116746,Rudyard,Goodoune,rgoodoune9t@blog.com,Male
104059,Jesse,Plevin,jplevin9u@comsenz.com,Genderfluid
113056,Mattie,Doree,mdoree9v@phpbb.com,Female
117078,Jere,Heskey,jheskey9w@prlog.org,Male
101850,Buckie,Beszant,bbeszant9x@accuweather.com,Male
109764,Westleigh,Catonne,wcatonne9y@bbc.co.uk,Non-binary
111853,Laureen,Januszewski,ljanuszewski9z@bing.com,Female
104919,Claudianus,Ungerecht,cungerechta0@wix.com,Male
117322,Faye,Frith,ffritha1@sohu.com,Female
105579,Gardie,Bransden,gbransdena2@ed.gov,Male
117318,Mordy,Roddick,mroddicka3@ftc.gov,Male
105934,Ileane,Fransemai,ifransemaia4@phpbb.com,Female
103714,Abner,Spriggin,aspriggina5@google.pl,Male
107772,Ulises,Proudman,uproudmana6@mozilla.com,Male
101500,Winnifred,Goodsall,wgoodsalla7@nationalgeographic.com,Female
111323,Janenna,Frackiewicz,jfrackiewicza8@weibo.com,Bigender
104080,Amandi,Fere,aferea9@ocn.ne.jp,Female
108471,Wynne,Musso,wmussoaa@cocolog-nifty.com,Female
102849,Devonne,Lytle,dlytleab@blogger.com,Female
110075,Towny,Rannells,trannellsac@soup.io,Male
106558,Lock,Abbay,labbayad@google.pl,Male
113667,Leoine,Acklands,lacklandsae@prweb.com,Female
104673,Libbey,Fenney,lfenneyaf@example.com,Female
112705,Alford,Crass,acrassag@japanpost.jp,Male
119978,Law,Whiteman,lwhitemanah@mac.com,Male
104925,Lanette,Rhubottom,lrhubottomai@surveymonkey.com,Female
105618,Eduino,Gossage,egossageaj@typepad.com,Male
116525,Koralle,Malamore,kmalamoreak@hhs.gov,Female
104436,Addie,Mulrean,amulreanal@google.co.jp,Male
100821,Kristyn,Bril,kbrilam@bloglovin.com,Female
118981,Marlo,Fley,mfleyan@cocolog-nifty.com,Female
111551,Avrom,Ovesen,aovesenao@lycos.com,Male
114509,Angie,Takle,atakleap@ft.com,Male
118784,Levi,Vasilchenko,lvasilchenkoaq@guardian.co.uk,Male
102423,Mollie,Jordison,mjordisonar@google.it,Female
114801,Angeline,Wansbury,awansburyas@sina.com.cn,Female
111667,Eimile,McKeller,emckellerat@jigsy.com,Female
104262,Jocelin,Rodrigo,jrodrigoau@lycos.com,Female
115246,Marlee,Wordley,mwordleyav@squidoo.com,Female
107919,Paolo,Slingsby,pslingsbyaw@foxnews.com,Male
109670,Berke,Hadye,bhadyeax@cornell.edu,Male
101193,Binnie,Goodnow,bgoodnoway@github.com,Female
112247,Sianna,O'Hallihane,sohallihaneaz@discuz.net,Female
103883,Dame,Bagg,dbaggb0@imdb.com,Genderfluid
117014,Izabel,Roscow,iroscowb1@flickr.com,Female
119976,Joachim,Castillon,jcastillonb2@sciencedirect.com,Male
118747,Harman,Klainman,hklainmanb3@utexas.edu,Male
106669,Shepard,Macellar,smacellarb4@mapquest.com,Male
114324,Krystyna,Carnegy,kcarnegyb5@devhub.com,Female
109856,Isabelle,Tembey,itembeyb6@ftc.gov,Female
104992,Sheela,Lackington,slackingtonb7@phpbb.com,Female
117181,Tasha,Allsop,tallsopb8@tiny.cc,Female
113189,Esdras,Schlagtmans,eschlagtmansb9@github.com,Male
114057,Dasha,Unworth,dunworthba@woothemes.com,Female
106651,Malia,Beagrie,mbeagriebb@independent.co.uk,Bigender
115010,Chucho,Heddy,cheddybc@4shared.com,Male
101296,Skippie,Belfrage,sbelfragebd@free.fr,Male
108469,Jehu,MacGaffey,jmacgaffeybe@com.com,Male
119911,Barrett,Janowicz,bjanowiczbf@feedburner.com,Male
102902,Osbert,Batchelour,obatchelourbg@businessweek.com,Male
119071,Domenic,Shackleford,dshacklefordbh@state.tx.us,Male
106073,Howie,Stokes,hstokesbi@cmu.edu,Male
102665,Rory,Master,rmasterbj@creativecommons.org,Agender
116659,Ernestus,Merrgen,emerrgenbk@bbc.co.uk,Male
102989,Elaina,Sepey,esepeybl@google.com.au,Female
103995,Berte,Berryman,bberrymanbm@sogou.com,Female
111442,Goddart,Dundendale,gdundendalebn@yolasite.com,Male
107468,Dulcine,Buntin,dbuntinbo@state.gov,Genderqueer
107307,Finlay,Caig,fcaigbp@huffingtonpost.com,Male
104432,Mario,Craske,mcraskebq@quantcast.com,Male
103751,Alfonso,Pinshon,apinshonbr@arstechnica.com,Male
112963,Knox,Pinniger,kpinnigerbs@symantec.com,Male
106044,Judie,Roskams,jroskamsbt@fastcompany.com,Female
119252,Danika,Dominicacci,ddominicaccibu@pcworld.com,Female
101406,Tracy,Blabie,tblabiebv@yahoo.co.jp,Genderqueer
113983,Hadlee,Fencott,hfencottbw@dropbox.com,Male
102524,Crystal,Goulborn,cgoulbornbx@loc.gov,Female
101480,Miner,Larman,mlarmanby@wikispaces.com,Male
109616,Bartlett,Brendeke,bbrendekebz@yolasite.com,Male
108659,Carma,Sindall,csindallc0@ucoz.com,Female
109809,Petronilla,Allsepp,pallseppc1@amazonaws.com,Female
103581,Davey,Pyrah,dpyrahc2@skyrock.com,Male
109979,Johanna,Yukhov,jyukhovc3@furl.net,Agender
101527,Fifi,Blomfield,fblomfieldc4@state.tx.us,Female
111926,Seumas,Carratt,scarrattc5@vinaora.com,Male
100630,Roanna,Nurse,rnursec6@ebay.co.uk,Female
110737,Nelly,Krienke,nkrienkec7@mapy.cz,Female
102982,Sashenka,Rizzillo,srizzilloc8@tinyurl.com,Female
103506,Cristie,McLenahan,cmclenahanc9@google.cn,Female
101620,Quinn,Doppler,qdopplerca@tamu.edu,Female
114016,Griswold,Bayldon,gbayldoncb@taobao.com,Male
114430,Sara,Escritt,sescrittcc@technorati.com,Female
119157,Marylou,Nulty,mnultycd@cnet.com,Polygender
115334,Stanleigh,Dunbobin,sdunbobince@netvibes.com,Male
119092,Franklin,Maxstead,fmaxsteadcf@reuters.com,Male
114058,Roby,Do,rdocg@slideshare.net,Female
108893,Freddie,Samuel,fsamuelch@reverbnation.com,Male
112800,Terrye,Gabby,tgabbyci@bluehost.com,Female
106435,Linnell,Malthouse,lmalthousecj@dion.ne.jp,Female
108065,Edouard,Daniello,edaniellock@digg.com,Male
106108,Ilise,Smurfit,ismurfitcl@odnoklassniki.ru,Female
117397,Tess,Sweed,tsweedcm@nih.gov,Female
119874,Benoit,Mingard,bmingardcn@shareasale.com,Male
101080,Stephana,Braddock,sbraddockco@cdc.gov,Female
107769,Margarette,Heddan,mheddancp@omniture.com,Female
107585,Jaclyn,Longland,jlonglandcq@over-blog.com,Female
115949,Rey,Leborgne,rleborgnecr@nsw.gov.au,Female
108564,Percy,Chettoe,pchettoecs@ustream.tv,Male
106447,Leupold,Metzig,lmetzigct@xing.com,Male
110552,Sloane,McPhate,smcphatecu@bluehost.com,Male
111779,Khalil,Reely,kreelycv@berkeley.edu,Genderqueer
107372,Bartholemy,Louw,blouwcw@ezinearticles.com,Male
104574,Brinna,Tebbitt,btebbittcx@simplemachines.org,Female
118139,Tristan,Casebourne,tcasebournecy@amazon.co.jp,Male
100512,Tadeas,Guise,tguisecz@yellowbook.com,Male
108117,Yves,Towell,ytowelld0@etsy.com,Male
109834,Egor,Crichton,ecrichtond1@psu.edu,Male
110543,Wyn,Leiden,wleidend2@bravesites.com,Male
119203,Elliott,Hance,ehanced3@exblog.jp,Male
106755,Brandyn,Leban,bleband4@businessweek.com,Male
104082,Toiboid,Gerrets,tgerretsd5@domainmarket.com,Male
115242,Maible,Duley,mduleyd6@ca.gov,Female
106796,Riobard,Josephi,rjosephid7@furl.net,Male
114349,Farrell,O'Keenan,fokeenand8@psu.edu,Male
107433,Jan,Lewendon,jlewendond9@yahoo.co.jp,Female
119686,Gabriello,Lightwood,glightwoodda@accuweather.com,Male
106728,Rowena,Paiton,rpaitondb@lycos.com,Agender
118046,Arlette,Guise,aguisedc@simplemachines.org,Female
117190,Skipp,Witherby,switherbydd@liveinternet.ru,Male
113570,Kendall,Swynfen,kswynfende@ihg.com,Male
114998,Miranda,Orsi,morsidf@unblog.fr,Female
118241,Olivette,Bowlas,obowlasdg@europa.eu,Female
117420,Demetria,Bardnam,dbardnamdh@friendfeed.com,Female
112328,Carling,Duffit,cduffitdi@goo.gl,Male
109971,Bastian,Greenstock,bgreenstockdj@spotify.com,Male
107551,Finley,Lenchenko,flenchenkodk@e-recht24.de,Male
100886,Tome,Foxwell,tfoxwelldl@apache.org,Male
106896,Gabriell,Maypole,gmaypoledm@over-blog.com,Female
107402,Barry,Loeber,bloeberdn@creativecommons.org,Male
112771,Brien,Greathead,bgreatheaddo@yandex.ru,Male
113153,Harriett,Genge,hgengedp@cam.ac.uk,Female
112144,Jerrold,Benedicte,jbenedictedq@usda.gov,Agender
111400,Davis,Josham,djoshamdr@technorati.com,Male
108377,Hermina,Bester,hbesterds@imdb.com,Female
108130,Carce,Corre,ccorredt@biblegateway.com,Male
112104,Abby,Forten,afortendu@fastcompany.com,Male
118642,Claudine,Ranscomb,cranscombdv@canalblog.com,Female
116731,Rutledge,Michiel,rmichieldw@creativecommons.org,Male
112656,Melva,Timpany,mtimpanydx@cpanel.net,Female
108330,Jewelle,Tinker,jtinkerdy@google.fr,Female
118520,Michelle,Aberdalgy,maberdalgydz@imdb.com,Female
117899,Quent,Abramchik,qabramchike0@noaa.gov,Male
107203,Abie,Straughan,astraughane1@tinyurl.com,Male
112727,Emalia,O'Kenny,eokennye2@nsw.gov.au,Female
109745,Meg,Gauchier,mgauchiere3@people.com.cn,Female
106120,Melisent,Spurway,mspurwaye4@goodreads.com,Female
105169,Jewelle,Waldrum,jwaldrume5@marketwatch.com,Non-binary
113137,Janeva,Kerley,jkerleye6@godaddy.com,Female
114680,Stanislas,Roadknight,sroadknighte7@un.org,Male
102626,Bobbi,Snasdell,bsnasdelle8@google.com,Female
101147,Jewell,Greensides,jgreensidese9@bigcartel.com,Female
100207,Aileen,Van Velden,avanveldenea@opera.com,Female
112437,Pru,Yuryatin,pyuryatineb@europa.eu,Female
105677,Trefor,Purnell,tpurnellec@dedecms.com,Male
115811,Sharleen,Burles,sburlesed@sbwire.com,Bigender
103367,Clerc,de Grey,cdegreyee@instagram.com,Male
115737,Joscelin,Lidgley,jlidgleyef@hubpages.com,Female
100322,Belita,Duffan,bduffaneg@ycombinator.com,Female
108880,Ravid,Kirkpatrick,rkirkpatrickeh@diigo.com,Male
102559,Wildon,Avramovich,wavramovichei@cisco.com,Male
103084,Brade,Jeannot,bjeannotej@bizjournals.com,Male
103373,Seana,Willshere,swillshereek@ifeng.com,Female
117266,Arie,Ivashnyov,aivashnyovel@businessinsider.com,Male
102577,Konstanze,Crosskell,kcrosskellem@blogs.com,Female
103448,Inglis,Wittke,iwittkeen@fastcompany.com,Male
117631,Terencio,Plaice,tplaiceeo@irs.gov,Non-binary
118882,Conway,Causbey,ccausbeyep@delicious.com,Male
100333,Claire,Trowill,ctrowilleq@wunderground.com,Polygender
112968,Jena,Soal,jsoaler@yolasite.com,Female
104147,Eldridge,Delyth,edelythes@free.fr,Male
119050,Adina,Brolan,abrolanet@ow.ly,Genderqueer
104274,Candace,Deeves,cdeeveseu@tuttocitta.it,Agender
101697,Quint,Gurden,qgurdenev@dagondesign.com,Male
106464,Carny,Foord,cfoordew@prweb.com,Male
105880,Stacee,Duly,sdulyex@house.gov,Female
100348,Nydia,Liddall,nliddalley@360.cn,Female
117083,Skipper,Guinn,sguinnez@guardian.co.uk,Male
105658,Hadria,Sparway,hsparwayf0@printfriendly.com,Female
116432,Marigold,Pebworth,mpebworthf1@dropbox.com,Female
119452,Marion,Carous,mcarousf2@mail.ru,Non-binary
106629,Noah,Annott,nannottf3@creativecommons.org,Male
108743,Cozmo,Sandels,csandelsf4@indiatimes.com,Male
107999,Hatti,Scobbie,hscobbief5@house.gov,Female
114013,Adella,Matelaitis,amatelaitisf6@bbc.co.uk,Female
118424,Rod,Peacop,rpeacopf7@behance.net,Male
100894,Riannon,Robjohns,rrobjohnsf8@foxnews.com,Female
110864,Timoteo,Cruwys,tcruwysf9@addtoany.com,Male
114743,Linette,Nichol,lnicholfa@rakuten.co.jp,Female
110707,Sawyer,Treagust,streagustfb@amazonaws.com,Agender
102631,Sharai,Edwardson,sedwardsonfc@homestead.com,Female
106011,Allard,Laite,alaitefd@pcworld.com,Male
116502,Reinold,Mattheeuw,rmattheeuwfe@diigo.com,Agender
114977,Rena,Bourgourd,rbourgourdff@walmart.com,Female
103052,Tann,Crassweller,tcrasswellerfg@arizona.edu,Male
107851,Yule,Tibbits,ytibbitsfh@theguardian.com,Male
119450,Alvie,Roston,arostonfi@cam.ac.uk,Male
107504,Kasper,Gogan,kgoganfj@w3.org,Male
118844,Joete,Thatcham,jthatchamfk@lulu.com,Female
107204,Morgan,Arntzen,marntzenfl@biglobe.ne.jp,Male
113089,Barty,Bingall,bbingallfm@twitpic.com,Male
106527,Anni,Daish,adaishfn@cam.ac.uk,Female
117511,Dan,Quirk,dquirkfo@usda.gov,Male
110484,Iggy,Eltune,ieltunefp@unblog.fr,Male
112678,Tuesday,Goult,tgoultfq@naver.com,Female
117236,Massimiliano,Urvoy,murvoyfr@home.pl,Male
100046,Nicole,Bastiman,nbastimanfs@gmpg.org,Female
101916,Nalani,MacAfee,nmacafeeft@unc.edu,Female
102012,Jerrylee,Hartigan,jhartiganfu@domainmarket.com,Female
109716,Locke,Mansion,lmansionfv@ebay.co.uk,Male
105957,Aloin,Cumming,acummingfw@linkedin.com,Male
116914,Jerry,Duncanson,jduncansonfx@dropbox.com,Female
103455,Katheryn,MacCague,kmaccaguefy@arizona.edu,Female
113703,Radcliffe,Plank,rplankfz@guardian.co.uk,Male
115699,Antonina,Fawley,afawleyg0@sitemeter.com,Female
112094,Sheilah,Doak,sdoakg1@economist.com,Female
105972,Analiese,Gatherell,agatherellg2@constantcontact.com,Female
116923,Nydia,Welbelove,nwelbeloveg3@ocn.ne.jp,Female
105394,Rand,Hucquart,rhucquartg4@timesonline.co.uk,Male
117255,Iormina,Chard,ichardg5@ameblo.jp,Female
112967,Gerald,Foch,gfochg6@go.com,Male
101614,Luz,Tallquist,ltallquistg7@artisteer.com,Female
111803,Olag,Gorick,ogorickg8@google.fr,Male
108818,Glynn,Ashurst,gashurstg9@oaic.gov.au,Male
112466,Bale,Salters,bsaltersga@bravesites.com,Male
112328,Lorne,Pride,lpridegb@example.com,Male
116463,Honoria,Tummond,htummondgc@samsung.com,Female
115641,Vasily,Geard,vgeardgd@vinaora.com,Male
101673,Dasie,Baumler,dbaumlerge@umich.edu,Female
104294,Pamela,Peret,pperetgf@ocn.ne.jp,Female
117194,Welby,Frugier,wfrugiergg@cocolog-nifty.com,Male
113198,Corrie,Mapowder,cmapowdergh@sina.com.cn,Female
108076,Randal,Fifoot,rfifootgi@msu.edu,Male
104080,Zak,McAllan,zmcallangj@netvibes.com,Genderfluid
106036,Elvin,Cornelleau,ecornelleaugk@tumblr.com,Male
109386,Teador,Alvarado,talvaradogl@slate.com,Agender
100848,Daron,Hegg,dhegggm@rediff.com,Female
119587,Currey,Rushmere,crushmeregn@accuweather.com,Male
106635,Katuscha,Cozens,kcozensgo@ft.com,Female
119860,Van,Tock,vtockgp@stumbleupon.com,Agender
110197,Nessy,Milksop,nmilksopgq@hibu.com,Female
102566,Guinevere,Rosendorf,grosendorfgr@flavors.me,Female
108021,Chariot,Creed,ccreedgs@stanford.edu,Male
108212,Freddie,Rops,fropsgt@rediff.com,Male
111242,Wallache,Wrotchford,wwrotchfordgu@businesswire.com,Male
112127,Thekla,Liley,tlileygv@sphinn.com,Female
117991,Juanita,Barford,jbarfordgw@163.com,Female
103190,Fredia,Rhubottom,frhubottomgx@businesswire.com,Female
108164,Lev,Eadmeads,leadmeadsgy@spotify.com,Male
114416,Margi,Gabey,mgabeygz@japanpost.jp,Genderqueer
105575,Sabina,Dudin,sdudinh0@cornell.edu,Female
100134,Lockwood,Rowlstone,lrowlstoneh1@devhub.com,Male
103605,Richmound,Szach,rszachh2@chicagotribune.com,Male
109606,Ulysses,Collinette,ucollinetteh3@vk.com,Polygender
118364,Sibilla,Burn,sburnh4@unc.edu,Female
117670,Fallon,Gedney,fgedneyh5@artisteer.com,Female
101968,Brandtr,Penhallurick,bpenhallurickh6@deliciousdays.com,Male
104578,Kane,Bredee,kbredeeh7@chron.com,Male
106158,Keane,Goldhawk,kgoldhawkh8@e-recht24.de,Male
107132,Corene,McEnteggart,cmcenteggarth9@vkontakte.ru,Female
105805,Alf,Schutt,aschuttha@unc.edu,Male
103698,Catherine,Szantho,cszanthohb@mapquest.com,Non-binary
100904,Nanon,Lanbertoni,nlanbertonihc@geocities.com,Female
119377,Lawry,Bohlje,lbohljehd@redcross.org,Male
110667,Haslett,Killimister,hkillimisterhe@buzzfeed.com,Male
113666,Cymbre,Kornyakov,ckornyakovhf@newyorker.com,Female
114234,Scotti,Rabl,srablhg@cdbaby.com,Male
103290,Minnaminnie,Greschik,mgreschikhh@howstuffworks.com,Polygender
105479,Vivianne,Charles,vcharleshi@mac.com,Female
113144,Diena,Kraut,dkrauthj@umich.edu,Female
119669,Ode,Hulatt,ohulatthk@scribd.com,Male
115561,Reade,Jaycocks,rjaycockshl@cloudflare.com,Non-binary
113172,Myrilla,Gulc,mgulchm@mtv.com,Female
114496,Kristopher,Wurst,kwursthn@pinterest.com,Male
100270,Faith,Griswood,fgriswoodho@clickbank.net,Female
107057,Daffie,Peace,dpeacehp@123-reg.co.uk,Female
104891,Toby,Buckell,tbuckellhq@sogou.com,Male
110666,Miguela,Schild,mschildhr@ehow.com,Female
105608,Massimiliano,Beevers,mbeevershs@smh.com.au,Male
110952,Tim,Sclanders,tsclandersht@weibo.com,Female
115427,Cleon,Wastie,cwastiehu@skype.com,Male
107789,Lyssa,Jupe,ljupehv@ustream.tv,Female
104914,Ulick,Roderham,uroderhamhw@google.com.au,Male
106776,Reginald,Dyet,rdyethx@privacy.gov.au,Male
108843,Dita,Wanka,dwankahy@360.cn,Female
101974,Logan,Nuth,lnuthhz@epa.gov,Male
109357,Evelyn,Backs,ebacksi0@drupal.org,Female
101763,Terese,Delgaty,tdelgatyi1@123-reg.co.uk,Bigender
100298,Merci,Joan,mjoani2@ocn.ne.jp,Female
110794,Elsey,Vidler,evidleri3@naver.com,Female
105298,Dillon,Covell,dcovelli4@gmpg.org,Male
103790,Klaus,Evetts,kevettsi5@e-recht24.de,Male
113217,Frants,Shawe,fshawei6@eventbrite.com,Male
115289,Elene,Dallin,edallini7@cafepress.com,Genderfluid
106524,Torry,Pyatt,tpyatti8@hibu.com,Male
110469,Anatole,Moxon,amoxoni9@xrea.com,Male
110517,Fonzie,Seamark,fseamarkia@washingtonpost.com,Male
100429,Lauralee,Jehan,ljehanib@usgs.gov,Polygender
118452,Ephraim,Olden,eoldenic@earthlink.net,Male
113408,Celestyna,Sugge,csuggeid@samsung.com,Female
116430,Meghan,Eadmeads,meadmeadsie@webnode.com,Female
109388,Matthew,Staner,mstanerif@dell.com,Male
105077,Lucille,Balharry,lbalharryig@mysql.com,Female
102662,Esther,Woolpert,ewoolpertih@vimeo.com,Female
105266,Kellby,Ingrem,kingremii@hp.com,Male
100994,Anthia,Fromant,afromantij@wunderground.com,Female
100132,Car,Alwood,calwoodik@fastcompany.com,Polygender
111851,Everard,O'Geneay,eogeneayil@nsw.gov.au,Male
116085,Bart,Sausman,bsausmanim@wikipedia.org,Male
119873,Borden,Yurivtsev,byurivtsevin@bloglovin.com,Male
108643,Patrizius,Headland,pheadlandio@people.com.cn,Male
110054,Kathlin,Manna,kmannaip@homestead.com,Female
108919,Dorrie,Peegrem,dpeegremiq@tiny.cc,Genderqueer
105253,Ham,Dowman,hdowmanir@xrea.com,Male
101683,Mayer,Plumptre,mplumptreis@so-net.ne.jp,Male
110016,Vidovik,Imlock,vimlockit@people.com.cn,Male
106805,Shay,Spadari,sspadariiu@amazon.co.jp,Male
111004,Katherine,O'Flaherty,koflahertyiv@histats.com,Female
103354,Darrell,Lusk,dluskiw@cnn.com,Male
109912,Kalil,Prescote,kprescoteix@unicef.org,Male
105716,Edd,Orbell,eorbelliy@go.com,Male
119239,Nikolas,Maly,nmalyiz@fc2.com,Male
107878,Deeann,Jeffers,djeffersj0@ted.com,Female
107826,Mead,Dwyr,mdwyrj1@plala.or.jp,Male
110663,Gray,Lots,glotsj2@utexas.edu,Female
111318,Diandra,Russe,drussej3@weebly.com,Female
114688,Rosemonde,Whibley,rwhibleyj4@mlb.com,Female
100503,Margarete,Egle,meglej5@php.net,Female
116588,Pete,Livoir,plivoirj6@mayoclinic.com,Male
118511,Clint,Ballintime,cballintimej7@meetup.com,Male
101533,Marcella,Goodridge,mgoodridgej8@deviantart.com,Female
118731,Rosina,Gammet,rgammetj9@ed.gov,Female
111277,Rubia,Lorie,rlorieja@seesaa.net,Female
104009,Allys,Perrygo,aperrygojb@disqus.com,Female
103928,Glennie,Blyde,gblydejc@aboutads.info,Female
100921,Linea,Terry,lterryjd@pbs.org,Female
118537,Erskine,Fancy,efancyje@kickstarter.com,Genderfluid
109562,Bonny,Harvatt,bharvattjf@ibm.com,Female
115707,Philly,Abad,pabadjg@merriam-webster.com,Female
116525,Craggy,Padson,cpadsonjh@ehow.com,Male
109034,Silvie,Royall,sroyallji@newsvine.com,Female
114345,Cilka,VanBrugh,cvanbrughjj@house.gov,Female
101404,Bernard,Scarffe,bscarffejk@ehow.com,Male
113127,Myrtia,Ficken,mfickenjl@themeforest.net,Female
111305,Rochelle,Pymar,rpymarjm@discuz.net,Female
119433,Denny,Guise,dguisejn@wufoo.com,Bigender
109939,Batsheva,Manwell,bmanwelljo@cbsnews.com,Female
100685,Glenine,Mc Carroll,gmccarrolljp@google.nl,Female
112698,Fitzgerald,Waggitt,fwaggittjq@multiply.com,Male
117879,Allard,Liquorish,aliquorishjr@wiley.com,Male
103233,Ivar,Bracknell,ibracknelljs@issuu.com,Male
107280,Maribeth,Seery,mseeryjt@bigcartel.com,Female
112054,Alejandrina,Dupoy,adupoyju@parallels.com,Female
114729,Katina,Swayland,kswaylandjv@issuu.com,Female
113932,Avril,Yanele,ayanelejw@google.ca,Female
119994,Paulette,Meads,pmeadsjx@de.vu,Female
109007,Gabby,Woolaston,gwoolastonjy@mapy.cz,Male
111655,Sven,Cornew,scornewjz@is.gd,Male
109248,Hillard,Gannicleff,hgannicleffk0@zimbio.com,Non-binary
104545,Jonas,Libri,jlibrik1@themeforest.net,Agender
105996,Hartley,Brundle,hbrundlek2@answers.com,Male
104192,Celle,Tremblot,ctremblotk3@google.it,Female
110001,Cristi,Ormes,cormesk4@cnbc.com,Female
113445,Jeannie,Algore,jalgorek5@symantec.com,Female
113899,Sloan,Holwell,sholwellk6@github.com,Male
105512,Davie,Kainz,dkainzk7@php.net,Male
111222,Killian,Fiorentino,kfiorentinok8@patch.com,Male
116710,Mandi,O'Currine,mocurrinek9@dell.com,Female
112414,Georgetta,Mahony,gmahonyka@qq.com,Female
116473,Tan,Cowcha,tcowchakb@list-manage.com,Bigender
104106,Roslyn,Braiden,rbraidenkc@telegraph.co.uk,Female
102139,Miner,Dummigan,mdummigankd@furl.net,Non-binary
103860,Sammy,Schonfeld,sschonfeldke@cbc.ca,Male
112854,Nickey,Coleridge,ncoleridgekf@usgs.gov,Male
100360,Riobard,Innes,rinneskg@freewebs.com,Male
104107,Hailee,Whiteland,hwhitelandkh@ifeng.com,Genderqueer
113112,Sawyer,Orwin,sorwinki@netvibes.com,Male
115336,Amberly,Godsafe,agodsafekj@parallels.com,Female
116284,Vonny,Murrow,vmurrowkk@amazon.co.jp,Female
117144,Roarke,Mc Curlye,rmccurlyekl@constantcontact.com,Male
104283,Cathlene,Fishleigh,cfishleighkm@ycombinator.com,Female
109101,Rock,Grayland,rgraylandkn@surveymonkey.com,Male
119811,Pincus,Tackett,ptackettko@last.fm,Male
107494,Merilee,Vittle,mvittlekp@chicagotribune.com,Female
104705,Sonia,Lindstedt,slindstedtkq@mit.edu,Female
112176,Caldwell,Gillford,cgillfordkr@last.fm,Male
100185,Marilee,Gomes,mgomesks@sohu.com,Genderfluid
110871,Aguie,Borsi,aborsikt@disqus.com,Male
113634,Spence,Bloxsom,sbloxsomku@cbslocal.com,Male
108696,Reid,Loveridge,rloveridgekv@yolasite.com,Male
102080,Paloma,Rodear,prodearkw@amazon.co.uk,Female
116122,Addie,Dishman,adishmankx@pinterest.com,Female
114867,Tammara,Southam,tsouthamky@timesonline.co.uk,Female
100396,Hannah,Jahnisch,hjahnischkz@nydailynews.com,Female
103464,Massimo,Delgadillo,mdelgadillol0@instagram.com,Male
111783,Christi,Marsie,cmarsiel1@chron.com,Genderqueer
101207,Alfred,Beincken,abeinckenl2@huffingtonpost.com,Male
118243,Brig,Kollaschek,bkollaschekl3@arstechnica.com,Male
119529,Elsie,Bending,ebendingl4@earthlink.net,Female
110314,Harper,Monan,hmonanl5@uiuc.edu,Male
117378,Gnni,Mersh,gmershl6@homestead.com,Female
103081,Eveleen,Adrien,eadrienl7@ucoz.com,Female
114861,Arthur,Baptista,abaptistal8@amazon.co.jp,Male
107007,Olwen,Rowson,orowsonl9@scribd.com,Female
101867,Felisha,Steward,fstewardla@shutterfly.com,Female
118362,Courtenay,Rollett,crollettlb@altervista.org,Female
103767,Vikky,Loveless,vlovelesslc@canalblog.com,Female
114657,Skylar,Joyes,sjoyesld@yandex.ru,Male
110221,Maxine,Mingasson,mmingassonle@sbwire.com,Non-binary
102652,Inger,Fitzsimmons,ifitzsimmonslf@pcworld.com,Male
104269,Mead,Moodycliffe,mmoodycliffelg@home.pl,Male
106116,Jake,Shevelin,jshevelinlh@newyorker.com,Male
100879,Elia,Balazs,ebalazsli@berkeley.edu,Male
102720,Coleman,Eales,cealeslj@wisc.edu,Male
105732,Brandtr,Weond,bweondlk@google.pl,Male
109074,Antonia,Skeemer,askeemerll@yale.edu,Female
103989,Byram,Beddon,bbeddonlm@senate.gov,Male
107066,Leda,Ramalhete,lramalheteln@usa.gov,Female
109433,Alwyn,Shane,ashanelo@e-recht24.de,Male
119904,Jermain,Trolley,jtrolleylp@upenn.edu,Male
116408,Rosabelle,Probey,rprobeylq@elegantthemes.com,Genderqueer
105464,Keslie,Jillings,kjillingslr@usda.gov,Female
117637,Doro,Sides,dsidesls@mashable.com,Female
119746,Heddi,Farres,hfarreslt@parallels.com,Female
102544,Craggie,Boughtwood,cboughtwoodlu@sun.com,Male
117166,Marigold,Boulter,mboulterlv@usa.gov,Female
108251,Ky,Strank,kstranklw@wunderground.com,Male
110832,Ericka,Kennon,ekennonlx@hp.com,Female
115067,Son,Gouth,sgouthly@desdev.cn,Male
115397,Tilda,Plowell,tplowelllz@state.tx.us,Female
116145,Morly,Clulow,mclulowm0@oakley.com,Male
111455,Sissie,Urlin,surlinm1@discuz.net,Female
112774,Sheeree,Found,sfoundm2@intel.com,Female
108206,Blair,Finnigan,bfinniganm3@plala.or.jp,Male
110037,Ravid,Christoffe,rchristoffem4@psu.edu,Male
102199,Blondell,Liveing,bliveingm5@twitpic.com,Polygender
107352,Riva,Grayshon,rgrayshonm6@bandcamp.com,Female
108903,Wilek,Fewkes,wfewkesm7@uol.com.br,Male
105432,Claiborn,Dymond,cdymondm8@jimdo.com,Male
119488,Kassia,Cavaney,kcavaneym9@sina.com.cn,Non-binary
101541,Padraig,Alliband,pallibandma@google.it,Male
101543,Torre,Axford,taxfordmb@mac.com,Male
119560,Saraann,Bullivent,sbulliventmc@qq.com,Female
107329,Townsend,Fowden,tfowdenmd@dmoz.org,Male
113809,Fawnia,Liccardi,fliccardime@sbwire.com,Female
114359,Jarrad,Losel,jloselmf@squidoo.com,Male
117915,Maris,Brocklebank,mbrocklebankmg@admin.ch,Female
112937,Cornelius,Muriel,cmurielmh@freewebs.com,Male
106653,Hart,Cavy,hcavymi@nymag.com,Male
113235,Zaccaria,Dono,zdonomj@uiuc.edu,Polygender
118957,Meryl,Ghirigori,mghirigorimk@w3.org,Female
105506,Michale,Gianetti,mgianettiml@skyrock.com,Male
116741,Caesar,Smee,csmeemm@google.com,Male
109239,Idalia,Witten,iwittenmn@stanford.edu,Female
114664,Glenine,Hartropp,ghartroppmo@github.io,Female
116168,Dominic,Franzettoini,dfranzettoinimp@dyndns.org,Male
102967,Geri,Giffon,ggiffonmq@barnesandnoble.com,Female
119765,Erda,D'Onisi,edonisimr@rakuten.co.jp,Female
117936,Terese,Heak,theakms@canalblog.com,Female
103683,Dollie,Fawson,dfawsonmt@g.co,Female
113353,Calley,Mayer,cmayermu@utexas.edu,Female
119205,Kym,Dodimead,kdodimeadmv@constantcontact.com,Female
104943,Brandais,Camelli,bcamellimw@sciencedirect.com,Female
110276,Glenna,Bartosch,gbartoschmx@tmall.com,Female
115270,Nataniel,MacCourt,nmaccourtmy@technorati.com,Male
117721,Daryle,Gilchriest,dgilchriestmz@lulu.com,Male
119279,Anton,Angrave,aangraven0@vk.com,Male
101667,Rani,Batchelor,rbatchelorn1@disqus.com,Agender
105588,Ardyth,Braybrooke,abraybrooken2@exblog.jp,Female
114785,Nikolos,Merrikin,nmerrikinn3@google.fr,Genderqueer
118013,Graehme,Crambie,gcrambien4@home.pl,Male
114428,Inna,Warhurst,iwarhurstn5@mashable.com,Female
116473,Chickie,Dunnan,cdunnann6@google.fr,Male
119845,Rourke,Hemeret,rhemeretn7@quantcast.com,Male
100764,Bradney,Hurworth,bhurworthn8@sciencedirect.com,Male
116488,Katherina,Moehler,kmoehlern9@sciencedirect.com,Female
106050,Henka,Redmain,hredmainna@mtv.com,Female
103839,Blake,Giblin,bgiblinnb@blog.com,Female
108594,Cosette,Shilton,cshiltonnc@blogs.com,Female
119067,Nita,Averall,naverallnd@mayoclinic.com,Female
103535,Alexio,Izaks,aizaksne@opera.com,Male
106065,Theodoric,Ackery,tackerynf@vinaora.com,Male
109752,Base,Pensom,bpensomng@examiner.com,Male
102850,Tera,Kyrkeman,tkyrkemannh@dropbox.com,Female
101998,Jyoti,Morena,jmorenani@apple.com,Female
111965,Angel,Tukesby,atukesbynj@latimes.com,Female
109719,Stafani,Kirkham,skirkhamnk@google.com,Female
115856,Blinni,Prewett,bprewettnl@berkeley.edu,Female
108642,Ryley,Wrist,rwristnm@harvard.edu,Male
106403,Igor,Kringe,ikringenn@hc360.com,Male
115986,Eddie,Bohlje,ebohljeno@surveymonkey.com,Male
108797,Warden,Zamorano,wzamoranonp@studiopress.com,Male
106392,Isabella,Procter,iprocternq@blogs.com,Bigender
102028,Pietro,Aust,paustnr@cyberchimps.com,Male
109309,Celia,Pock,cpockns@wufoo.com,Female
108767,Charlena,Fallon,cfallonnt@google.co.jp,Female
101224,Kris,Benit,kbenitnu@cnn.com,Female
115200,Mufinella,Wheldon,mwheldonnv@opensource.org,Female
107986,Alvie,Meddings,ameddingsnw@deliciousdays.com,Male
113303,Carolyne,Grece,cgrecenx@illinois.edu,Female
106759,Kalli,Antunes,kantunesny@topsy.com,Female
100547,Nathan,Pregel,npregelnz@seesaa.net,Male
106651,Maurits,Wastie,mwastieo0@aol.com,Male
110149,Lark,Eliot,lelioto1@behance.net,Female
108527,Roman,Kidstone,rkidstoneo2@apple.com,Male
113189,Sallyann,Skillern,sskillerno3@wordpress.com,Female
118610,Kylie,Bellam,kbellamo4@cbsnews.com,Male
107551,Seward,Dorn,sdorno5@bloglines.com,Male
107216,Bealle,Adlard,badlardo6@vimeo.com,Bigender
103939,Tessie,Warkup,twarkupo7@census.gov,Female
116217,Brenn,Cayette,bcayetteo8@list-manage.com,Female
119535,Brooke,Kairns,bkairnso9@un.org,Male
116967,Rog,ducarme,rducarmeoa@webnode.com,Non-binary
108464,Mack,Castrillo,mcastrilloob@ox.ac.uk,Male
104884,Kassi,Grogan,kgroganoc@craigslist.org,Genderfluid
105705,Nestor,Malzard,nmalzardod@prnewswire.com,Male
105147,Chuck,Emons,cemonsoe@who.int,Male
111251,Katti,Medcalfe,kmedcalfeof@shareasale.com,Female
119190,Tobey,Huyge,thuygeog@nps.gov,Female
109610,Lyon,Vinter,lvinteroh@xing.com,Male
107083,Eduard,Dubock,edubockoi@eventbrite.com,Male
112822,Keelby,Bielfelt,kbielfeltoj@home.pl,Bigender
100587,Eva,Judkin,ejudkinok@freewebs.com,Female
110098,Bail,McCullagh,bmccullaghol@squidoo.com,Male
117787,Becki,Counter,bcounterom@sfgate.com,Female
100746,Emilee,Allright,eallrighton@altervista.org,Female
108996,Sawyer,Stening,ssteningoo@eepurl.com,Male
112991,Ramsey,Mundall,rmundallop@ted.com,Male
119036,Linda,Iacovielli,liacoviellioq@europa.eu,Female
105687,Rick,Hartzogs,rhartzogsor@google.com.au,Male
108737,Kilian,Spottiswood,kspottiswoodos@lulu.com,Male
117689,Salim,Degenhardt,sdegenhardtot@mashable.com,Genderqueer
100337,Abdel,Cicculini,acicculiniou@cpanel.net,Male
114283,Clem,Raccio,craccioov@gizmodo.com,Male
103353,Sanders,Lints,slintsow@hud.gov,Male
105222,Wyatt,Hurdis,whurdisox@ucsd.edu,Male
108148,Tania,Vinten,tvintenoy@privacy.gov.au,Female
111806,Darrin,Ramel,drameloz@alexa.com,Male
110139,Thorin,Muncaster,tmuncasterp0@imgur.com,Male
119365,Waring,Lewinton,wlewintonp1@ibm.com,Male
103774,Darlleen,Frearson,dfrearsonp2@netvibes.com,Female
102611,Lorenzo,Laugherane,llaugheranep3@cafepress.com,Male
111583,Benjy,Sparshutt,bsparshuttp4@wiley.com,Male
113429,Enos,Dunkinson,edunkinsonp5@yellowbook.com,Male
103039,Loreen,Knaggs,lknaggsp6@live.com,Female
107566,Claudetta,Losel,closelp7@wordpress.com,Female
104001,Sadye,Ekell,sekellp8@skyrock.com,Female
103022,Rebekah,Hane,rhanep9@google.fr,Female
111814,Claiborne,Joesbury,cjoesburypa@google.cn,Male
101600,Melesa,Barus,mbaruspb@prnewswire.com,Female
107145,Tallie,Amdohr,tamdohrpc@imdb.com,Female
109651,Alric,Daulton,adaultonpd@pbs.org,Male
112358,Fabiano,Punch,fpunchpe@ca.gov,Male
113863,Si,Garrie,sgarriepf@paypal.com,Genderfluid
119056,Elmore,Goeff,egoeffpg@walmart.com,Male
108732,Neville,Bountiff,nbountiffph@zimbio.com,Male
118321,Orson,Boldry,oboldrypi@github.io,Male
106382,Charlton,Jermyn,cjermynpj@apple.com,Agender
111527,Ephrem,Hammarberg,ehammarbergpk@sourceforge.net,Male
118641,Nicki,Beacock,nbeacockpl@rakuten.co.jp,Female
116434,Hansiain,Agates,hagatespm@xrea.com,Male
102666,Gabi,Tremoille,gtremoillepn@constantcontact.com,Male
117740,Marcellina,Crowdace,mcrowdacepo@statcounter.com,Female
117481,Huberto,Riggert,hriggertpp@w3.org,Male
105518,Base,Pelman,bpelmanpq@lycos.com,Male
102321,Rollo,Phippard,rphippardpr@virginia.edu,Male
105891,Lory,Olner,lolnerps@java.com,Female
100241,Idaline,Marcum,imarcumpt@wp.com,Female
113590,Sigmund,Anglish,sanglishpu@army.mil,Male
116012,Karlotta,Fowlestone,kfowlestonepv@google.it,Bigender
113827,Hervey,Mulqueeny,hmulqueenypw@ow.ly,Male
119538,Trefor,Domingues,tdominguespx@columbia.edu,Male
103483,Leyla,Ewan,lewanpy@wikia.com,Female
114113,Burtie,Pringle,bpringlepz@intel.com,Male
114789,Cody,Blaby,cblabyq0@sfgate.com,Female
110245,Jilleen,Scurrer,jscurrerq1@mail.ru,Female
105172,Kayle,Bockett,kbockettq2@nature.com,Female
116164,Vergil,Lum,vlumq3@seesaa.net,Male
109427,Sheppard,Asche,sascheq4@twitter.com,Non-binary
118241,Reinald,Orgee,rorgeeq5@ftc.gov,Male
119546,Arlan,Keeney,akeeneyq6@army.mil,Male
105882,Corny,Woolrich,cwoolrichq7@opera.com,Female
114309,Arne,Soeiro,asoeiroq8@paypal.com,Male
116895,Timothea,Belshaw,tbelshawq9@altervista.org,Female
112231,Galvan,Eydel,geydelqa@is.gd,Male
114535,Cathlene,Ricardou,cricardouqb@yolasite.com,Female
106797,Winfred,Vaudin,wvaudinqc@qq.com,Male
115159,Aube,Lippitt,alippittqd@twitpic.com,Male
119945,Duky,Cundict,dcundictqe@npr.org,Agender
103105,Sullivan,Byrd,sbyrdqf@hubpages.com,Male
110028,Juliann,Faire,jfaireqg@ca.gov,Female
103085,Jeannine,Danbye,jdanbyeqh@wikia.com,Female
108935,Vincenz,Fransman,vfransmanqi@state.gov,Male
102114,Lanna,Relton,lreltonqj@issuu.com,Female
109526,Jada,Pethybridge,jpethybridgeqk@amazon.com,Polygender
104486,Wilma,Rivenzon,wrivenzonql@diigo.com,Female
115104,Ricky,Mundell,rmundellqm@omniture.com,Male
113177,Caron,Vallentin,cvallentinqn@unesco.org,Female
104330,Gwynne,Cullabine,gcullabineqo@house.gov,Female
107466,Barrie,Airton,bairtonqp@dot.gov,Male
117084,Reyna,Becaris,rbecarisqq@unesco.org,Female
102301,Heinrick,Luscott,hluscottqr@alibaba.com,Male
115413,Russell,Dufty,rduftyqs@phpbb.com,Male
113457,Adele,Geram,ageramqt@ted.com,Female
118176,Ailina,Kempstone,akempstonequ@qq.com,Female
108355,Aileen,Romi,aromiqv@senate.gov,Female
111835,Ora,Pastor,opastorqw@china.com.cn,Female
113929,Janie,St. Quintin,jstquintinqx@msu.edu,Female
108175,Horatius,Trouel,htrouelqy@europa.eu,Male
102597,Javier,Diplock,jdiplockqz@typepad.com,Male
114657,Minnie,Davidsen,mdavidsenr0@digg.com,Female
102244,Ky,Rudram,krudramr1@weather.com,Male
116664,Ebenezer,Litchmore,elitchmorer2@howstuffworks.com,Male
109046,Darby,Mityashin,dmityashinr3@meetup.com,Male
108886,Austen,Dennis,adennisr4@diigo.com,Male
106144,Shir,Sked,sskedr5@a8.net,Female
102093,Emili,Gudger,egudgerr6@umn.edu,Female
117960,Dorette,Gilberthorpe,dgilberthorper7@fc2.com,Female
101639,Alano,Bracci,abraccir8@nasa.gov,Male
118650,Sallie,Brimmicombe,sbrimmicomber9@samsung.com,Female
113317,Darrelle,Lennarde,dlennardera@google.com.au,Female
118611,Kynthia,Atlee,katleerb@oracle.com,Female
102705,Torey,Bernardon,tbernardonrc@liveinternet.ru,Female
113720,Darrell,Kleinhaut,dkleinhautrd@alexa.com,Male
111863,Edsel,Hince,ehincere@msn.com,Male
111891,Mabel,Rolph,mrolphrf@feedburner.com,Female
119645,Costanza,Cluse,ccluserg@icq.com,Female
102059,Adina,Lettice,aletticerh@nasa.gov,Female
102446,Barthel,Zanneli,bzanneliri@youtu.be,Agender
112895,Bent,Mannering,bmanneringrj@dropbox.com,Male
114308,Victor,Sisneros,vsisnerosrk@loc.gov,Male
116688,Boris,Wicklen,bwicklenrl@europa.eu,Male
105783,Cecilius,Coulling,ccoullingrm@state.gov,Male
103084,Far,Walling,fwallingrn@irs.gov,Male
111598,Baxy,Jenne,bjennero@patch.com,Male
119731,Carolan,Simons,csimonsrp@ask.com,Female
101960,Keelia,Vanyatin,kvanyatinrq@wix.com,Female
109928,Giavani,Van Hesteren,gvanhesterenrr@aol.com,Male
