agent_id,first_name,last_name,age,email,country,postal_code,favorite_color,hire_date,sales_volume
1,Kaja,Franckton,21,kfranckton0@columbia.edu,France,92004 CEDEX,blue,5/19/2010,527783.43
2,Marya,Emes,36,memes1@ifeng.com,France,94685 CEDEX,blue,10/14/2018,755884.83
3,Karina,Herreros,59,kherreros2@pen.io,United States,62705,green,1/31/2013,45767.46
4,Jolie,Morgue,52,jmorgue3@jiathis.com,France,79021 CEDEX,green,9/12/2016,935532.34
5,Godfrey,Frise,57,gfrise4@harvard.edu,United States,88574,red,9/4/2022,57543.78
6,Giselle,Routley,28,groutley5@multiply.com,United States,37416,red,11/13/2014,936124.79
7,Grace,Pawlyn,52,gpawlyn6@springer.com,France,33801 CEDEX,blue,5/29/2018,757530.0
8,Glory,Taggart,50,gtaggart7@blogs.com,France,93154 CEDEX,red,11/19/2018,927644.82
9,Kimmi,Rime,22,krime8@ucsd.edu,France,34032 CEDEX 1,green,7/5/2013,161524.02
10,Kalvin,Blindt,35,kblindt9@cnbc.com,France,75509 CEDEX 15,blue,11/10/2011,488281.73
11,Retha,Dmiterko,23,rdmiterkoa@so-net.ne.jp,Mexico,88815,blue,6/29/2022,545904.94
12,Bogey,Aimeric,32,baimericb@wordpress.com,France,78379 CEDEX,red,12/12/2016,22269.71
13,Jaquelyn,Abrahamovitz,56,jabrahamovitzc@harvard.edu,France,36019 CEDEX,red,3/6/2011,295576.88
14,Micky,Monksfield,53,mmonksfieldd@dagondesign.com,France,57509 CEDEX,blue,6/4/2010,524553.16
15,Giacinta,Groome,55,ggroomee@indiegogo.com,United States,19146,red,5/14/2013,711126.26
16,Ari,Stain,21,astainf@rambler.ru,France,29563 CEDEX 9,red,10/2/2013,363770.18
17,Denys,Sandercroft,30,dsandercroftg@flickr.com,France,92864 CEDEX 9,red,7/1/2013,134412.52
18,Antons,Fitzackerley,47,afitzackerleyh@mail.ru,Mexico,93816,blue,2/18/2015,689177.14
19,Kaleena,Wetherick,27,kwethericki@mapquest.com,France,88020 CEDEX,blue,10/6/2010,270806.2
20,Valentijn,Capewell,64,vcapewellj@rediff.com,Canada,H9S,blue,9/6/2017,277082.16
21,Matthieu,Overpool,53,moverpoolk@php.net,United States,93094,blue,11/2/2018,935066.46
22,Conrado,Paolozzi,44,cpaolozzil@elegantthemes.com,Canada,H9X,blue,9/7/2012,197213.99
23,Sallyann,Poston,64,spostonm@google.de,France,57052 CEDEX 02,blue,5/3/2016,472794.39
24,Aloisia,Clemon,38,aclemonn@tmall.com,United States,55108,blue,10/19/2016,283237.81
25,Locke,Gilby,55,lgilbyo@china.com.cn,France,56504 CEDEX,green,9/10/2014,641937.63
26,Viviana,Whaplington,23,vwhaplingtonp@ezinearticles.com,Canada,G3Z,blue,1/17/2014,258405.94
27,Way,Sudell,46,wsudellq@ifeng.com,United Kingdom,AB56,red,3/6/2015,951308.34
28,Skip,Loynton,24,sloyntonr@slideshare.net,United States,76178,red,11/4/2016,508342.71
29,Bertrando,Broadbear,23,bbroadbears@liveinternet.ru,France,56902 CEDEX 9,blue,2/16/2018,876297.62
30,Anna-diana,Gilders,41,agilderst@latimes.com,Canada,B0K,blue,12/8/2014,951373.31
31,Stoddard,Gianninotti,26,sgianninottiu@qq.com,France,69239 CEDEX 02,blue,10/17/2010,298924.54
32,Heather,Mullany,54,hmullanyv@g.co,United States,90040,blue,6/28/2021,181870.05
33,Alain,Ivic,57,aivicw@archive.org,United States,44185,red,11/30/2018,710854.06
34,Druci,Dawkes,58,ddawkesx@umich.edu,United Kingdom,BD23,red,12/4/2011,68465.82
35,Davine,Marrison,29,dmarrisony@telegraph.co.uk,France,94593 CEDEX 2,blue,3/1/2022,144199.44
36,Daisi,Adamkiewicz,58,dadamkiewiczz@pcworld.com,Mexico,47253,red,6/25/2013,838165.58
37,Esdras,Mee,41,emee10@ed.gov,Canada,G7K,blue,10/20/2011,539615.65
38,Bret,Horley,50,bhorley11@forbes.com,France,33733 CEDEX 9,red,7/15/2010,795974.84
39,Waite,MacCarlich,53,wmaccarlich12@wired.com,United Kingdom,KW10,red,11/7/2016,555080.21
40,Sidney,Jinkin,59,sjinkin13@japanpost.jp,Mexico,37861,red,12/8/2014,82307.79
41,Danyelle,Cornewell,65,dcornewell14@cnbc.com,France,44307 CEDEX 3,green,5/2/2016,179008.79
42,Marylou,Spoward,41,mspoward15@jugem.jp,Mexico,31210,red,12/4/2019,218222.71
43,Vale,Irons,46,virons16@yahoo.com,United States,30245,blue,10/13/2013,695074.47
44,Helga,Vinsen,21,hvinsen17@wired.com,United States,45264,green,8/20/2010,183554.46
45,Maje,Tagg,37,mtagg18@bloomberg.com,France,13245 CEDEX 04,red,3/4/2017,374253.35
46,Lacey,Chastanet,34,lchastanet19@newsvine.com,France,60618 CEDEX,red,4/16/2018,842557.85
47,Willdon,Edgcombe,58,wedgcombe1a@java.com,France,67961 CEDEX 9,green,4/12/2016,942267.33
48,Arvy,Dahlen,57,adahlen1b@seattletimes.com,United States,32605,green,10/5/2010,644577.41
49,Quinn,Gavaran,49,qgavaran1c@virginia.edu,France,69519 CEDEX,blue,7/23/2019,178569.03
50,Danya,Membry,49,dmembry1d@jimdo.com,United States,85099,green,8/23/2013,36043.39
51,Ashly,Duprey,62,aduprey1e@constantcontact.com,United States,20575,red,11/11/2022,176263.64
52,Egbert,Grinsdale,28,egrinsdale1f@yahoo.co.jp,France,73209 CEDEX,red,7/27/2021,912205.86
53,Connie,Janousek,64,cjanousek1g@usatoday.com,France,39304 CEDEX,blue,7/9/2022,438486.47
54,Marcello,Swaysland,22,mswaysland1h@blogtalkradio.com,Mexico,54455,green,6/30/2017,961682.1
55,Stephannie,Atkinson,64,satkinson1i@goo.ne.jp,France,33801 CEDEX,green,7/23/2022,938273.31
56,Traci,Di Biaggi,56,tdibiaggi1j@google.fr,France,38293 CEDEX,blue,12/3/2014,286921.04
57,Loy,Steljes,65,lsteljes1k@indiegogo.com,Canada,M3N,green,6/14/2016,334731.67
58,Andonis,Olenchenko,56,aolenchenko1l@chronoengine.com,Canada,M2N,blue,7/6/2011,850799.95
59,Yolanthe,Heyworth,65,yheyworth1m@nature.com,Canada,V7Y,green,9/13/2022,7362.18
60,Jocko,Sharphurst,51,jsharphurst1n@simplemachines.org,Mexico,47203,blue,10/4/2016,326914.47
61,Sherilyn,Fitzgerald,19,sfitzgerald1o@csmonitor.com,United States,31914,red,12/28/2021,801362.16
62,Fritz,Ravillas,41,fravillas1p@cisco.com,Canada,T9S,blue,12/9/2012,821184.44
63,Gabie,Hoff,19,ghoff1q@pinterest.com,France,39409 CEDEX,blue,10/13/2020,165370.36
64,Lambert,Dimeloe,51,ldimeloe1r@nba.com,United States,77493,red,6/5/2010,188438.66
65,Gallard,Quarless,47,gquarless1s@macromedia.com,United States,85215,blue,4/18/2011,70368.65
66,Calhoun,Timpany,64,ctimpany1t@ted.com,France,69794 CEDEX,blue,11/30/2012,119803.68
67,Bryanty,Pezey,41,bpezey1u@bing.com,Germany,35687,blue,7/23/2014,893633.58
68,Brigitta,Hauger,18,bhauger1v@nyu.edu,France,85923 CEDEX 9,blue,12/24/2012,467869.88
69,Renaldo,Nunn,61,rnunn1w@narod.ru,France,89102 CEDEX,green,3/13/2019,213250.53
70,Angelo,Wotton,24,awotton1x@vistaprint.com,Mexico,92440,green,9/21/2011,159983.25
71,Umeko,Spofforth,30,uspofforth1y@blinklist.com,Canada,E4S,green,7/17/2021,11190.65
72,Tedie,Gerbl,22,tgerbl1z@weibo.com,United Kingdom,S1,green,3/10/2017,985530.75
73,Adams,Cowlard,20,acowlard20@aol.com,Canada,J0N,blue,11/20/2022,203378.98
74,Ivy,Gullivan,51,igullivan21@themeforest.net,Canada,V9A,green,5/19/2012,489486.49
75,Erhard,Brownlie,53,ebrownlie22@mozilla.org,France,72004 CEDEX 1,red,2/6/2010,866227.34
76,Tull,Hlavecek,54,thlavecek23@mashable.com,France,69281 CEDEX 01,red,11/7/2022,739063.3
77,Maxim,Matushevich,57,mmatushevich24@nationalgeographic.com,Canada,N2R,red,12/20/2014,153701.46
78,Salvidor,Burston,60,sburston25@slate.com,France,62004 CEDEX,red,10/26/2017,20275.42
79,Gawen,Waugh,49,gwaugh26@vinaora.com,France,51012 CEDEX,red,5/1/2016,35121.54
80,Bent,D'Adamo,36,bdadamo27@springer.com,France,79099 CEDEX 9,blue,9/23/2022,894197.1
81,Lilas,Hearnes,57,lhearnes28@jimdo.com,Germany,50935,green,12/30/2021,249176.28
82,Ramsey,Marrow,26,rmarrow29@google.com.au,United States,79105,green,11/20/2018,935667.72
83,Lenci,McGuirk,21,lmcguirk2a@cnbc.com,France,77050 CEDEX,blue,9/5/2021,447827.62
84,Erika,Tatlow,49,etatlow2b@reuters.com,France,94804 CEDEX,red,2/24/2018,300853.69
85,Delmore,Kopec,38,dkopec2c@123-reg.co.uk,Germany,53129,blue,9/7/2012,911134.47
86,Arabele,Hicklingbottom,46,ahicklingbottom2d@eventbrite.com,Mexico,87024,blue,9/20/2016,428021.66
87,Jaquelin,Boddymead,33,jboddymead2e@wix.com,France,13399 CEDEX 05,green,6/8/2017,622833.59
88,Tallia,Offer,47,toffer2f@un.org,Mexico,58910,blue,2/10/2016,788303.94
89,Datha,Moran,38,dmoran2g@yellowpages.com,France,75837 CEDEX 17,green,11/9/2011,763499.24
90,Heidi,Todari,53,htodari2h@illinois.edu,United States,93591,green,9/18/2012,114890.94
91,Benedick,Blumer,59,bblumer2i@gravatar.com,United States,30130,red,3/8/2021,843258.15
92,Elizabet,Starkie,63,estarkie2j@economist.com,United States,95813,red,4/20/2021,450639.3
93,Harlene,Hearson,22,hhearson2k@csmonitor.com,United States,95818,red,8/29/2016,737124.18
94,Nadean,Makeswell,64,nmakeswell2l@marriott.com,France,91129 CEDEX,red,8/12/2015,116496.34
95,Lauretta,Bascombe,37,lbascombe2m@home.pl,Mexico,37800,green,10/19/2013,229241.86
96,Idaline,Yerrall,35,iyerrall2n@imdb.com,France,92169 CEDEX,red,4/24/2014,809487.28
97,Danielle,Shropsheir,33,dshropsheir2o@reverbnation.com,United States,06520,green,7/11/2018,102764.7
98,Fidela,MacAne,31,fmacane2p@virginia.edu,United States,77234,red,12/7/2015,315437.55
99,Dimitri,Langstrath,65,dlangstrath2q@cdc.gov,France,36019 CEDEX,red,3/22/2012,278936.46
100,Arline,Fouracre,35,afouracre2r@patch.com,Mexico,93228,red,11/13/2015,794449.55
101,Kelvin,Orneblow,22,korneblow2s@statcounter.com,Mexico,35180,blue,12/24/2011,853931.23
102,Karisa,Parmenter,63,kparmenter2t@networkadvertising.org,France,76124 CEDEX,blue,2/25/2017,32079.58
103,Cynthia,Lodo,60,clodo2u@tripod.com,Canada,M1M,red,5/27/2012,21403.5
104,Torry,Saipy,51,tsaipy2v@springer.com,Canada,V4W,red,8/26/2015,86797.97
105,Davy,Dalyiel,27,ddalyiel2w@purevolume.com,France,59024 CEDEX,red,2/28/2011,41914.84
106,Eadith,Cruise,58,ecruise2x@freewebs.com,Mexico,39030,blue,6/27/2021,656867.79
107,Pearce,Baudinot,52,pbaudinot2y@ebay.co.uk,Canada,J1X,green,6/14/2018,545383.5
108,Celestina,Misson,27,cmisson2z@merriam-webster.com,Canada,V6N,green,2/21/2018,975837.77
109,Halimeda,Southerill,24,hsoutherill30@typepad.com,France,67029 CEDEX 1,red,8/11/2010,777449.76
110,Hilliard,Ingold,50,hingold31@harvard.edu,United States,33805,green,10/6/2019,90305.73
111,Lorie,Hadigate,38,lhadigate32@elpais.com,Mexico,40914,green,10/7/2019,224079.15
112,Edi,Heeron,51,eheeron33@amazon.co.uk,United States,96850,green,5/21/2012,822748.16
113,Susannah,Kalf,63,skalf34@instagram.com,Germany,44629,blue,10/27/2013,984593.81
114,Royal,Hembry,54,rhembry35@amazon.co.jp,Mexico,36770,red,12/29/2015,462806.68
115,Rozelle,Bramsom,58,rbramsom36@lulu.com,France,87041 CEDEX 1,green,10/6/2010,756822.41
116,Ilise,Danby,40,idanby37@imdb.com,France,44945 CEDEX 9,blue,10/3/2014,743039.29
117,Gennifer,Ceresa,44,gceresa38@yellowbook.com,France,56404 CEDEX,green,7/10/2022,828001.51
118,Les,Bough,48,lbough39@google.com.hk,France,75604 CEDEX 12,red,1/18/2012,311404.02
119,Alfredo,Strotton,47,astrotton3a@clickbank.net,United States,90805,blue,12/26/2020,103409.76
120,Diena,Pleasants,52,dpleasants3b@parallels.com,United States,44710,red,5/14/2017,270374.03
121,Callean,Lucey,45,clucey3c@jugem.jp,Mexico,53570,blue,4/11/2011,288676.55
122,Sybille,Ainscow,22,sainscow3d@mediafire.com,United States,39216,red,2/10/2020,514187.12
123,Ruby,Heigold,30,rheigold3e@homestead.com,Canada,V6L,blue,4/1/2016,669904.61
124,Sayres,Meineken,41,smeineken3f@twitpic.com,United States,68510,green,8/4/2022,894114.94
125,Helli,Troak,61,htroak3g@elegantthemes.com,United States,16522,red,3/13/2010,186772.17
126,Khalil,Lilywhite,29,klilywhite3h@squarespace.com,United States,48206,blue,4/18/2013,708057.11
127,Krista,De Vile,43,kdevile3i@networkadvertising.org,United States,40745,blue,8/2/2016,116819.09
128,Thatcher,Sindall,65,tsindall3j@mysql.com,Germany,20359,blue,2/9/2012,834084.83
129,Emalee,Plewes,31,eplewes3k@bloomberg.com,France,88125 CEDEX,red,12/27/2011,613888.25
130,Gael,Smees,20,gsmees3l@addthis.com,France,26350,blue,5/2/2010,542436.04
131,Welch,Buggy,32,wbuggy3m@discovery.com,France,59961 CEDEX,green,5/21/2011,52817.24
132,Christoforo,Sandwith,49,csandwith3n@nhs.uk,United States,48919,blue,6/9/2017,799872.26
133,Cordy,Cocher,25,ccocher3o@webs.com,Mexico,87395,blue,8/13/2014,107366.64
134,Cletis,Scarth,31,cscarth3p@baidu.com,United States,36104,blue,8/10/2015,803040.29
135,Halsy,Smart,50,hsmart3q@cnet.com,Mexico,92773,red,9/9/2019,624874.3
136,Ana,Odger,52,aodger3r@myspace.com,France,69367 CEDEX 07,green,6/23/2021,454424.54
137,Krishnah,Clubley,43,kclubley3s@narod.ru,France,72004 CEDEX 1,red,2/7/2016,395887.88
138,Brynne,Naylor,26,bnaylor3t@noaa.gov,France,89204 CEDEX,blue,5/8/2020,950964.24
139,Fanechka,Croker,59,fcroker3u@irs.gov,France,41965 CEDEX 9,red,1/17/2017,511675.94
140,Willie,Abbes,61,wabbes3v@twitpic.com,Canada,T9H,green,8/3/2012,54601.23
141,Cecilla,Moye,60,cmoye3w@nature.com,Mexico,56700,red,4/20/2020,685088.81
142,Jeremie,Nares,41,jnares3x@technorati.com,Mexico,93605,red,11/29/2017,711413.01
143,Sanson,Coalbran,64,scoalbran3y@example.com,Canada,J5X,green,4/27/2018,432042.04
144,Dynah,Bowness,20,dbowness3z@furl.net,United States,73119,red,12/29/2016,154999.48
145,Lara,Verner,57,lverner40@amazon.com,France,19011 CEDEX,red,5/4/2013,627268.12
146,Cherice,Proudlock,37,cproudlock41@ustream.tv,Canada,V9J,green,3/20/2022,487429.48
147,Veronique,Decourcy,64,vdecourcy42@stanford.edu,France,14040 CEDEX 4,blue,10/4/2013,765326.45
148,Dotti,Nind,51,dnind43@samsung.com,France,92782 CEDEX 9,green,12/15/2011,636647.98
149,Carl,Oboy,52,coboy44@ebay.com,United States,92110,blue,9/28/2020,128294.74
150,Aldrich,Brakewell,51,abrakewell45@ibm.com,United States,55480,green,12/17/2013,958845.86
151,Fabiano,Keeton,22,fkeeton46@simplemachines.org,United States,52405,red,9/5/2011,72631.54
152,Phillida,Whitton,62,pwhitton47@jugem.jp,France,34545 CEDEX,green,5/30/2013,950669.99
153,Tuckie,Sterndale,19,tsterndale48@eventbrite.com,France,95943 CEDEX 2,red,10/10/2012,905780.3
154,Vail,Dacombe,33,vdacombe49@zdnet.com,United States,44505,red,11/7/2012,843934.97
155,Arnoldo,Gytesham,31,agytesham4a@free.fr,Mexico,87426,green,12/14/2014,750449.73
156,Martelle,Gammell,43,mgammell4b@springer.com,France,29551 CEDEX 9,blue,4/4/2010,893352.99
157,Sophey,Lomath,34,slomath4c@china.com.cn,France,63019 CEDEX 2,red,9/1/2013,751167.32
158,Porter,Goning,41,pgoning4d@twitter.com,Canada,T9H,blue,2/3/2021,271355.29
159,Bobbe,Bugden,33,bbugden4e@squarespace.com,United States,72209,red,2/8/2012,134677.36
160,Jaine,Tows,42,jtows4f@linkedin.com,United States,14276,red,7/11/2014,755846.86
161,Nicole,Stratten,51,nstratten4g@jimdo.com,Mexico,91539,red,12/4/2011,33247.7
162,Judon,Ninnotti,58,jninnotti4h@java.com,United States,33023,green,3/15/2020,643322.59
163,Amie,Brimblecombe,34,abrimblecombe4i@homestead.com,Canada,K7R,blue,5/1/2011,728037.88
164,Katina,Tinwell,44,ktinwell4j@aol.com,France,53009 CEDEX,green,10/31/2011,899979.39
165,Pierrette,Abrey,36,pabrey4k@sun.com,France,38030 CEDEX 2,blue,5/22/2010,3003.84
166,Ruddie,Beretta,51,rberetta4l@deliciousdays.com,United States,71213,red,2/16/2021,25536.24
167,Ignace,Heims,18,iheims4m@paginegialle.it,Mexico,72124,blue,12/19/2014,685511.77
168,Valenka,Camacke,56,vcamacke4n@qq.com,United States,75210,red,12/5/2012,532415.76
169,Tomkin,Hulks,37,thulks4o@smugmug.com,United States,30130,red,3/24/2012,112243.69
170,Mahmoud,Newhouse,40,mnewhouse4p@blogtalkradio.com,United States,25709,red,5/12/2018,912576.35
171,Hetti,Brabant,48,hbrabant4q@ucsd.edu,United States,48912,blue,6/19/2017,260691.13
172,Emily,Jolly,19,ejolly4r@clickbank.net,Mexico,26095,red,1/24/2016,862954.09
173,Delbert,Reavell,46,dreavell4s@hostgator.com,Mexico,93228,red,7/31/2015,985978.35
174,Mychal,Milius,60,mmilius4t@furl.net,United States,34665,green,2/2/2014,949799.5
175,Maryjo,O'Doghesty,34,modoghesty4u@ox.ac.uk,Mexico,36200,red,1/3/2021,219046.0
176,Spense,Elsley,65,selsley4v@yale.edu,France,64185 CEDEX,blue,11/15/2010,404124.97
177,Hillary,Gimenez,65,hgimenez4w@google.pl,France,59663 CEDEX,green,3/17/2019,801154.0
178,Stinky,Davidovitz,21,sdavidovitz4x@sakura.ne.jp,Mexico,89888,blue,7/20/2022,81053.98
179,Charley,Grcic,20,cgrcic4y@blogger.com,Canada,G0E,green,1/11/2014,58803.25
180,Lorilyn,Bilfoot,40,lbilfoot4z@icio.us,Canada,J1T,red,3/12/2020,518555.41
181,Verene,Guihen,64,vguihen50@harvard.edu,France,63504 CEDEX,blue,9/17/2019,73487.67
182,Tedie,Graysmark,28,tgraysmark51@senate.gov,United States,70826,red,10/11/2021,533652.27
183,Erwin,Mugleston,49,emugleston52@senate.gov,France,06234 CEDEX,blue,2/25/2022,867376.24
184,Keven,Mosdell,33,kmosdell53@blogs.com,France,45063 CEDEX 2,green,10/17/2017,483066.24
185,Becki,St. Louis,58,bstlouis54@yellowbook.com,Mexico,36780,blue,11/13/2014,60206.21
186,Amelia,Tapley,19,atapley55@paypal.com,France,87066 CEDEX 2,red,8/19/2012,303988.77
187,Wallis,Battin,39,wbattin56@foxnews.com,United States,79165,red,9/20/2019,470666.87
188,Loydie,Yakunkin,57,lyakunkin57@dagondesign.com,United States,31704,red,12/12/2021,823117.16
189,Franni,Lorne,45,florne58@chicagotribune.com,Germany,01156,blue,4/19/2012,795807.55
190,Virge,Orridge,61,vorridge59@prweb.com,United States,20910,blue,9/17/2011,272680.87
191,Randolph,Roll,24,rroll5a@arstechnica.com,France,84274 CEDEX,green,11/18/2019,593230.21
192,Gael,Adin,38,gadin5b@boston.com,France,69519 CEDEX,blue,6/12/2019,340995.3
193,Berthe,Fyndon,35,bfyndon5c@theatlantic.com,United States,68164,blue,6/4/2018,115554.84
194,Killy,Comini,65,kcomini5d@buzzfeed.com,United States,33158,green,1/19/2018,899626.43
195,Jakie,Gorcke,35,jgorcke5e@mysql.com,Mexico,78490,blue,7/29/2012,759971.01
196,Davita,Giraudel,24,dgiraudel5f@businesswire.com,Mexico,68145,green,2/18/2014,781068.56
197,Tedie,Billborough,48,tbillborough5g@ucoz.ru,Canada,K1Y,green,7/22/2018,432910.05
198,Fey,Gouldthorp,30,fgouldthorp5h@geocities.com,Mexico,94242,green,8/9/2010,315803.87
199,Frazer,Belvard,62,fbelvard5i@lulu.com,Canada,L2G,green,6/28/2013,786311.74
200,Pavia,Desquesnes,39,pdesquesnes5j@pcworld.com,Canada,J5X,red,6/12/2014,819334.27
201,Myrtice,Montez,57,mmontez5k@intel.com,United States,33680,blue,9/26/2017,722234.62
202,Rhody,Gallehock,26,rgallehock5l@moonfruit.com,France,83404 CEDEX,green,1/25/2021,926112.52
203,Forbes,Vanlint,30,fvanlint5m@amazon.de,France,31678 CEDEX,green,6/2/2014,63243.37
204,Valentia,Bridges,59,vbridges5n@godaddy.com,France,23009 CEDEX,blue,12/14/2018,137162.86
205,Harland,Boyen,48,hboyen5o@4shared.com,United States,30343,red,10/7/2010,688942.81
206,Sandor,Whetnell,58,swhetnell5p@msn.com,Mexico,61650,blue,7/5/2018,151329.32
207,Esra,Strippel,60,estrippel5q@hexun.com,Canada,G6B,green,10/15/2010,161431.36
208,Rosalyn,Bonney,31,rbonney5r@weibo.com,France,75480 CEDEX 10,red,4/21/2017,84210.71
209,Kris,Yoxall,45,kyoxall5s@cbslocal.com,France,89024 CEDEX,green,8/7/2020,741860.92
210,Norry,Barnard,54,nbarnard5t@dmoz.org,United States,29220,blue,8/1/2010,23655.19
211,Carina,Askie,63,caskie5u@netlog.com,United States,38188,blue,4/25/2013,759656.15
212,Elli,Haughey,51,ehaughey5v@gnu.org,United States,06905,red,3/26/2022,861272.36
213,Raquela,Szymczyk,64,rszymczyk5w@bloglovin.com,France,65022 CEDEX 9,blue,7/13/2014,286056.62
214,Justine,Gashion,33,jgashion5x@java.com,United States,89436,green,5/23/2012,335944.71
215,Nobie,Premble,29,npremble5y@163.com,France,93017 CEDEX,blue,11/27/2016,84157.98
216,Constancy,Oller,21,coller5z@networksolutions.com,France,85304 CEDEX,green,2/8/2010,599115.24
217,Rafe,Kyme,58,rkyme60@rambler.ru,Canada,T9E,red,9/25/2018,353423.77
218,Elwood,Ridge,62,eridge61@shinystat.com,United States,45999,red,4/20/2020,803752.11
219,Kasper,Dunbar,41,kdunbar62@youtube.com,United States,55590,red,1/11/2013,181427.45
220,Emilio,Braden,20,ebraden63@washington.edu,France,25071 CEDEX 9,red,12/11/2011,230550.34
221,Trace,Whitney,52,twhitney64@multiply.com,France,64017 CEDEX 9,green,6/25/2012,9599.95
222,Ezequiel,Dutson,29,edutson65@lulu.com,United States,17126,red,12/2/2014,130711.87
223,Chere,Bownass,55,cbownass66@blogspot.com,Germany,53129,blue,7/8/2021,636860.35
224,Brit,Busfield,46,bbusfield67@discovery.com,Canada,H9X,red,8/17/2011,373002.85
225,Olive,Maytum,20,omaytum68@taobao.com,France,67504 CEDEX,green,8/1/2014,707238.49
226,Gillian,Bantham,51,gbantham69@paypal.com,United States,63180,red,3/7/2012,211678.21
227,Dieter,Yukhnov,38,dyukhnov6a@macromedia.com,Mexico,31210,red,12/14/2022,510618.17
228,Dorian,Ivakin,28,divakin6b@umn.edu,United States,31704,green,2/27/2016,144558.72
229,Delphine,Archanbault,65,darchanbault6c@i2i.jp,France,13637 CEDEX,green,5/24/2016,404831.4
230,Lucio,Riggulsford,52,lriggulsford6d@meetup.com,France,80089 CEDEX 2,green,1/22/2018,738291.75
231,Pansy,McDyer,37,pmcdyer6e@timesonline.co.uk,France,67029 CEDEX 1,green,4/3/2014,628261.35
232,Coralie,Dearell,35,cdearell6f@weibo.com,France,34087 CEDEX 4,green,11/28/2017,905062.01
233,Jeno,Brittian,47,jbrittian6g@google.de,United States,89510,green,7/21/2013,870931.35
234,Devonna,Wrighton,28,dwrighton6h@sphinn.com,United States,37939,green,11/1/2020,660671.09
235,Jeffy,Ivatts,53,jivatts6i@nymag.com,Mexico,95098,red,10/31/2017,797842.28
236,Stanton,Jina,54,sjina6j@businessinsider.com,United States,32575,green,6/20/2021,291385.86
237,Deane,Grinov,39,dgrinov6k@nhs.uk,Canada,E4G,green,10/10/2013,295590.61
238,Barbaraanne,Sivills,21,bsivills6l@live.com,Canada,L0P,green,7/20/2017,377631.65
239,Moselle,Winchester,64,mwinchester6m@ft.com,United States,90189,blue,11/27/2016,544402.88
240,Cassondra,Durdle,64,cdurdle6n@usda.gov,France,94604 CEDEX,blue,4/25/2013,157396.64
241,Trueman,Hogben,24,thogben6o@stumbleupon.com,Mexico,56700,red,7/13/2015,331831.43
242,Donavon,Grebbin,52,dgrebbin6p@aol.com,France,77224 CEDEX,green,3/9/2012,921582.4
243,Michaela,Spalls,42,mspalls6q@jalbum.net,France,57954 CEDEX,blue,1/3/2019,742912.26
244,Marietta,Keep,53,mkeep6r@studiopress.com,Canada,C1C,green,12/30/2021,729167.43
245,Gerty,Lumox,44,glumox6s@loc.gov,Mexico,92105,blue,3/19/2020,214800.37
246,Thomasina,Paulin,21,tpaulin6t@mail.ru,France,69488 CEDEX 03,blue,8/1/2015,708707.13
247,Marcille,McArtan,25,mmcartan6u@tuttocitta.it,United States,22205,red,2/7/2014,260534.45
248,Jarrett,Jobling,22,jjobling6v@networkadvertising.org,Mexico,92880,red,6/29/2012,343393.22
249,Joseph,Sturte,27,jsturte6w@china.com.cn,United States,22184,red,9/7/2014,793193.37
250,Daron,Pratley,22,dpratley6x@bbb.org,United States,07505,red,11/26/2013,237772.58
251,Ira,Brunner,25,ibrunner6y@deviantart.com,France,01069 CEDEX 9,red,5/26/2018,232425.8
252,Arney,Fonzo,50,afonzo6z@tinypic.com,France,41919 CEDEX 9,blue,3/24/2018,409230.87
253,Paquito,James,59,pjames70@xing.com,France,83404 CEDEX,blue,7/1/2018,131795.76
254,Tana,Philips,32,tphilips71@who.int,France,25004 CEDEX,green,8/8/2017,348600.83
255,Letizia,Gatheral,43,lgatheral72@cdbaby.com,France,37174 CEDEX,blue,8/17/2020,941318.69
256,Mirabel,Vink,65,mvink73@shareasale.com,Mexico,50090,blue,6/24/2012,738086.23
257,Blanca,Lorenz,65,blorenz74@cdc.gov,Mexico,30815,red,1/7/2014,897176.37
258,Dina,Allchin,45,dallchin75@behance.net,Mexico,40030,blue,3/12/2014,325944.44
259,Krishna,Karolowski,51,kkarolowski76@wikispaces.com,United States,80045,green,4/2/2018,311095.76
260,Roanna,Piotrkowski,41,rpiotrkowski77@virginia.edu,France,41976 CEDEX 9,blue,12/10/2018,285673.43
261,Arley,Woodberry,51,awoodberry78@hostgator.com,France,01069 CEDEX 9,red,5/20/2015,862464.26
262,Alfie,Reinisch,63,areinisch79@biblegateway.com,United States,70826,red,6/9/2014,80343.03
263,Eldon,Byles,38,ebyles7a@mysql.com,Canada,S4A,green,6/27/2012,826174.65
264,Valentine,Gunningham,24,vgunningham7b@hexun.com,United States,75236,blue,7/24/2013,857105.79
265,Paolo,Weagener,28,pweagener7c@ft.com,Germany,45141,red,7/11/2018,722824.64
266,Herve,Dowley,48,hdowley7d@1und1.de,France,94604 CEDEX,blue,11/7/2011,911958.93
267,Basile,Dewerson,50,bdewerson7e@google.nl,Canada,G2B,blue,5/14/2022,766180.71
268,Lucine,Chillcot,65,lchillcot7f@photobucket.com,United Kingdom,AB56,red,6/22/2021,857297.91
269,Vida,Georgot,42,vgeorgot7g@unblog.fr,Canada,T5Y,blue,5/6/2018,185204.97
270,Shem,Magee,21,smagee7h@latimes.com,Canada,J2E,red,12/27/2018,803811.39
271,Diena,Addinall,59,daddinall7i@chronoengine.com,France,25057 CEDEX,red,9/23/2015,27715.43
272,Kaspar,Rogan,23,krogan7j@tamu.edu,France,75396 CEDEX 08,blue,12/7/2012,935189.98
273,Octavius,Giffkins,28,ogiffkins7k@example.com,United States,75310,red,5/27/2010,705710.41
274,Birgitta,Allsep,26,ballsep7l@163.com,Mexico,30479,blue,1/2/2020,323409.03
275,Rudy,Lansdale,61,rlansdale7m@narod.ru,Canada,B3T,red,5/28/2021,545034.5
276,Aryn,Croster,27,acroster7n@booking.com,France,64017 CEDEX 9,blue,3/5/2015,93850.5
277,Leilah,MacKnocker,39,lmacknocker7o@behance.net,France,06009 CEDEX 1,blue,5/31/2013,614793.98
278,Oralee,Strothers,44,ostrothers7p@oracle.com,France,59208 CEDEX,red,10/30/2021,881962.03
279,Nomi,Prendiville,25,nprendiville7q@ted.com,United States,37914,red,3/24/2020,140641.65
280,Rees,McTear,24,rmctear7r@ft.com,Canada,V1E,green,9/10/2011,647950.02
281,Gerty,Tissington,25,gtissington7s@wiley.com,Canada,J1T,green,5/26/2021,882561.56
282,Karrah,Dade,41,kdade7t@mac.com,France,92901 CEDEX,red,5/4/2019,87784.41
283,Viole,Lynskey,25,vlynskey7u@mapy.cz,France,91851 CEDEX,blue,3/20/2018,169048.82
284,Florentia,Abrashkov,32,fabrashkov7v@twitpic.com,France,88194 CEDEX,blue,8/23/2022,81984.01
285,Grazia,Grelka,58,ggrelka7w@bbc.co.uk,Canada,A1Y,blue,11/29/2013,869132.17
286,Gardener,McKimm,61,gmckimm7x@digg.com,Germany,80686,blue,10/7/2010,254597.5
287,Moria,Shackel,46,mshackel7y@rambler.ru,Mexico,27443,blue,3/9/2010,429170.24
288,Hillie,Torn,37,htorn7z@scientificamerican.com,United Kingdom,PH43,green,1/7/2011,987954.41
289,Kirstin,Brandenberg,37,kbrandenberg80@bizjournals.com,United States,48126,blue,9/26/2021,349485.86
290,Theodora,Jickles,64,tjickles81@slashdot.org,Canada,P3L,green,12/1/2012,210054.18
291,Audry,Hurrion,41,ahurrion82@home.pl,Canada,L9T,green,7/8/2020,822763.85
292,Reinald,Noton,39,rnoton83@seattletimes.com,Canada,V7Y,blue,1/31/2015,939626.16
293,Anselma,Sand,54,asand84@examiner.com,United States,68117,green,8/12/2015,688182.33
294,Dacie,Brugemann,42,dbrugemann85@acquirethisname.com,Mexico,88710,green,6/16/2014,750155.83
295,Janka,Bateman,35,jbateman86@blogger.com,France,13281 CEDEX 06,green,10/5/2022,299985.52
296,Darryl,Rickford,51,drickford87@drupal.org,United States,80126,green,9/18/2011,259555.56
297,Cory,Keattch,44,ckeattch88@bizjournals.com,France,25004 CEDEX,red,5/18/2018,465409.99
298,Dur,Bembrigg,18,dbembrigg89@cam.ac.uk,United States,65211,blue,5/22/2015,14621.67
299,Rhys,Chillcot,53,rchillcot8a@ow.ly,France,45016 CEDEX 1,blue,1/26/2015,590047.24
300,Terrie,Shoebottom,49,tshoebottom8b@usatoday.com,France,42335 CEDEX,blue,7/21/2013,953130.67
301,Elwin,Mordanti,46,emordanti8c@mashable.com,France,37044 CEDEX 9,green,3/31/2010,826109.51
302,Inger,Figiovanni,31,ifigiovanni8d@networksolutions.com,United States,33673,green,6/5/2018,358891.29
303,Floria,Cloney,61,fcloney8e@jiathis.com,Canada,T1P,blue,10/9/2010,97997.61
304,Joey,Jarrad,62,jjarrad8f@livejournal.com,France,94024 CEDEX,blue,1/23/2014,8610.23
305,Carmine,Adolthine,32,cadolthine8g@oaic.gov.au,United States,33884,red,12/30/2018,170965.02
306,Arlen,Kears,29,akears8h@harvard.edu,United States,47812,red,10/2/2021,582461.83
307,Romeo,Shannon,45,rshannon8i@hubpages.com,United States,20226,green,3/7/2014,735672.14
308,Boote,Lazenbury,22,blazenbury8j@wordpress.com,United States,78265,blue,10/16/2019,778652.46
309,Sim,Grant,52,sgrant8k@nbcnews.com,France,67975 CEDEX 9,green,12/4/2014,820338.03
310,Angil,Stanier,26,astanier8l@sogou.com,Mexico,30509,red,9/4/2012,959926.78
311,Parnell,Mackie,49,pmackie8m@google.com.hk,France,13155 CEDEX,blue,7/12/2020,826167.05
312,Jamaal,Shardlow,48,jshardlow8n@yale.edu,United States,15279,red,4/11/2022,125736.86
313,Jaimie,Auston,33,jauston8o@taobao.com,Canada,K6V,red,11/4/2013,733194.56
314,Ariela,Bygrave,24,abygrave8p@cloudflare.com,Canada,H9X,red,1/14/2016,569217.84
315,Roldan,Ohrtmann,20,rohrtmann8q@weebly.com,United States,80291,green,2/17/2010,643731.41
316,Gilbert,Ferrarese,27,gferrarese8r@drupal.org,France,44984 CEDEX,blue,1/13/2020,685505.12
317,Townsend,Butten,29,tbutten8s@odnoklassniki.ru,United States,38188,green,9/29/2019,910822.97
318,Stu,Bagnal,32,sbagnal8t@ebay.co.uk,United States,23514,green,4/23/2013,809041.52
319,Mollee,Hug,52,mhug8u@dailymotion.com,France,54529 CEDEX,green,9/5/2012,641337.63
320,Christel,Colomb,50,ccolomb8v@java.com,United States,71161,green,11/2/2020,178408.49
321,Ardenia,Peirce,60,apeirce8w@squarespace.com,Canada,S9V,red,6/2/2014,958201.78
322,Mata,Linne,59,mlinne8x@hhs.gov,France,42021 CEDEX 1,blue,8/16/2010,329788.65
323,Glen,Rapport,45,grapport8y@cdbaby.com,France,78093 CEDEX 9,green,5/16/2014,729510.88
324,Lian,Slingsby,19,lslingsby8z@apple.com,United States,98104,red,10/30/2019,446585.05
325,Kippie,Marielle,35,kmarielle90@acquirethisname.com,United States,45208,blue,5/1/2010,13928.89
326,Anna-maria,Waycot,48,awaycot91@fda.gov,United States,73179,blue,6/7/2017,664438.16
327,Fidelity,Berndtsson,38,fberndtsson92@seesaa.net,Canada,N3E,green,6/27/2015,925022.32
328,Juliet,Disman,54,jdisman93@spotify.com,France,57609 CEDEX,blue,2/17/2020,973324.98
329,Kain,Melpuss,27,kmelpuss94@dell.com,France,84104 CEDEX,blue,7/24/2016,399811.96
330,Stillman,Francescotti,41,sfrancescotti95@eventbrite.com,United States,18706,blue,12/4/2021,531800.28
331,Dore,Gatty,25,dgatty96@earthlink.net,France,04990 CEDEX 9,blue,12/15/2022,287125.12
332,Barri,Edwin,50,bedwin97@reddit.com,United States,14276,blue,11/7/2022,973845.1
333,Carl,McClory,24,cmcclory98@behance.net,United States,63169,blue,1/10/2020,303470.89
334,Bridgette,Morgan,58,bmorgan99@sitemeter.com,United States,07104,red,11/23/2018,488512.24
335,Cecelia,Sellan,50,csellan9a@i2i.jp,Mexico,87785,green,10/4/2015,551768.11
336,Elroy,Denziloe,18,edenziloe9b@gmpg.org,Mexico,68540,red,10/2/2010,66590.01
337,Grover,Brenneke,21,gbrenneke9c@mit.edu,United States,71151,green,6/5/2019,861442.85
338,Kerstin,Wallenger,61,kwallenger9d@squarespace.com,France,94726 CEDEX,red,5/2/2019,749645.81
339,Uri,Skewes,40,uskewes9e@columbia.edu,France,44159 CEDEX,red,8/9/2011,64115.73
340,Cobb,Daveridge,32,cdaveridge9f@unesco.org,France,44019 CEDEX 1,blue,5/30/2015,354445.18
341,Fran,Jakubovitch,61,fjakubovitch9g@histats.com,France,01009 CEDEX,red,7/2/2014,595849.56
342,Deena,Willmett,25,dwillmett9h@sohu.com,Canada,B4H,red,1/14/2019,108841.91
343,Idalia,Ellyatt,52,iellyatt9i@reference.com,France,76204 CEDEX,blue,7/14/2018,498594.88
344,Hamilton,Kermon,51,hkermon9j@seattletimes.com,United States,94207,blue,10/13/2013,855228.3
345,Lars,Ricciardelli,41,lricciardelli9k@webnode.com,France,92671 CEDEX,green,7/15/2011,865724.54
346,Aimee,Hoofe,29,ahoofe9l@moonfruit.com,United States,10310,red,10/24/2019,985653.47
347,Evered,Spradbery,54,espradbery9m@simplemachines.org,United States,92844,green,12/6/2017,651305.88
348,Ines,Bonaire,44,ibonaire9n@histats.com,United States,35487,red,8/24/2012,270947.74
349,Conny,Bitten,42,cbitten9o@unesco.org,United States,44105,red,12/22/2017,435428.8
350,Madelle,Currey,20,mcurrey9p@seattletimes.com,France,75638 CEDEX 13,green,1/21/2019,853082.32
351,Solly,Ikins,58,sikins9q@alexa.com,France,34294 CEDEX 5,blue,10/16/2017,395778.68
352,Susie,Torricina,30,storricina9r@ask.com,United States,85383,red,2/13/2018,66209.61
353,Noll,Giacomozzo,36,ngiacomozzo9s@ocn.ne.jp,Mexico,36200,blue,4/26/2020,873325.99
354,Darcy,Cockrem,47,dcockrem9t@themeforest.net,Canada,V7Y,blue,7/1/2022,67169.05
355,Lynsey,Gosker,62,lgosker9u@alexa.com,United States,80945,red,1/26/2011,356467.24
356,Burnaby,McDonagh,43,bmcdonagh9v@angelfire.com,United Kingdom,GL54,red,2/2/2010,99596.54
357,Reggie,McQuorkel,37,rmcquorkel9w@auda.org.au,Canada,K6K,red,1/8/2014,509139.49
358,Shepard,Lathwell,54,slathwell9x@cpanel.net,Canada,P7K,blue,8/20/2013,791449.76
359,Alejoa,Howchin,56,ahowchin9y@chron.com,Mexico,61570,red,8/21/2016,872227.29
360,Olav,De Antoni,53,odeantoni9z@home.pl,United States,95123,blue,9/16/2021,821145.34
361,Benton,Bugdale,27,bbugdalea0@springer.com,France,35903 CEDEX 9,blue,2/7/2018,392569.97
362,Cecilia,Streetley,58,cstreetleya1@wordpress.org,United States,15250,red,10/10/2017,791094.49
363,Trula,Ebenezer,41,tebenezera2@state.gov,France,91709 CEDEX,red,1/17/2012,925285.33
364,Lanae,Laurenty,27,llaurentya3@blogspot.com,France,13293 CEDEX 08,green,10/31/2020,638303.86
365,Ines,Noni,54,inonia4@dion.ne.jp,Canada,H9J,red,4/2/2022,239243.48
366,Willetta,Kesey,42,wkeseya5@whitehouse.gov,France,94518 CEDEX 1,blue,6/30/2021,401597.82
367,Web,Wallbrook,31,wwallbrooka6@fotki.com,France,35763 CEDEX,red,1/13/2016,229125.31
368,Winfred,Backhurst,49,wbackhursta7@gravatar.com,France,94659 CEDEX 1,green,12/11/2018,379953.76
369,Jessy,Boutcher,30,jboutchera8@zimbio.com,France,31139 CEDEX,blue,3/2/2020,238471.84
370,Alyse,Farnes,48,afarnesa9@hhs.gov,France,75096 CEDEX 02,green,8/22/2019,812737.22
371,Barri,Jurczik,40,bjurczikaa@ucoz.com,France,44335 CEDEX 3,blue,12/31/2011,668201.48
372,Kellina,Jakubovsky,50,kjakubovskyab@virginia.edu,Canada,H9J,blue,12/28/2017,328991.49
373,Neel,Staggs,54,nstaggsac@storify.com,France,13269 CEDEX 08,green,8/8/2018,502435.73
374,Wat,Cawley,33,wcawleyad@cdc.gov,France,85923 CEDEX 9,blue,5/8/2011,132497.14
375,Wallie,Anthoin,39,wanthoinae@barnesandnoble.com,Canada,G8B,green,7/3/2012,898580.21
376,Charlean,Pedron,32,cpedronaf@cloudflare.com,United States,44321,red,7/9/2017,461013.99
377,Gil,Yapp,40,gyappag@freewebs.com,Mexico,54455,blue,1/21/2019,839991.44
378,Merrilee,Espada,37,mespadaah@parallels.com,Canada,L9T,blue,11/12/2019,718235.0
379,Daron,Nussgen,29,dnussgenai@netscape.com,Mexico,56199,red,3/24/2018,302350.37
380,Alexandros,Turbern,62,aturbernaj@storify.com,United States,31914,blue,11/26/2013,981610.16
381,Dalia,Ewbanks,21,dewbanksak@surveymonkey.com,France,94857 CEDEX,green,7/26/2018,836754.99
382,Thaddus,Ceci,60,tcecial@typepad.com,Germany,41199,green,11/7/2015,484382.88
383,Adler,Bladder,57,abladderam@amazon.com,France,26109 CEDEX,blue,4/18/2019,184855.49
384,Donica,Danelet,33,ddaneletan@arstechnica.com,United States,48258,red,2/2/2021,574132.76
385,Wain,Ellph,33,wellphao@utexas.edu,France,92782 CEDEX 9,green,1/16/2021,382149.29
386,Daniele,Niave,58,dniaveap@guardian.co.uk,Canada,E1W,blue,12/1/2019,888553.23
387,Gerhard,Tarrant,24,gtarrantaq@soundcloud.com,France,30006 CEDEX 4,red,9/6/2021,620783.91
388,Cornie,Eilert,62,ceilertar@ehow.com,France,07309 CEDEX,blue,10/11/2013,994293.51
389,Patrice,Fookes,63,pfookesas@tiny.cc,United States,22119,red,4/15/2013,955786.76
390,Orelia,Clemmey,58,oclemmeyat@businessweek.com,France,10104 CEDEX,blue,6/24/2022,556155.17
391,Itch,Flemyng,52,iflemyngau@patch.com,United States,91186,blue,12/13/2013,51500.52
392,Sophie,Mugg,38,smuggav@mashable.com,Canada,G3M,blue,2/11/2012,23492.98
393,Umeko,De Freyne,65,udefreyneaw@hc360.com,Mexico,96370,blue,9/2/2018,283771.22
394,Melessa,MacVanamy,30,mmacvanamyax@archive.org,Mexico,95193,blue,4/23/2021,196941.75
395,Lanni,McGerr,32,lmcgerray@mashable.com,Canada,E5S,green,6/24/2017,681326.47
396,Jamey,Viste,39,jvisteaz@spiegel.de,United States,95205,blue,3/21/2011,171358.56
397,Elinore,Pavek,55,epavekb0@ucoz.com,France,74944 CEDEX,red,6/13/2019,562592.08
398,Hanan,Eglaise,21,heglaiseb1@auda.org.au,United States,32209,red,11/17/2020,832054.52
399,Aubine,Martignoni,28,amartignonib2@irs.gov,France,91229 CEDEX,green,11/18/2013,44736.69
400,Matthieu,Krauss,43,mkraussb3@posterous.com,France,84274 CEDEX,red,7/30/2018,891219.12
401,Emera,Drivers,53,edriversb4@usda.gov,United States,94207,green,9/23/2022,178260.26
402,Lucita,Winfindine,57,lwinfindineb5@devhub.com,Mexico,58140,red,7/10/2018,519536.19
403,Elora,Feltham,44,efelthamb6@nifty.com,United States,06520,blue,8/14/2021,155210.61
404,Brittney,Baylay,44,bbaylayb7@php.net,United States,32891,blue,9/13/2017,259400.19
405,Jordon,Hindge,63,jhindgeb8@pagesperso-orange.fr,Germany,42659,green,3/10/2012,98156.9
406,Quentin,Bellow,56,qbellowb9@aboutads.info,Canada,G6W,blue,12/1/2017,100002.33
407,Alyson,Laxston,37,alaxstonba@vk.com,France,42055 CEDEX 2,blue,7/25/2018,185592.24
408,Gerladina,Brusby,25,gbrusbybb@go.com,France,92715 CEDEX,green,4/17/2010,809977.84
409,Pearla,Lamacraft,54,plamacraftbc@rakuten.co.jp,Canada,L9J,red,2/26/2014,851683.94
410,George,Dranfield,64,gdranfieldbd@delicious.com,France,74154 CEDEX,green,3/14/2014,475517.45
411,Staci,Chowne,21,schownebe@mayoclinic.com,United States,35263,blue,6/12/2022,905915.75
412,Mildred,Oxborough,60,moxboroughbf@examiner.com,United States,20167,red,4/29/2019,297227.8
413,Evanne,Snodin,51,esnodinbg@etsy.com,United States,34108,red,4/13/2016,930343.47
414,Tommy,Fosbraey,38,tfosbraeybh@stumbleupon.com,United Kingdom,EC3M,red,6/13/2014,479260.32
415,Rianon,Budding,31,rbuddingbi@example.com,France,23009 CEDEX,blue,2/16/2022,273512.48
416,Zack,Stiffell,65,zstiffellbj@time.com,France,33060 CEDEX,green,7/6/2010,444200.22
417,Catherine,Seamons,48,cseamonsbk@bloomberg.com,France,19011 CEDEX,red,9/13/2022,799545.34
418,Rem,Clears,32,rclearsbl@g.co,United States,90410,blue,7/6/2010,855584.33
419,Harriott,Grayland,64,hgraylandbm@mapy.cz,France,19117 CEDEX,red,2/16/2011,535361.52
420,Brockie,Fiske,46,bfiskebn@jimdo.com,United States,34615,blue,11/14/2020,372148.66
421,Pren,Balmforth,40,pbalmforthbo@parallels.com,Canada,J4B,blue,8/19/2013,498379.35
422,Ailina,Trivett,33,atrivettbp@cloudflare.com,France,31774 CEDEX,blue,6/28/2019,103519.57
423,Rosmunda,Hele,36,rhelebq@comcast.net,France,78045 CEDEX,red,3/22/2012,512709.22
424,Grover,O'Mullaney,38,gomullaneybr@icq.com,France,75032 CEDEX 01,red,12/16/2021,970703.29
425,Celesta,Sillett,57,csillettbs@dyndns.org,United States,33710,green,11/9/2011,307840.33
426,Jeramey,Secombe,61,jsecombebt@wordpress.com,United States,89714,green,2/28/2016,391890.67
427,Foster,D'Alessandro,42,fdalessandrobu@pagesperso-orange.fr,Canada,L1X,red,7/18/2014,446585.08
428,Dominic,Hennemann,33,dhennemannbv@ed.gov,United States,50320,blue,2/11/2015,762101.09
429,Alene,Aloigi,61,aaloigibw@smugmug.com,United States,23663,blue,9/25/2019,944283.96
430,Onfroi,Whitmore,62,owhitmorebx@cnet.com,Canada,N2L,red,5/23/2018,496150.49
431,Reuven,Dunkerly,27,rdunkerlyby@mashable.com,Canada,V7Y,blue,12/6/2010,645171.19
432,Aeriel,Tomsett,25,atomsettbz@hugedomains.com,United States,77288,green,6/11/2014,85914.04
433,Sallie,Scane,38,sscanec0@cocolog-nifty.com,Canada,P3L,red,8/10/2016,269091.77
434,Reinald,Cuttings,32,rcuttingsc1@hibu.com,France,18035 CEDEX,blue,1/1/2014,197863.65
435,Bette-ann,McKyrrelly,37,bmckyrrellyc2@state.gov,United States,20310,red,7/7/2017,312002.47
436,Ruthy,Eymor,41,reymorc3@scientificamerican.com,Canada,K6K,red,9/13/2011,461183.99
437,Wilfrid,Gookey,34,wgookeyc4@apple.com,Canada,M9L,red,7/14/2013,358380.1
438,Angele,Salzberg,29,asalzbergc5@cbc.ca,Mexico,71161,blue,8/17/2012,30343.55
439,Merwin,Margaret,46,mmargaretc6@ucoz.com,France,95021 CEDEX,red,1/7/2012,407853.6
440,Leonidas,Boylin,64,lboylinc7@businesswire.com,United States,20022,blue,2/7/2018,102652.27
441,Owen,Scirman,30,oscirmanc8@privacy.gov.au,Canada,K6A,blue,12/1/2015,327644.95
442,Franzen,Briatt,52,fbriattc9@paginegialle.it,France,13382 CEDEX 13,green,2/16/2021,271325.06
443,Dahlia,Tomaselli,61,dtomasellica@nymag.com,Mexico,75212,green,5/26/2014,443763.73
444,Michaelina,Skillings,54,mskillingscb@msu.edu,Canada,N8M,blue,9/16/2014,687229.66
445,Nikolaus,Lejeune,49,nlejeunecc@live.com,France,59895 CEDEX 9,red,6/19/2012,878478.44
446,Laural,Norrie,43,lnorriecd@google.es,Canada,J8C,green,5/17/2012,651453.04
447,Mateo,Houseman,28,mhousemance@people.com.cn,France,39409 CEDEX,green,10/28/2012,909022.23
448,Florance,Putton,30,fputtoncf@japanpost.jp,Canada,J9Z,red,8/24/2020,108224.52
449,Janina,Meatyard,51,jmeatyardcg@yellowpages.com,United States,79710,green,8/10/2019,985191.12
450,Alena,Lundy,58,alundych@wikia.com,Canada,P6A,green,12/1/2020,499652.49
451,Finlay,Demonge,28,fdemongeci@usa.gov,Mexico,58095,green,1/6/2017,553495.55
452,Fairfax,Curcher,28,fcurchercj@berkeley.edu,Mexico,83448,blue,10/10/2020,973018.69
453,Jordan,Esslement,51,jesslementck@is.gd,United States,28405,red,3/27/2018,784920.44
454,Garald,Tropman,32,gtropmancl@springer.com,United States,66622,green,2/28/2012,941555.18
455,Shanon,Kroger,39,skrogercm@gravatar.com,Canada,H3R,green,7/15/2019,934398.8
456,Georgianna,Ownsworth,37,gownsworthcn@discovery.com,France,75675 CEDEX 14,blue,3/6/2017,619972.89
457,Gabi,Walkling,24,gwalklingco@ocn.ne.jp,France,04004 CEDEX,blue,4/2/2014,839690.37
458,Marylynne,Hendonson,38,mhendonsoncp@disqus.com,United Kingdom,SG4,blue,10/1/2010,511999.46
459,Alyse,Deaville,26,adeavillecq@tmall.com,Mexico,37600,blue,9/18/2011,676915.67
460,Westleigh,Hardi,65,whardicr@marketwatch.com,France,73104 CEDEX,red,8/16/2016,387954.79
461,Elfreda,Chesson,26,echessoncs@ezinearticles.com,United States,78726,blue,8/12/2015,753321.82
462,Skippy,Denholm,40,sdenholmct@amazon.com,Canada,T9G,blue,1/13/2012,361365.86
463,Rosana,Posselwhite,33,rposselwhitecu@list-manage.com,France,20414 CEDEX 9,red,6/26/2020,167920.21
464,Ivory,Burles,40,iburlescv@hud.gov,France,75215 CEDEX 16,red,4/2/2021,209194.96
465,Emelda,Tawton,36,etawtoncw@vistaprint.com,United States,02203,green,5/17/2021,996206.18
466,Shela,Proger,39,sprogercx@wikipedia.org,United States,95973,green,8/8/2020,585589.55
467,Perla,Tantrum,28,ptantrumcy@tiny.cc,France,94865 CEDEX,green,2/10/2010,934855.35
468,Elli,Bransom,36,ebransomcz@istockphoto.com,France,28404 CEDEX,red,5/1/2015,505020.23
469,Ambrosius,Antcliff,52,aantcliffd0@princeton.edu,France,67311 CEDEX,blue,1/13/2020,183185.86
470,Dot,Hallad,61,dhalladd1@ow.ly,France,21072 CEDEX,red,7/20/2012,186583.01
471,Tucky,Dregan,21,tdregand2@rambler.ru,France,83092 CEDEX,red,4/29/2019,804144.36
472,Verile,Farryn,25,vfarrynd3@washingtonpost.com,United States,56944,red,10/13/2010,377054.63
473,Wilburt,Trask,58,wtraskd4@columbia.edu,France,78280,red,12/21/2015,337179.81
474,Cooper,Brach,36,cbrachd5@mediafire.com,Mexico,39965,blue,4/4/2013,172358.21
475,Sula,Crotty,51,scrottyd6@photobucket.com,Mexico,94970,blue,4/14/2019,453100.73
476,Fidel,Camelin,41,fcamelind7@xrea.com,France,15015 CEDEX,red,5/25/2018,194728.08
477,Wildon,Aldiss,22,waldissd8@cdc.gov,France,25035 CEDEX,green,4/7/2020,148812.17
478,Midge,Mulbry,43,mmulbryd9@timesonline.co.uk,United States,68134,green,8/22/2011,279630.53
479,Ezra,O'Crevy,50,eocrevyda@fema.gov,France,14109 CEDEX,red,11/6/2010,129680.63
480,Tessy,Myatt,58,tmyattdb@goo.ne.jp,United Kingdom,W1F,blue,5/5/2010,909721.79
481,Bank,Giacubo,19,bgiacubodc@imageshack.us,Canada,H4S,green,1/22/2017,169922.7
482,Fonz,Emlyn,20,femlyndd@tamu.edu,France,76152 CEDEX,blue,9/23/2022,630984.24
483,Baily,Trimme,53,btrimmede@go.com,France,84309 CEDEX,blue,1/27/2016,653939.75
484,Clark,Fever,62,cfeverdf@tmall.com,United States,80915,red,5/2/2013,755075.97
485,Stephani,Cordoba,65,scordobadg@mayoclinic.com,Mexico,39965,red,4/22/2015,12449.55
486,Kin,Corrington,46,kcorringtondh@digg.com,United States,06912,red,7/7/2010,80092.93
487,Susi,Coltart,38,scoltartdi@wikimedia.org,United States,43220,blue,7/21/2011,559852.16
488,Reynolds,Itzcovichch,57,ritzcovichchdj@pbs.org,Canada,V2X,blue,12/21/2019,316329.6
489,Marlane,Symson,46,msymsondk@xinhuanet.com,Canada,S4H,green,10/27/2012,559443.24
490,Arlyn,Breitling,61,abreitlingdl@geocities.com,United States,79999,red,6/8/2016,1672.16
491,Adriane,Dartan,41,adartandm@marketwatch.com,Mexico,61607,red,4/26/2020,735434.96
492,Shaylyn,Commusso,31,scommussodn@cisco.com,France,38293 CEDEX,green,12/23/2019,963098.52
493,Rolf,Martusewicz,46,rmartusewiczdo@youtube.com,France,88020 CEDEX,blue,6/20/2021,265158.23
494,Gilbert,Keat,48,gkeatdp@utexas.edu,Canada,H4S,red,10/3/2012,830861.78
495,Janis,Sarre,27,jsarredq@noaa.gov,United States,37220,red,12/22/2016,798168.38
496,Codi,Rawlings,32,crawlingsdr@reference.com,Germany,66119,green,3/3/2021,886065.4
497,Melinda,Cantrell,60,mcantrellds@github.io,Mexico,54455,green,1/26/2020,846739.59
498,Roland,Amoss,42,ramossdt@home.pl,Canada,B0K,green,4/25/2022,19163.56
499,Delinda,Leverette,61,dleverettedu@alexa.com,France,78897 CEDEX,blue,7/16/2022,458083.05
500,Georgeta,Dugmore,39,gdugmoredv@multiply.com,United States,06721,blue,9/3/2019,484472.88
501,Padraig,Ciccarello,25,pciccarellodw@taobao.com,United States,77090,red,12/30/2015,927732.35
502,Mercy,Lepard,31,mleparddx@squidoo.com,Canada,A1C,green,10/18/2021,221509.35
503,Sayre,Damarell,50,sdamarelldy@slideshare.net,Canada,V7Y,green,12/25/2015,359105.34
504,Gavan,Varrow,60,gvarrowdz@ezinearticles.com,Germany,53129,blue,2/6/2017,249643.24
505,Andee,Jowitt,24,ajowitte0@eepurl.com,United Kingdom,NN4,green,4/24/2019,65079.21
506,Der,Walles,35,dwallese1@macromedia.com,Canada,K7G,blue,10/22/2014,141780.97
507,Vera,Farrington,46,vfarringtone2@go.com,United States,32575,blue,7/27/2021,250844.35
508,Ana,Rangle,56,aranglee3@skype.com,France,27022 CEDEX,green,1/8/2011,678868.75
509,Nichole,Lowde,33,nlowdee4@toplist.cz,United States,28230,blue,5/20/2019,991358.87
510,Clark,Tremayne,63,ctremaynee5@constantcontact.com,France,69814 CEDEX,blue,10/1/2015,419381.1
511,Rickey,Garwell,53,rgarwelle6@seattletimes.com,United States,75216,green,9/11/2012,213867.83
512,Goldia,Behning,24,gbehninge7@nba.com,France,91199 CEDEX,red,11/3/2012,691365.66
513,Chrystal,Shama,37,cshamae8@ox.ac.uk,France,95251 CEDEX,red,3/17/2013,880329.51
514,Erena,Baldock,19,ebaldocke9@yandex.ru,United States,14609,green,10/21/2015,257236.99
515,Elvina,O'Criane,27,eocrianeea@amazon.de,France,13399 CEDEX 05,green,12/12/2016,483071.65
516,Homer,Radnage,24,hradnageeb@bizjournals.com,Canada,V5Y,green,9/30/2012,483998.16
517,Carolus,Gierhard,60,cgierhardec@4shared.com,France,84033 CEDEX 3,blue,11/29/2010,693010.28
518,Katherina,Ebbens,26,kebbensed@merriam-webster.com,France,10004 CEDEX,red,6/6/2022,391401.75
519,Svend,O'Carran,59,socarranee@geocities.com,Canada,V2G,red,7/15/2020,43159.41
520,Lindsy,Yelding,40,lyeldingef@umich.edu,United States,77299,blue,1/22/2017,230735.96
521,Boothe,Becarra,59,bbecarraeg@mac.com,France,67039 CEDEX 2,blue,2/14/2012,913380.96
522,Elberta,Lipprose,25,elipproseeh@washington.edu,Germany,67067,green,4/16/2010,244934.35
523,Maxy,O' Molan,19,momolanei@wisc.edu,Mexico,51950,blue,1/12/2021,629998.54
524,Caterina,Ferrieroi,49,cferrieroiej@sfgate.com,United States,92132,red,6/15/2018,660323.61
525,Audrey,Haddock,18,ahaddockek@taobao.com,Canada,A2V,green,5/5/2015,735112.91
526,Barby,Hayland,20,bhaylandel@hexun.com,United States,10105,green,12/18/2010,729491.43
527,Teressa,Avey,22,taveyem@wikia.com,France,75215 CEDEX 16,green,7/4/2019,864303.56
528,Uri,Matteo,19,umatteoen@discovery.com,France,91893 CEDEX,green,9/16/2016,657273.27
529,Linus,Joffe,25,ljoffeeo@pinterest.com,France,75756 CEDEX 15,red,4/20/2019,929779.67
530,Krissy,Jirusek,59,kjirusekep@technorati.com,France,78045 CEDEX,green,5/7/2014,461826.62
531,Percival,Konertz,52,pkonertzeq@ucla.edu,United States,46620,red,2/2/2012,701029.07
532,Dasi,Attwell,49,dattweller@indiegogo.com,United States,20078,red,3/12/2018,111262.49
533,Ted,Vaines,46,tvaineses@linkedin.com,France,76926 CEDEX 9,blue,11/7/2014,524148.06
534,Mariellen,Ife,46,mifeet@infoseek.co.jp,United States,66105,blue,3/25/2011,235066.65
535,Cris,Ridsdale,39,cridsdaleeu@fda.gov,Mexico,81803,green,4/9/2015,374252.83
536,Amata,Baxstair,38,abaxstairev@deliciousdays.com,Canada,J1K,red,12/12/2019,984841.95
537,Cheslie,Fitzsimons,44,cfitzsimonsew@livejournal.com,United States,46406,green,1/28/2010,204846.16
538,Steffen,Irons,37,sironsex@tinypic.com,Germany,45141,red,7/26/2017,565163.94
539,Jonathan,Cheesman,19,jcheesmaney@opensource.org,France,44911 CEDEX 9,blue,6/6/2010,109785.59
540,Nicolle,Estoile,62,nestoileez@plala.or.jp,France,88204 CEDEX,green,11/5/2020,622597.21
541,Patrica,Grindrod,25,pgrindrodf0@gnu.org,United States,48206,blue,7/4/2014,929091.69
542,Mattheus,Baulk,47,mbaulkf1@ycombinator.com,United States,88541,green,6/27/2018,537733.36
543,Mason,Stooders,46,mstoodersf2@dot.gov,United States,20709,green,9/19/2014,936818.27
544,Hazlett,Pideon,38,hpideonf3@state.gov,United States,34114,red,11/22/2015,917031.6
545,Kimmi,Fullard,30,kfullardf4@wufoo.com,France,72234 CEDEX,red,11/17/2016,968405.83
546,Vladamir,Pavlitschek,19,vpavlitschekf5@freewebs.com,Canada,L8N,red,11/27/2018,298681.45
547,Nat,Wimpenny,48,nwimpennyf6@forbes.com,Mexico,93816,blue,2/19/2014,801341.14
548,Aurelie,Cheel,56,acheelf7@ucoz.ru,Mexico,39271,green,3/18/2013,864798.78
549,Chane,McElory,55,cmceloryf8@washington.edu,Canada,G9A,blue,12/23/2020,906922.71
550,Livvie,Witcherley,58,lwitcherleyf9@webs.com,Mexico,37487,red,5/14/2012,114809.61
551,Eli,Albarez,26,ealbarezfa@cocolog-nifty.com,Mexico,85936,red,8/30/2022,633954.25
552,Paolina,Imms,55,pimmsfb@deliciousdays.com,France,72029 CEDEX 2,blue,2/17/2015,910816.68
553,Alberik,Sparshett,41,asparshettfc@sakura.ne.jp,France,39409 CEDEX,green,3/30/2015,59455.65
554,Allan,Copcott,59,acopcottfd@goo.gl,France,67124 CEDEX,green,7/30/2010,672969.41
555,Georgetta,Dibden,21,gdibdenfe@delicious.com,United States,98008,red,12/4/2010,731643.18
556,Perla,Sarra,41,psarraff@ibm.com,France,14085 CEDEX 9,blue,9/20/2017,123423.36
557,Corbin,Pifford,32,cpiffordfg@auda.org.au,United States,80905,blue,12/15/2012,567864.5
558,Sergei,McIllroy,31,smcillroyfh@comsenz.com,France,13907 CEDEX 20,blue,7/7/2019,357618.97
559,Bing,Spargo,50,bspargofi@nasa.gov,France,64704 CEDEX,blue,1/18/2017,391680.82
560,Phil,Gigg,29,pgiggfj@hud.gov,United States,20195,blue,5/11/2021,714245.85
561,Tarrah,Amaya,35,tamayafk@goo.gl,France,83092 CEDEX,red,9/4/2014,396444.13
562,Kessiah,Bestiman,23,kbestimanfl@sogou.com,France,66019 CEDEX 9,green,6/22/2018,396050.68
563,Britney,Maeer,47,bmaeerfm@princeton.edu,United States,77075,red,5/13/2012,541180.12
564,Elli,Lyfe,43,elyfefn@wired.com,France,67311 CEDEX,red,3/8/2022,77483.46
565,Ber,Sirette,41,bsirettefo@dagondesign.com,France,95154 CEDEX,green,3/4/2022,139310.11
566,Nanci,Paye,49,npayefp@va.gov,France,34004 CEDEX 1,green,8/29/2021,357906.05
567,Elysee,Hawkswood,30,ehawkswoodfq@msn.com,Mexico,40068,red,4/4/2021,935283.48
568,Aube,Eldrett,18,aeldrettfr@macromedia.com,Canada,E9H,blue,10/21/2021,693626.85
569,Noam,Tinston,60,ntinstonfs@wikimedia.org,France,46004 CEDEX 9,blue,5/8/2017,683189.79
570,Charil,Varns,52,cvarnsft@epa.gov,United States,60193,green,10/6/2014,867494.85
571,Juliet,Soppeth,49,jsoppethfu@netscape.com,France,26003 CEDEX,red,9/20/2011,136318.75
572,Ruthie,Fairham,44,rfairhamfv@miitbeian.gov.cn,United States,67236,green,11/25/2010,327455.77
573,Murdock,Sandbrook,38,msandbrookfw@ebay.com,France,80042 CEDEX 1,blue,2/13/2021,730287.82
574,Olly,Daspar,35,odasparfx@constantcontact.com,France,75195 CEDEX 04,red,6/19/2010,985546.58
575,Yorke,Plackstone,60,yplackstonefy@jugem.jp,Mexico,48744,red,7/26/2011,645854.07
576,Georgeta,Cuniffe,31,gcuniffefz@opensource.org,France,94129 CEDEX,red,8/10/2014,763969.8
577,Colene,Riche,50,cricheg0@illinois.edu,Mexico,36800,green,1/5/2019,211664.33
578,Felike,Prydden,59,fpryddeng1@plala.or.jp,France,77986 CEDEX,green,3/18/2018,642160.94
579,Maressa,Hullot,30,mhullotg2@g.co,United States,49505,blue,2/9/2018,590808.62
580,Dalila,Pietruszka,40,dpietruszkag3@google.co.jp,Mexico,93380,blue,7/23/2016,746259.35
581,Feliks,Martyn,57,fmartyng4@ibm.com,Canada,E4B,green,1/21/2013,801386.79
582,Vassili,Klamman,28,vklammang5@i2i.jp,Canada,L1K,blue,3/19/2016,942532.14
583,Shannah,Forward,60,sforwardg6@craigslist.org,United States,10150,red,2/5/2014,68486.08
584,Stesha,Krochmann,38,skrochmanng7@businessweek.com,Mexico,73795,red,8/21/2013,404246.91
585,Yorke,Monteith,21,ymonteithg8@wufoo.com,Canada,S9A,red,3/13/2019,681628.59
586,Florida,Gonzales,52,fgonzalesg9@de.vu,France,28114 CEDEX,red,1/31/2019,728504.54
587,Letitia,Buterton,37,lbutertonga@youku.com,France,33324 CEDEX,green,8/4/2016,8492.78
588,Roch,Domino,19,rdominogb@cargocollective.com,Mexico,78783,red,9/23/2019,361191.5
589,Carmine,Bruhke,21,cbruhkegc@yelp.com,Mexico,70805,green,8/29/2020,353880.41
590,Rick,Tanswell,33,rtanswellgd@google.ru,United States,30328,blue,10/9/2016,958128.66
591,Micheil,Folley,41,mfolleyge@oakley.com,United States,37605,red,5/29/2022,694264.88
592,Elwood,Sergant,40,esergantgf@ucla.edu,France,93187 CEDEX,green,3/3/2015,288562.3
593,Ashia,Tookey,59,atookeygg@businesswire.com,France,95611 CEDEX,blue,1/4/2018,971226.46
594,Nana,Hayzer,30,nhayzergh@webmd.com,France,94234 CEDEX,green,4/27/2016,636209.44
595,Kerry,Faich,34,kfaichgi@g.co,France,38244 CEDEX,blue,9/4/2015,561391.47
596,Guglielmo,Vowden,35,gvowdengj@chicagotribune.com,Germany,81543,green,5/5/2021,801273.27
597,Grove,Hartegan,22,ghartegangk@squarespace.com,Germany,13509,red,8/24/2012,810006.58
598,Ludovika,Fishpond,53,lfishpondgl@google.com.hk,Canada,E4W,green,9/7/2022,279448.87
599,Deerdre,Jest,22,djestgm@creativecommons.org,Mexico,38542,blue,3/19/2010,48996.46
600,Floyd,MacHarg,43,fmacharggn@sina.com.cn,France,93154 CEDEX,blue,7/10/2021,87782.8
601,Bartie,Ingham,45,binghamgo@blogtalkradio.com,Canada,T1W,red,1/31/2020,54830.67
602,Lebbie,Sunner,48,lsunnergp@wsj.com,Canada,L8J,red,10/21/2012,387612.14
603,Cathee,Creavin,42,ccreavingq@dyndns.org,Mexico,96684,red,8/16/2020,64016.24
604,Lion,Chatelet,47,lchateletgr@accuweather.com,Mexico,36200,blue,8/18/2022,555704.63
605,Evvie,Pletts,42,eplettsgs@nydailynews.com,France,59663 CEDEX,blue,6/28/2021,148823.96
606,Ede,Rocca,31,eroccagt@xrea.com,Canada,T7Z,red,6/17/2015,385433.79
607,Carlie,McGinnell,61,cmcginnellgu@xrea.com,United States,77228,blue,11/17/2019,184399.3
608,Ulric,Woolstenholmes,20,uwoolstenholmesgv@nsw.gov.au,France,78604 CEDEX,red,12/25/2021,301672.96
609,Jacquenetta,Boswell,25,jboswellgw@1688.com,United States,28405,blue,4/3/2022,229334.77
610,Papagena,Sisse,36,psissegx@lycos.com,France,51571 CEDEX 2,blue,11/11/2013,906353.23
611,Bayard,Lodwig,63,blodwiggy@tripadvisor.com,France,95809 CEDEX,green,7/31/2014,964267.84
612,Marrilee,Wardroper,41,mwardropergz@acquirethisname.com,France,75609 CEDEX 12,green,10/4/2010,523230.16
613,Cart,Chittock,51,cchittockh0@skype.com,France,91229 CEDEX,green,11/29/2016,991172.62
614,Colleen,Tolan,54,ctolanh1@google.com.br,United States,55573,green,7/18/2020,661821.62
615,Letizia,Scarrott,36,lscarrotth2@mtv.com,France,95061 CEDEX 1,blue,6/16/2020,413400.63
616,Adora,Tritten,26,atrittenh3@newyorker.com,United States,93584,blue,8/2/2018,795071.4
617,Vivian,Maggs,64,vmaggsh4@t.co,Canada,S0H,blue,4/19/2012,751316.07
618,Hamlin,Karlsson,38,hkarlssonh5@histats.com,France,50204 CEDEX,blue,7/16/2018,771832.03
619,Adlai,Adicot,50,aadicoth6@pinterest.com,United Kingdom,M34,green,5/21/2022,131152.48
620,Stearn,Linnane,46,slinnaneh7@photobucket.com,France,94804 CEDEX,red,8/16/2012,775925.28
621,Germana,Thurner,19,gthurnerh8@sphinn.com,France,06182 CEDEX 2,blue,4/17/2021,437511.66
622,Raphael,Faich,24,rfaichh9@twitpic.com,Mexico,56617,blue,1/27/2019,445632.35
623,Meaghan,Sorrel,36,msorrelha@alibaba.com,Canada,B3T,blue,6/2/2017,288945.68
624,Gerick,Culshaw,40,gculshawhb@ca.gov,United States,63150,blue,6/10/2020,761506.71
625,Kristoforo,Bridywater,60,kbridywaterhc@earthlink.net,United States,50393,blue,7/7/2015,852611.7
626,Vergil,Whaymand,40,vwhaymandhd@thetimes.co.uk,United States,24009,green,5/23/2016,753821.54
627,Celina,Kolin,19,ckolinhe@cbslocal.com,United States,33715,green,2/4/2012,173550.69
628,Brent,Gartenfeld,44,bgartenfeldhf@ucsd.edu,Mexico,33102,blue,3/14/2015,559574.85
629,Britteny,Eltune,42,beltunehg@kickstarter.com,Mexico,93610,blue,1/24/2022,748588.13
630,Halsy,Rossbrook,44,hrossbrookhh@toplist.cz,Canada,L3V,blue,1/22/2021,737466.73
631,Arda,Klaus,44,aklaushi@sakura.ne.jp,United States,93106,green,2/2/2015,917018.77
632,Rosene,Sotheby,33,rsothebyhj@dailymail.co.uk,United States,98158,blue,10/24/2017,958423.29
633,Ira,Cerith,35,icerithhk@house.gov,Mexico,74960,blue,4/24/2022,823155.9
634,Ranique,Grubbe,35,rgrubbehl@hud.gov,France,56209 CEDEX,green,10/2/2011,836723.2
635,Candra,Dyble,58,cdyblehm@baidu.com,Germany,45356,red,3/16/2013,411271.76
636,Willie,Izkoveski,35,wizkoveskihn@123-reg.co.uk,United States,63121,green,4/9/2022,120102.05
637,Deidre,Phizakarley,36,dphizakarleyho@yahoo.co.jp,United States,20057,green,5/20/2021,737830.72
638,Dorthea,Brims,37,dbrimshp@vinaora.com,Germany,45149,red,7/30/2022,28740.03
639,Hubie,Fairweather,28,hfairweatherhq@virginia.edu,Canada,L2V,red,5/15/2013,563485.54
640,Gretchen,Averill,18,gaverillhr@sakura.ne.jp,United States,60681,blue,2/27/2012,188012.31
641,Say,Pullar,64,spullarhs@cisco.com,France,80104 CEDEX,red,1/20/2016,357221.57
642,Martica,Huriche,51,mhuricheht@wufoo.com,Mexico,51950,green,6/9/2020,672224.32
643,Petey,McKinie,21,pmckiniehu@businesswire.com,Germany,22339,red,9/19/2013,247566.37
644,Adelind,Poe,55,apoehv@answers.com,France,87077 CEDEX 9,blue,9/4/2013,522448.34
645,Aggie,Esmond,42,aesmondhw@google.com.au,Canada,M9L,blue,10/25/2011,912570.23
646,Karl,Smewings,19,ksmewingshx@apple.com,Canada,B0L,blue,3/19/2016,831816.39
647,Karlee,Finch,55,kfinchhy@amazon.de,United States,30245,green,11/5/2012,897900.13
648,Yankee,Beeho,28,ybeehohz@elpais.com,United States,32590,green,10/18/2018,909134.05
649,Sky,LaBastida,58,slabastidai0@cnet.com,Mexico,93429,blue,2/7/2022,396640.01
650,Fiorenze,Meneghi,46,fmeneghii1@vk.com,France,77794 CEDEX,green,10/23/2012,278086.16
651,Halie,Juara,44,hjuarai2@imdb.com,Mexico,92880,green,6/11/2010,288560.66
652,Deeanne,Simister,62,dsimisteri3@domainmarket.com,France,66945 CEDEX,green,5/13/2020,505083.91
653,Cosimo,Bourdice,51,cbourdicei4@ebay.co.uk,United States,19892,blue,12/4/2018,174819.42
654,Yetta,Trengrove,39,ytrengrovei5@moonfruit.com,United States,10009,blue,10/6/2015,881234.66
655,Barri,Gallear,37,bgalleari6@newyorker.com,Germany,45356,blue,8/7/2011,308654.08
656,Essie,Phillins,48,ephillinsi7@theatlantic.com,Mexico,72595,green,4/13/2016,319845.27
657,Ian,Yurlov,18,iyurlovi8@un.org,France,80075 CEDEX 1,green,7/26/2011,930591.64
658,Whit,Grundy,18,wgrundyi9@telegraph.co.uk,Mexico,51247,red,6/24/2013,905947.07
659,Clarita,Klein,53,ckleinia@wp.com,France,78067 CEDEX,green,2/12/2019,398164.28
660,Harlan,Venditti,42,hvendittiib@gnu.org,United States,96835,red,9/3/2019,978786.69
661,Olenolin,Iianon,48,oiianonic@timesonline.co.uk,Mexico,79960,red,3/16/2012,76807.42
662,Blair,Wigzell,39,bwigzellid@wikimedia.org,France,51054 CEDEX,blue,4/26/2017,180559.11
663,Karlotte,Mockford,35,kmockfordie@cargocollective.com,France,95604 CEDEX,red,2/6/2015,320536.02
664,Trent,Caspell,20,tcaspellif@columbia.edu,Canada,M9R,red,11/14/2013,249507.84
665,Nevile,Ruddy,18,nruddyig@state.gov,United States,32304,blue,6/21/2013,38113.35
666,Genevra,Patillo,37,gpatilloih@gmpg.org,Canada,H9P,green,6/18/2013,174540.02
667,Odelinda,Tuffey,60,otuffeyii@simplemachines.org,Mexico,51016,blue,1/30/2019,210149.3
668,Leeann,Loughan,58,lloughanij@dmoz.org,France,59734 CEDEX,green,5/14/2016,593415.75
669,Domingo,Fieldsend,36,dfieldsendik@techcrunch.com,Canada,X0G,green,12/28/2019,631897.35
670,Tilda,Pellamonuten,33,tpellamonutenil@facebook.com,France,44324 CEDEX 3,green,8/21/2012,845436.81
671,Kinnie,Pardal,42,kpardalim@army.mil,United Kingdom,DN36,green,10/14/2019,531200.19
672,Virgil,Brewett,35,vbrewettin@mediafire.com,United States,34629,green,2/21/2016,26750.75
673,Darius,Bestwick,40,dbestwickio@xing.com,United States,60619,green,5/25/2013,388247.49
674,Ardath,Bold,39,aboldip@simplemachines.org,Mexico,70630,red,1/19/2016,755992.72
675,Sarette,Svanini,39,ssvaniniiq@bizjournals.com,Mexico,40054,blue,5/3/2010,482485.63
676,Oswald,Marcroft,44,omarcroftir@myspace.com,France,95234,red,9/10/2019,12753.82
677,Birdie,Kennally,21,bkennallyis@netvibes.com,Mexico,93420,red,3/5/2020,556928.24
678,Masha,Halle,41,mhalleit@yandex.ru,United States,77075,green,2/22/2012,305982.49
679,Dee,Skurm,56,dskurmiu@sfgate.com,Canada,T7N,red,9/1/2016,334201.77
680,Efrem,Falkous,60,efalkousiv@indiatimes.com,France,75151 CEDEX 03,red,8/5/2022,566963.35
681,Thorvald,Babidge,30,tbabidgeiw@webmd.com,Mexico,29557,red,1/24/2013,671809.46
682,Guthrie,Crosen,58,gcrosenix@wix.com,Canada,S9V,red,1/6/2013,498641.9
683,Vida,Trustram,28,vtrustramiy@businessinsider.com,France,45404 CEDEX,green,10/31/2018,508805.11
684,Clarie,Conrath,52,cconrathiz@smugmug.com,United States,63180,blue,1/19/2021,185175.78
685,Sarina,Arzu,18,sarzuj0@last.fm,Canada,E2L,green,2/8/2015,573659.77
686,Deloris,Suttle,31,dsuttlej1@sciencedirect.com,France,33050 CEDEX,blue,1/26/2014,598276.34
687,Jordon,Coppens,60,jcoppensj2@paginegialle.it,Canada,E5B,blue,1/16/2010,651110.89
688,Ilka,Briskey,30,ibriskeyj3@ask.com,United States,14604,green,10/24/2013,351188.86
689,Cherlyn,Edlin,35,cedlinj4@bandcamp.com,Canada,G8K,red,11/12/2019,337110.23
690,Dimitry,Shevill,29,dshevillj5@behance.net,France,75729 CEDEX 15,red,4/21/2013,378415.44
691,Madonna,Bontoft,43,mbontoftj6@qq.com,Mexico,29950,red,3/10/2020,255966.79
692,Cathy,McArte,65,cmcartej7@google.ca,United States,32830,green,3/9/2012,897754.13
693,Quincy,Berntssen,57,qberntssenj8@ucla.edu,Mexico,47685,blue,8/31/2019,98572.23
694,Marshal,Bruckent,52,mbruckentj9@tumblr.com,France,14040 CEDEX 4,red,2/24/2022,705382.0
695,Dinny,De Blasi,41,ddeblasija@usda.gov,Canada,K2J,green,8/14/2011,681478.16
696,Jillene,Keneleyside,21,jkeneleysidejb@google.it,France,77316 CEDEX 2,blue,1/19/2016,883766.01
697,Mollie,Vail,28,mvailjc@intel.com,United Kingdom,BS14,red,3/16/2021,814569.55
698,Lizabeth,Garretson,37,lgarretsonjd@redcross.org,France,94972 CEDEX 9,blue,5/7/2012,755769.66
699,Udell,Ruggles,48,urugglesje@thetimes.co.uk,Mexico,47685,blue,6/12/2010,547488.2
700,Antone,Demke,21,ademkejf@wunderground.com,Mexico,95098,blue,6/1/2018,854392.04
701,Roshelle,Freyn,64,rfreynjg@wikipedia.org,United Kingdom,EH9,green,9/30/2014,41110.69
702,Quint,Bubear,44,qbubearjh@omniture.com,Mexico,94107,blue,9/24/2021,960820.91
703,Ezmeralda,Allibon,62,eallibonji@photobucket.com,Canada,J5M,green,5/30/2020,594969.39
704,Fabiano,Lindhe,44,flindhejj@ucoz.com,France,92727 CEDEX,red,1/5/2011,71845.22
705,Eugenia,Lampens,18,elampensjk@google.ru,United States,35805,red,11/12/2021,364853.76
706,Alisha,Figger,55,afiggerjl@cafepress.com,Mexico,51690,red,4/27/2012,532597.27
707,Prisca,Northam,62,pnorthamjm@mozilla.com,France,26204 CEDEX,blue,3/21/2022,570550.23
708,Irwinn,Thorby,24,ithorbyjn@google.co.jp,United States,28299,red,10/25/2018,846977.96
709,Norman,Ketchaside,52,nketchasidejo@reuters.com,Canada,T1S,green,5/24/2014,134113.13
710,Jule,Meindl,58,jmeindljp@rakuten.co.jp,France,30404 CEDEX,blue,4/17/2016,986547.77
711,Bealle,Tarbin,21,btarbinjq@miibeian.gov.cn,France,56109 CEDEX,red,1/13/2015,118536.2
712,Miltie,Rudland,28,mrudlandjr@sciencedirect.com,France,22304 CEDEX,green,9/10/2022,718382.74
713,Shandeigh,Bultitude,36,sbultitudejs@yolasite.com,France,13524 CEDEX,blue,5/15/2013,317471.69
714,Barbabas,Drakard,39,bdrakardjt@msu.edu,United States,47737,red,8/14/2017,534652.34
715,Yevette,Farrier,26,yfarrierju@plala.or.jp,United States,33884,blue,2/23/2012,668787.4
716,Carolina,Bartolomeazzi,42,cbartolomeazzijv@gov.uk,Canada,H3R,blue,3/17/2016,463632.54
717,Tammie,Kennally,25,tkennallyjw@dailymail.co.uk,France,44945 CEDEX 9,red,6/2/2014,974504.94
718,Stacie,Durdle,60,sdurdlejx@bigcartel.com,United States,85246,red,8/15/2016,103106.25
719,Rusty,Danilchik,54,rdanilchikjy@boston.com,United States,70116,blue,10/20/2018,678737.89
720,Guendolen,Jouannin,21,gjouanninjz@toplist.cz,Canada,L1Z,blue,3/24/2015,48208.11
721,Reggie,Allmen,35,rallmenk0@dagondesign.com,France,28404 CEDEX,green,4/1/2021,218053.07
722,Ralph,Boucher,26,rboucherk1@si.edu,France,76101 CEDEX,green,10/29/2010,868022.09
723,Ophelia,Cohane,63,ocohanek2@hubpages.com,Mexico,52140,blue,2/12/2017,191899.3
724,Marinna,Lantaph,43,mlantaphk3@examiner.com,Germany,45886,blue,10/13/2013,456367.19
725,Darice,Shawley,36,dshawleyk4@eventbrite.com,United States,80920,blue,12/26/2020,123543.63
726,Agustin,Pridmore,64,apridmorek5@si.edu,United Kingdom,GU32,green,5/25/2021,100909.1
727,Osborne,Medland,48,omedlandk6@instagram.com,Mexico,43161,green,10/2/2013,270593.64
728,Livy,Devita,52,ldevitak7@wired.com,United States,53263,blue,11/1/2017,983006.38
729,Fay,Lillyman,39,flillymank8@elegantthemes.com,United States,90030,red,2/11/2013,785693.99
730,Vance,Paice,33,vpaicek9@mozilla.org,Mexico,71836,blue,1/15/2019,574244.85
731,Wittie,Busek,58,wbusekka@nyu.edu,France,75737 CEDEX 15,green,8/23/2020,757977.55
732,Lauri,Bartoszek,35,lbartoszekkb@constantcontact.com,Mexico,26095,green,5/1/2012,648721.93
733,Kip,Barta,58,kbartakc@zdnet.com,France,19117 CEDEX,red,6/9/2018,587626.56
734,Janos,Drissell,29,jdrissellkd@squidoo.com,France,69206 CEDEX 01,blue,11/20/2022,101422.62
735,Rubia,Pettie,28,rpettieke@apache.org,United States,60567,blue,11/23/2016,789625.84
736,Fee,Vaun,41,fvaunkf@techcrunch.com,Canada,K7S,red,1/18/2019,401159.03
737,Frasier,Belford,18,fbelfordkg@skyrock.com,Mexico,68430,blue,11/9/2015,732516.29
738,Vincenz,Liversedge,36,vliversedgekh@jigsy.com,United States,33448,red,12/26/2018,242129.79
739,Leslie,Holbie,41,lholbieki@lulu.com,France,81028 CEDEX 9,red,1/2/2011,731498.11
740,Lynne,Moland,46,lmolandkj@china.com.cn,France,75080 CEDEX 02,green,11/7/2022,14514.83
741,Noell,Good,40,ngoodkk@sitemeter.com,France,67609 CEDEX,green,3/20/2021,20822.4
742,Fiona,Marke,19,fmarkekl@chron.com,United States,72118,green,10/2/2019,124680.13
743,Reade,Maryet,43,rmaryetkm@4shared.com,France,76304 CEDEX,blue,9/20/2011,104942.86
744,Monte,Huller,32,mhullerkn@1688.com,France,95697 CEDEX,red,2/12/2015,464459.71
745,Basilius,Scatchar,64,bscatcharko@devhub.com,Mexico,26030,blue,9/17/2020,663912.26
746,Creight,Fussie,52,cfussiekp@salon.com,United States,23289,red,6/25/2020,41242.93
747,Sully,Amys,28,samyskq@geocities.com,Mexico,78783,blue,1/26/2012,977040.57
748,Dallas,Rocca,51,droccakr@w3.org,France,90009 CEDEX,blue,12/26/2021,837594.75
749,Shirleen,Belli,40,sbelliks@squarespace.com,United States,77806,red,2/27/2019,33683.08
750,Yasmin,Schaben,34,yschabenkt@php.net,Mexico,51016,blue,8/13/2016,302885.63
751,Fifi,Walwood,57,fwalwoodku@people.com.cn,Mexico,39200,red,4/7/2019,782510.47
752,Gilles,Ashborne,22,gashbornekv@npr.org,France,70030 CEDEX,blue,2/28/2019,491315.03
753,Peg,Blaiklock,46,pblaiklockkw@indiatimes.com,United States,20078,red,9/27/2018,772355.34
754,Liana,Allport,34,lallportkx@github.com,France,14058 CEDEX 4,green,7/25/2022,268073.23
755,Eunice,Scardefield,58,escardefieldky@freewebs.com,United States,15250,blue,7/30/2020,779029.72
756,Emyle,Dendle,22,edendlekz@netscape.com,United States,06510,green,8/6/2020,479399.14
757,Ardyce,Founds,34,afoundsl0@github.io,Mexico,93848,blue,7/11/2021,562558.27
758,Clair,Chestney,59,cchestneyl1@seattletimes.com,France,78504 CEDEX,red,1/17/2011,703426.85
759,Isabeau,Gohn,40,igohnl2@tamu.edu,United States,23612,green,4/20/2013,105733.17
760,Wadsworth,Caukill,38,wcaukilll3@sphinn.com,France,29228 CEDEX 2,red,8/11/2011,379082.01
761,Deana,Cecchetelli,61,dcecchetellil4@surveymonkey.com,France,35203 CEDEX 2,blue,9/28/2020,996909.5
762,Bay,Nuzzti,44,bnuzztil5@prlog.org,Mexico,38900,blue,9/1/2013,281109.24
763,Sinclare,Tidbury,19,stidburyl6@jugem.jp,United States,33673,blue,12/28/2019,851287.68
764,Shaun,Khosa,58,skhosal7@addthis.com,Canada,K7A,green,8/4/2022,506658.96
765,Christabel,McMorran,23,cmcmorranl8@wix.com,France,71024 CEDEX 9,red,1/19/2013,877636.28
766,Josepha,Hoggan,59,jhogganl9@eepurl.com,Mexico,87326,blue,5/30/2021,95635.6
767,Marcelia,Striker,30,mstrikerla@bing.com,France,38014 CEDEX 1,blue,2/25/2010,577695.83
768,Hussein,Bambury,52,hbamburylb@mediafire.com,France,44911 CEDEX 9,blue,5/8/2012,689212.58
769,Malvin,Realph,55,mrealphlc@marketwatch.com,Canada,M3H,red,2/13/2015,625830.65
770,Nadya,Kender,48,nkenderld@accuweather.com,United States,80279,red,6/26/2012,747280.27
771,Halie,Miskimmon,29,hmiskimmonle@addtoany.com,Canada,J6V,green,9/14/2020,811172.25
772,Flory,Fogel,63,ffogellf@dmoz.org,Canada,V2X,red,6/17/2012,795652.18
773,Charlot,Deaconson,54,cdeaconsonlg@nymag.com,Canada,B9A,green,7/28/2019,116984.66
774,Trescha,Antonich,57,tantonichlh@fastcompany.com,France,23016 CEDEX,red,12/4/2012,429365.6
775,Mabelle,Magog,60,mmagogli@state.gov,France,75706 CEDEX 13,blue,10/4/2022,625569.55
776,Rianon,Lindsley,31,rlindsleylj@jiathis.com,France,94865 CEDEX,blue,6/23/2010,396394.03
777,Arvie,Mincini,21,amincinilk@eventbrite.com,France,35059 CEDEX,blue,3/10/2012,719203.59
778,Aubry,Khotler,31,akhotlerll@ehow.com,Canada,G5N,red,1/16/2017,376880.45
779,Lidia,Soane,65,lsoanelm@unc.edu,United States,16565,blue,2/13/2014,58762.84
780,Rancell,Fereday,21,rferedayln@topsy.com,Canada,H3R,red,7/9/2022,89656.26
781,Randolf,Bancroft,20,rbancroftlo@narod.ru,United States,85099,green,11/15/2022,764186.19
782,Emelita,Bannon,51,ebannonlp@last.fm,France,69644 CEDEX,blue,9/19/2019,531322.94
783,Gipsy,Mulvany,20,gmulvanylq@illinois.edu,United States,32590,blue,4/11/2021,774902.05
784,Craig,Casley,42,ccasleylr@gravatar.com,France,57509 CEDEX,red,3/21/2022,875115.51
785,Gib,Jobbins,35,gjobbinsls@elpais.com,Mexico,69818,green,5/7/2015,313844.96
786,Antonella,McKeran,22,amckeranlt@histats.com,France,95046 CEDEX 1,red,12/18/2017,281887.5
787,Katya,Banyard,29,kbanyardlu@hp.com,United States,90305,green,1/17/2013,315691.37
788,Thaddus,Gravell,35,tgravelllv@over-blog.com,United States,37995,blue,11/23/2014,856791.18
789,Jerome,Tales,24,jtaleslw@reverbnation.com,Canada,V9C,red,11/23/2021,765154.14
790,Hillyer,Voce,24,hvocelx@google.cn,Germany,44795,red,11/25/2012,652584.26
791,Andromache,Loche,27,alochely@opensource.org,United States,67210,green,7/20/2017,76053.9
792,Mirabelle,Oleszkiewicz,46,moleszkiewiczlz@phpbb.com,United States,98506,red,12/5/2010,824809.76
793,Klarika,Seabrook,24,kseabrookm0@soup.io,Mexico,88925,blue,8/18/2014,286939.75
794,Christie,Merritt,53,cmerrittm1@sfgate.com,Germany,22041,red,7/12/2020,108766.49
795,Jerad,Sodeau,59,jsodeaum2@howstuffworks.com,France,34404 CEDEX,green,12/3/2013,382143.84
796,Vi,Lippitt,36,vlippittm3@yellowbook.com,Canada,P0M,blue,10/30/2020,411836.06
797,Pearce,Turvey,36,pturveym4@berkeley.edu,Canada,J7G,blue,1/8/2022,342793.24
798,Web,Dawdry,53,wdawdrym5@cnet.com,France,75784 CEDEX 16,green,1/19/2022,161627.19
799,Ashlen,Strawbridge,61,astrawbridgem6@businessweek.com,France,95974 CEDEX 2,green,8/27/2010,441271.15
800,Gilly,MacHarg,54,gmachargm7@timesonline.co.uk,Mexico,31770,blue,3/18/2020,80179.48
801,Derry,Claesens,56,dclaesensm8@google.com.hk,France,91851 CEDEX,blue,11/11/2013,341580.45
802,Nick,Bullivant,20,nbullivantm9@jimdo.com,Germany,22303,blue,8/5/2021,419685.19
803,Kelli,Bland,20,kblandma@ft.com,France,93737 CEDEX 9,red,2/10/2013,479657.71
804,Koenraad,Kubczak,24,kkubczakmb@hugedomains.com,United States,06721,blue,10/22/2011,245869.88
805,Gwenore,Aylett,47,gaylettmc@tamu.edu,Canada,N9V,red,8/19/2010,278944.25
806,Webb,Methuen,33,wmethuenmd@booking.com,United States,80126,green,5/18/2022,603549.79
807,Noelle,Jonas,38,njonasme@cdc.gov,France,13792 CEDEX 3,red,9/6/2010,817400.29
808,Tessi,Pietruschka,59,tpietruschkamf@github.com,Mexico,38204,red,2/7/2021,726277.79
809,Papagena,Hairon,35,phaironmg@wordpress.com,France,60315 CEDEX 5,green,4/4/2013,827363.5
810,Ursulina,Mandrier,58,umandriermh@miibeian.gov.cn,France,67029 CEDEX 1,blue,6/13/2017,423211.91
811,Anestassia,Sonner,29,asonnermi@weibo.com,France,31673 CEDEX,green,1/16/2012,849123.99
812,Herschel,Glanders,31,hglandersmj@google.ru,United States,30316,red,4/29/2019,67030.58
813,Fonzie,Barnard,63,fbarnardmk@bloomberg.com,Canada,G7K,red,7/23/2014,474894.94
814,Sammy,Norvill,34,snorvillml@howstuffworks.com,United States,55573,green,2/6/2022,66412.85
815,Livvyy,Skeats,43,lskeatsmm@themeforest.net,United States,57193,blue,10/5/2018,829799.32
816,Perren,Ganiclef,18,pganiclefmn@1688.com,United States,10155,green,2/3/2017,328306.99
817,Teodor,Jaycock,59,tjaycockmo@ted.com,Canada,G0H,red,1/21/2010,852158.26
818,Forester,Krzysztofiak,55,fkrzysztofiakmp@jalbum.net,Mexico,89359,red,8/4/2011,28987.95
819,Shandra,Gass,41,sgassmq@bloglovin.com,France,75638 CEDEX 13,red,1/13/2010,34216.74
820,Scottie,Divall,31,sdivallmr@twitter.com,Mexico,54783,green,7/12/2021,224828.57
821,Emery,Burston,58,eburstonms@addtoany.com,Germany,04109,green,12/17/2020,147844.67
822,Calypso,Urling,43,curlingmt@ihg.com,Mexico,70805,green,4/21/2022,648411.86
823,Ciro,Stackbridge,28,cstackbridgemu@opera.com,Canada,K1Y,red,12/13/2014,349313.0
824,Corly,Krojn,61,ckrojnmv@digg.com,Canada,E1C,blue,10/4/2011,929727.96
825,Ephrem,Hassell,53,ehassellmw@ihg.com,France,91029 CEDEX,red,3/29/2016,654996.89
826,Verina,Romayn,26,vromaynmx@360.cn,France,74311 CEDEX,red,12/9/2018,680039.06
827,Afton,Orthmann,63,aorthmannmy@so-net.ne.jp,France,67953 CEDEX 9,blue,7/25/2011,988499.1
828,Torrance,Nixon,64,tnixonmz@list-manage.com,Canada,M4J,blue,8/21/2013,229338.15
829,Marmaduke,Thunderman,63,mthundermann0@guardian.co.uk,United States,10464,green,9/29/2015,570596.95
830,Sadella,Cleugher,54,scleughern1@mediafire.com,France,51571 CEDEX 2,red,9/24/2012,313816.81
831,Flory,Marvelley,45,fmarvelleyn2@cpanel.net,France,25014 CEDEX,blue,4/7/2020,559820.08
832,Marylin,Shuttleworth,45,mshuttleworthn3@weather.com,France,77554 CEDEX,red,9/5/2014,741866.22
833,Tiebout,Shelmardine,54,tshelmardinen4@t.co,United Kingdom,RH5,blue,4/24/2018,259080.11
834,Nahum,Azam,46,nazamn5@irs.gov,United States,80262,blue,12/13/2011,601194.21
835,Bernita,Pedlingham,51,bpedlinghamn6@liveinternet.ru,France,62247 CEDEX,blue,5/5/2010,570434.33
836,Giffer,McCallam,23,gmccallamn7@qq.com,France,78424 CEDEX,red,6/28/2010,696441.08
837,Lillis,Rapkins,47,lrapkinsn8@shop-pro.jp,Canada,G6K,blue,11/13/2015,945915.27
838,Caressa,Weaver,53,cweavern9@plala.or.jp,France,14922 CEDEX 9,blue,11/24/2018,781557.54
839,Hedda,Becken,47,hbeckenna@stumbleupon.com,France,85304 CEDEX,red,2/28/2019,993942.11
840,Verine,D'Onisi,47,vdonisinb@pinterest.com,France,16015 CEDEX,blue,6/25/2016,252414.46
841,Doralyn,Romans,61,dromansnc@moonfruit.com,Germany,45149,red,1/12/2014,197982.79
842,Andra,Suthren,18,asuthrennd@flickr.com,United States,76129,blue,11/29/2016,585107.88
843,Quinton,Raynard,58,qraynardne@google.nl,France,59715 CEDEX 9,green,10/24/2016,293882.72
844,Halie,Coyish,32,hcoyishnf@cornell.edu,United States,90065,blue,10/21/2014,866368.41
845,Dorian,Amiranda,21,damirandang@archive.org,France,11493 CEDEX,blue,6/1/2017,165075.72
846,Selena,Wetter,51,swetternh@is.gd,Canada,H4J,blue,9/9/2014,37.51
847,Chane,Lehr,46,clehrni@state.gov,France,78181 CEDEX,green,1/23/2016,57697.4
848,Aeriell,Kenright,38,akenrightnj@xing.com,France,38009 CEDEX 1,green,10/3/2017,131426.64
849,Jarret,Carlile,48,jcarlilenk@parallels.com,Germany,44269,green,12/7/2015,102905.06
850,Merrel,Sergeant,37,msergeantnl@webeden.co.uk,Canada,J3V,red,12/21/2010,678053.84
851,Ofelia,Rawlison,47,orawlisonnm@cornell.edu,United Kingdom,RH5,green,5/1/2014,228218.67
852,Gilly,Upex,26,gupexnn@g.co,United States,23459,blue,12/29/2014,614434.93
853,Kora,Wheatland,55,kwheatlandno@cam.ac.uk,Germany,38126,green,7/4/2021,66123.36
854,Daron,Kingsnode,28,dkingsnodenp@ihg.com,France,95219 CEDEX,red,8/10/2019,149022.4
855,Maurits,Kittel,21,mkittelnq@nytimes.com,Canada,N5R,blue,10/18/2018,226866.43
856,Abbott,Mitchall,62,amitchallnr@si.edu,Canada,J9E,green,7/5/2021,196367.71
857,Adamo,Durand,29,adurandns@clickbank.net,Mexico,30815,red,3/29/2016,89137.6
858,Catherine,Curzon,43,ccurzonnt@webmd.com,France,13393 CEDEX 13,green,2/15/2022,917292.26
859,Keane,Spaughton,31,kspaughtonnu@java.com,United States,18105,blue,11/11/2016,563597.59
860,Fielding,Hatchett,63,fhatchettnv@over-blog.com,United States,33731,blue,10/31/2013,117258.93
861,Roseanne,Cocklie,26,rcocklienw@eepurl.com,France,75675 CEDEX 14,blue,1/5/2017,118729.31
862,Christoph,Merner,20,cmernernx@mashable.com,France,44958 CEDEX 9,green,2/29/2016,827139.14
863,Peirce,Whitechurch,21,pwhitechurchny@phoca.cz,France,47555 CEDEX,green,3/27/2015,471410.2
864,Marysa,Ort,38,mortnz@cbslocal.com,Canada,J7G,red,6/18/2021,220911.51
865,Waylin,Thresh,41,wthresho0@soundcloud.com,United States,23237,red,3/18/2022,773000.23
866,Deni,Kellegher,23,dkelleghero1@statcounter.com,Canada,S7W,blue,10/25/2016,119212.1
867,Linc,Gillfillan,33,lgillfillano2@weather.com,Mexico,86350,red,1/15/2020,776119.25
868,Brendan,MacCallister,46,bmaccallistero3@comcast.net,France,33050 CEDEX,blue,7/27/2019,540650.96
869,Felicdad,Reddoch,50,freddocho4@illinois.edu,United States,75236,blue,4/10/2011,976127.65
870,Kim,Blything,20,kblythingo5@fastcompany.com,Mexico,92035,green,3/22/2019,340573.07
871,Cesaro,Bonniface,24,cbonnifaceo6@jugem.jp,France,75464 CEDEX 10,green,12/29/2011,967785.39
872,Margarethe,Carlucci,50,mcarluccio7@illinois.edu,France,71109 CEDEX,green,1/15/2012,657858.86
873,Rayna,Aidler,65,raidlero8@alibaba.com,United States,19120,red,3/28/2018,488226.63
874,Corie,Splevins,24,csplevinso9@spiegel.de,Canada,V5Y,red,5/25/2021,817253.37
875,Teresina,Give,48,tgiveoa@artisteer.com,France,59640,red,6/22/2021,118805.49
876,Wallis,Sarjant,36,wsarjantob@ucoz.ru,United Kingdom,N3,green,10/11/2021,518104.92
877,Doralynn,De Bernardis,29,ddebernardisoc@elegantthemes.com,United States,91406,blue,10/23/2022,376426.96
878,Ferdinande,Duncan,40,fduncanod@t-online.de,Canada,S3N,blue,3/19/2015,858006.68
879,Nathalie,Hagart,52,nhagartoe@irs.gov,Mexico,93848,red,1/2/2013,50169.85
880,Michel,Scholte,36,mscholteof@ibm.com,United States,76705,green,12/27/2022,99899.82
881,Carlie,Records,42,crecordsog@t-online.de,United States,31136,red,7/8/2010,32753.92
882,Brew,Wragg,63,bwraggoh@friendfeed.com,Mexico,89355,red,3/29/2011,331378.72
883,Biron,Oldale,28,boldaleoi@ehow.com,Mexico,30509,green,9/28/2015,511237.56
884,Lenee,Bucktharp,34,lbucktharpoj@state.gov,Canada,M4H,green,10/18/2022,254929.23
885,Tam,Hansmann,41,thansmannok@google.com.hk,Canada,V1Z,blue,10/1/2022,800553.43
886,Selig,Haggus,24,shaggusol@rakuten.co.jp,France,75270 CEDEX 06,blue,8/8/2013,38610.6
887,Will,Rapo,61,wrapoom@cnn.com,United Kingdom,AB55,red,12/24/2019,18569.84
888,Grady,Burchnall,33,gburchnallon@linkedin.com,Canada,G6K,blue,6/14/2017,125322.35
889,Janis,Thunder,24,jthunderoo@dell.com,Mexico,37861,blue,10/22/2011,317266.5
890,Adrian,Ludwig,58,aludwigop@tinyurl.com,France,94264 CEDEX,blue,5/7/2012,558958.27
891,Colene,Kidsley,41,ckidsleyoq@dropbox.com,Canada,J4N,blue,9/19/2011,658975.1
892,Frederigo,Neno,30,fnenoor@multiply.com,France,77529 CEDEX,red,1/26/2017,478370.46
893,Sully,Hallas,46,shallasos@arstechnica.com,United States,37240,green,3/24/2010,768425.9
894,Mechelle,Purcell,23,mpurcellot@studiopress.com,Canada,G5R,blue,11/13/2017,896662.14
895,Maximo,Crooks,32,mcrooksou@flickr.com,United Kingdom,NG34,green,3/11/2011,312714.13
896,Marlyn,Merigeau,29,mmerigeauov@free.fr,Mexico,88925,red,10/26/2017,661125.33
897,Bennett,Clow,31,bclowow@tamu.edu,United States,34479,green,9/10/2020,416746.21
898,Arty,De La Salle,59,adelasalleox@cocolog-nifty.com,Germany,22453,red,6/3/2016,925013.2
899,Emmy,Baudouin,46,ebaudouinoy@hugedomains.com,Mexico,30103,red,2/2/2018,212728.54
900,Reynard,MacCrann,27,rmaccrannoz@tinyurl.com,France,75166 CEDEX 19,blue,2/3/2011,561105.38
901,Ebenezer,Janoschek,23,ejanoschekp0@oaic.gov.au,France,64504 CEDEX,blue,4/30/2014,859414.57
902,Mitchael,Lakey,55,mlakeyp1@chron.com,France,13654 CEDEX,red,9/11/2010,833542.76
903,Allis,Bullingham,56,abullinghamp2@xing.com,United States,78265,red,5/11/2022,459044.8
904,Faina,Bumphries,62,fbumphriesp3@1und1.de,Mexico,41800,green,1/30/2015,634724.91
905,Dougy,Bennison,54,dbennisonp4@symantec.com,France,45957 CEDEX 9,red,8/11/2010,146998.5
906,Melantha,Keenleyside,50,mkeenleysidep5@qq.com,United States,75049,red,6/8/2015,837235.69
907,Berton,Kliner,27,bklinerp6@wikipedia.org,France,95874 CEDEX,blue,1/31/2014,806986.56
908,Paton,Stanyard,32,pstanyardp7@sbwire.com,France,22304 CEDEX,green,12/23/2017,232562.5
909,Andres,Matzke,53,amatzkep8@slashdot.org,United States,48912,blue,4/9/2011,665877.93
910,Kylie,Lyvon,52,klyvonp9@columbia.edu,France,75604 CEDEX 12,red,11/27/2021,766927.18
911,Klaus,Olechnowicz,56,kolechnowiczpa@dagondesign.com,France,18104 CEDEX,red,9/27/2016,493959.4
912,Roslyn,Bellefant,20,rbellefantpb@amazon.com,Canada,T4H,blue,9/7/2021,285012.62
913,Willdon,Philpott,43,wphilpottpc@weather.com,United States,72209,blue,10/31/2016,864595.37
914,Kristos,MacIntosh,38,kmacintoshpd@adobe.com,United States,55572,blue,7/14/2012,193279.26
915,Lemuel,Bagshaw,41,lbagshawpe@unblog.fr,France,69406 CEDEX 03,green,3/23/2019,489146.19
916,Monah,Dulinty,63,mdulintypf@addtoany.com,France,94124 CEDEX,red,1/2/2020,878813.05
917,Clemmie,O'Rourke,28,corourkepg@alibaba.com,Canada,V9C,blue,12/25/2016,773986.45
918,Nicolina,Alldread,52,nalldreadph@skype.com,France,34975 CEDEX,blue,2/1/2014,216070.11
919,Zerk,Gater,25,zgaterpi@merriam-webster.com,France,68264 CEDEX,blue,4/30/2011,30227.83
920,Sutton,Caseborne,33,scasebornepj@seattletimes.com,Germany,37217,red,1/2/2020,880722.75
921,Ignacio,Pietruszka,63,ipietruszkapk@photobucket.com,Canada,T1J,blue,9/14/2012,4111.9
922,Nessa,Storek,32,nstorekpl@elpais.com,Mexico,47450,green,6/11/2013,281251.15
923,Sterne,Olliffe,25,solliffepm@joomla.org,France,93126 CEDEX,blue,2/5/2022,355480.31
924,Nerita,Triggle,50,ntrigglepn@apple.com,United Kingdom,WC1B,red,10/27/2014,105945.13
925,Bartholomeus,Habbert,56,bhabbertpo@cargocollective.com,France,75643 CEDEX 13,red,6/15/2017,992299.84
926,Ciro,McConway,28,cmcconwaypp@uol.com.br,Canada,T9H,green,11/18/2019,898834.03
927,Pansie,Roger,41,progerpq@a8.net,United States,33982,blue,9/19/2011,890297.38
928,Lorianna,Signori,57,lsignoripr@chronoengine.com,Germany,51149,blue,11/29/2018,41866.69
929,Nick,Zecchini,36,nzecchinips@china.com.cn,France,80891 CEDEX 3,green,2/24/2013,174216.19
930,Kelbee,Headings,57,kheadingspt@themeforest.net,United States,79491,blue,8/23/2014,485685.99
931,Linn,Tattam,29,ltattampu@cmu.edu,France,64039 CEDEX,red,10/22/2015,317192.42
932,Demetris,Wieprecht,61,dwieprechtpv@adobe.com,France,17044 CEDEX 1,green,2/9/2011,297568.95
933,Worth,Soares,63,wsoarespw@economist.com,United States,75236,blue,3/25/2016,600637.09
934,Vonny,Noblett,31,vnoblettpx@statcounter.com,United States,74184,green,4/9/2013,834508.17
935,Dian,Pickaver,43,dpickaverpy@nps.gov,France,34975 CEDEX,green,8/10/2021,304042.67
936,Terry,Jeffreys,60,tjeffreyspz@theguardian.com,United States,84125,green,5/12/2010,212163.94
937,Regan,Dahill,63,rdahillq0@narod.ru,France,03209 CEDEX,red,8/26/2016,336656.0
938,Mirna,Dosdill,43,mdosdillq1@instagram.com,France,75075 CEDEX 02,red,4/1/2011,757321.43
939,Clim,Moxom,31,cmoxomq2@webnode.com,France,42335 CEDEX,red,12/20/2013,19209.58
940,Roddy,Curado,48,rcuradoq3@techcrunch.com,United States,48206,green,5/7/2011,633524.98
941,Wakefield,Bosson,29,wbossonq4@gov.uk,France,13095 CEDEX 2,red,11/11/2013,655064.3
942,Alfi,Monument,58,amonumentq5@bloglines.com,United States,33436,green,3/28/2012,855146.98
943,Miran,Stadden,42,mstaddenq6@odnoklassniki.ru,Canada,J7X,green,9/21/2018,610083.61
944,Alexio,McCaskill,54,amccaskillq7@naver.com,United States,19172,green,6/5/2015,520777.17
945,Nicolette,Medlar,38,nmedlarq8@princeton.edu,France,69939 CEDEX 20,red,6/5/2012,23180.06
946,Lesly,Dorr,38,ldorrq9@mac.com,France,13219 CEDEX 02,red,5/2/2010,720187.83
947,Gerri,Rayson,25,graysonqa@csmonitor.com,United States,53225,blue,5/15/2010,836516.19
948,Rosalinde,Liver,42,rliverqb@independent.co.uk,France,75353 SP 07,blue,5/7/2014,508435.85
949,Andy,Parken,30,aparkenqc@pagesperso-orange.fr,United States,77305,red,9/29/2016,924144.99
950,Dunstan,Lelande,41,dlelandeqd@xrea.com,United States,19810,green,9/5/2020,40718.0
951,Emelita,Keigher,31,ekeigherqe@fc2.com,Mexico,29094,blue,5/12/2022,138033.92
952,Bernarr,Morehall,53,bmorehallqf@tripod.com,Canada,K7G,green,6/9/2016,834462.3
953,Cecilio,Kemwal,20,ckemwalqg@msu.edu,United States,35805,green,4/14/2010,480747.31
954,Chevalier,Demange,59,cdemangeqh@columbia.edu,United States,36177,red,6/5/2018,251145.79
955,Jerrome,Muffin,62,jmuffinqi@ted.com,Mexico,26017,blue,6/20/2014,828641.8
956,Kev,Whale,27,kwhaleqj@google.fr,Canada,G8A,green,4/1/2012,856432.23
957,Jeffrey,Carff,23,jcarffqk@meetup.com,Mexico,88290,red,10/1/2021,291608.2
958,Ryun,Weich,29,rweichql@pagesperso-orange.fr,France,94525 CEDEX 1,green,12/15/2013,691185.44
959,Clayton,Caswall,47,ccaswallqm@home.pl,France,20414 CEDEX 9,blue,4/26/2010,527720.2
960,Cori,Blazynski,42,cblazynskiqn@theglobeandmail.com,United States,20535,red,8/5/2019,173672.86
961,Mozelle,Borgnol,52,mborgnolqo@topsy.com,Canada,N2Z,blue,2/10/2012,718987.08
962,Quintin,Abazi,27,qabaziqp@example.com,Canada,J7R,green,4/20/2011,445653.47
963,Braden,Turbard,29,bturbardqq@timesonline.co.uk,France,85923 CEDEX 9,blue,12/3/2012,81703.54
964,Reilly,McNamara,22,rmcnamaraqr@icq.com,France,60315 CEDEX 5,green,11/30/2015,109699.66
965,Mara,Aronowitz,33,maronowitzqs@microsoft.com,France,59425 CEDEX,blue,6/13/2020,76377.33
966,Reade,Rosenfrucht,38,rrosenfruchtqt@blogtalkradio.com,Canada,J7R,green,5/11/2013,175296.99
967,Lewiss,Finnan,28,lfinnanqu@multiply.com,Canada,K4K,blue,8/27/2020,247391.91
968,Courtenay,Bazek,18,cbazekqv@techcrunch.com,France,51209 CEDEX,green,4/1/2011,514701.66
969,Wilhelm,Bullen,27,wbullenqw@upenn.edu,France,39209 CEDEX,green,8/28/2022,23768.19
970,Christy,Benedtti,37,cbenedttiqx@admin.ch,Canada,M9R,blue,12/12/2010,159352.52
971,Frederigo,Ratley,36,fratleyqy@nytimes.com,Canada,L9T,red,2/19/2012,863322.33
972,Valentina,Delort,58,vdelortqz@ebay.co.uk,United Kingdom,CV35,green,10/29/2015,708722.1
973,Lindi,Daniels,53,ldanielsr0@kickstarter.com,United States,20189,blue,11/30/2022,500693.86
974,Kiley,Moden,51,kmodenr1@t-online.de,United States,98148,green,2/8/2011,337223.14
975,Romain,Lowery,59,rloweryr2@hexun.com,France,35022 CEDEX 2,green,8/31/2014,599871.71
976,Correy,Jzhakov,45,cjzhakovr3@arstechnica.com,United States,70149,green,8/11/2020,573373.06
977,Gasper,Linnane,49,glinnaner4@intel.com,France,22004 CEDEX 1,red,2/8/2015,712291.08
978,Ilsa,Heggie,44,iheggier5@wikipedia.org,Germany,51107,green,11/14/2010,83418.2
979,Giulia,Kingcote,22,gkingcoter6@nih.gov,United States,75049,green,3/9/2012,564779.55
980,Nevsa,Klezmski,25,nklezmskir7@vkontakte.ru,United States,72215,blue,9/12/2010,254402.48
981,Garrott,Streader,27,gstreaderr8@facebook.com,France,92019 CEDEX,green,2/6/2015,423040.76
982,Julieta,Bonnin,27,jbonninr9@blogspot.com,France,67039 CEDEX 2,red,8/29/2010,292585.84
983,Ignacius,Cannan,41,icannanra@jugem.jp,United States,64054,green,5/9/2017,89360.08
984,Terrye,Yarrell,48,tyarrellrb@fastcompany.com,Germany,68239,blue,10/30/2021,362243.02
985,Florinda,Saddler,23,fsaddlerrc@reuters.com,United States,15255,green,8/2/2022,114868.45
986,Twila,Domleo,19,tdomleord@moonfruit.com,Mexico,21460,red,4/15/2016,942267.42
987,Chiarra,Ubanks,42,cubanksre@answers.com,United States,20436,red,10/21/2013,83908.3
988,Evelina,Hickford,54,ehickfordrf@newsvine.com,United States,64125,blue,1/27/2018,687708.72
989,Tommie,Krishtopaittis,63,tkrishtopaittisrg@chron.com,United States,75205,blue,10/2/2013,711553.56
990,Siouxie,Urian,42,surianrh@indiatimes.com,France,13298 CEDEX 20,red,4/22/2011,779994.9
991,Zachariah,Petyanin,63,zpetyaninri@twitpic.com,Canada,E3G,green,6/5/2017,242370.4
992,Eric,Digman,49,edigmanrj@ftc.gov,France,14040 CEDEX 4,green,12/29/2015,171119.66
993,Debee,Folliott,25,dfolliottrk@imageshack.us,France,42045 CEDEX 1,green,11/5/2018,981268.2
994,Cecile,Belasco,57,cbelascorl@wsj.com,Canada,R8A,red,10/14/2017,60113.86
995,Trixi,Drewes,60,tdrewesrm@nhs.uk,France,64080 CEDEX,green,4/28/2010,419194.04
996,Olly,Bairstow,42,obairstowrn@upenn.edu,Canada,J1A,blue,2/21/2017,451249.27
997,Olly,Mathey,45,omatheyro@zdnet.com,United States,23454,green,4/29/2011,65849.52
998,Dianne,Lyle,23,dlylerp@ebay.com,France,35033 CEDEX 9,red,6/4/2019,913619.82
999,Ingra,Chamberlain,41,ichamberlainrq@microsoft.com,Canada,R3P,red,1/6/2010,12427.49
1000,Isidro,Kimmins,60,ikimminsrr@pen.io,United Kingdom,BH21,green,10/20/2013,455995.94
