agent_id,first_name,last_name,age,email,country,postal_code,favorite_color,hire_date,sales_volume
1,Fidelio,Abthorpe,43,fabthorpe0@icq.com,France,25057 CEDEX,blue,12/8/2014,291980.52
2,Skip,Kinleyside,46,skinleyside1@time.com,Canada,J5A,red,4/22/2011,603808.59
3,Clayborne,Byars,23,cbyars2@cdc.gov,United States,31416,green,4/17/2021,49840.02
4,Tonnie,Cuncarr,62,tcuncarr3@meetup.com,Canada,V2T,blue,2/22/2021,231797.82
5,Talya,Motton,55,tmotton4@utexas.edu,Mexico,60340,blue,7/30/2013,294032.91
6,Timothea,Heffernon,59,theffernon5@webs.com,France,92154 CEDEX,green,4/20/2016,307243.29
7,Amble,Pentlow,28,apentlow6@freewebs.com,Mexico,38800,blue,8/6/2017,737603.9
8,Tymothy,Wildish,63,twildish7@netscape.com,Mexico,58910,blue,4/11/2015,583168.67
9,Lenore,Wark,45,lwark8@rambler.ru,France,16004 CEDEX,red,12/25/2018,692904.07
10,Mord,Leathley,27,mleathley9@photobucket.com,Canada,A8A,green,12/27/2012,77899.16
11,Emmi,Gall,27,egalla@howstuffworks.com,United States,65810,green,6/20/2011,150208.18
12,Wade,Childerley,31,wchilderleyb@ihg.com,United States,01105,red,10/6/2014,120550.68
13,Cale,Drinkhall,37,cdrinkhallc@ihg.com,France,91574 CEDEX,green,1/11/2016,230393.05
14,Alvina,Dallow,34,adallowd@msu.edu,France,31931 CEDEX 9,red,9/18/2011,220890.44
15,Willabella,Andersen,46,wandersene@creativecommons.org,France,33801 CEDEX,green,3/4/2010,854663.48
16,Ray,Altimas,51,raltimasf@i2i.jp,France,68947 CEDEX 9,red,12/11/2022,565889.0
17,Nels,Towe,56,ntoweg@istockphoto.com,Canada,M1C,red,1/21/2017,958724.42
18,Carita,Duffan,34,cduffanh@amazonaws.com,United States,80279,green,6/3/2020,930900.16
19,Francene,Muffitt,30,fmuffitti@ca.gov,France,92613 CEDEX,blue,1/11/2016,356566.6
20,Shurlock,Pavie,22,spaviej@indiegogo.com,France,91881 CEDEX,blue,4/6/2012,674811.26
21,Sansone,Meadowcraft,55,smeadowcraftk@feedburner.com,Canada,N2L,blue,10/10/2021,493105.07
22,Lelah,Stradling,36,lstradlingl@cbc.ca,United States,10155,blue,12/28/2021,717006.93
23,Lari,Pendleberry,61,lpendleberrym@addtoany.com,France,92056 CEDEX,red,1/25/2022,648607.8
24,Cherianne,McNally,24,cmcnallyn@fastcompany.com,United States,28299,blue,11/4/2015,61474.35
25,Archie,Dislee,56,adisleeo@tumblr.com,Canada,L4R,red,2/3/2021,158978.7
26,Hally,Deboy,65,hdeboyp@theguardian.com,United States,75216,red,8/2/2011,959581.57
27,Ev,Mixer,39,emixerq@state.tx.us,Mexico,46175,green,10/1/2021,990140.06
28,Robina,Lorant,58,rlorantr@sphinn.com,France,93909 CEDEX 9,green,5/2/2019,850485.93
29,Trueman,Liell,26,tliells@nsw.gov.au,Mexico,31803,red,10/12/2011,676913.65
30,Frazier,Leathers,33,fleatherst@msu.edu,Canada,L4P,red,9/21/2019,86827.39
31,Whitby,Cawcutt,48,wcawcuttu@patch.com,France,60109 CEDEX 1,red,7/20/2012,322175.1
32,Sidnee,Benkin,27,sbenkinv@apple.com,Mexico,92736,red,6/15/2014,691181.42
33,Borg,Halwood,41,bhalwoodw@berkeley.edu,Canada,T4B,green,1/31/2022,534595.83
34,Anastasia,Brettor,42,abrettorx@networkadvertising.org,United States,53726,blue,4/20/2013,425001.85
35,Lazaro,Isaksson,38,lisakssony@deviantart.com,France,59463 CEDEX,green,8/28/2015,377426.48
36,Bertrand,Troyes,45,btroyesz@kickstarter.com,Germany,22303,green,9/9/2020,577704.27
37,Anatollo,Aughton,26,aaughton10@hubpages.com,United States,85099,red,9/28/2010,708449.48
38,Cordi,Cutteridge,39,ccutteridge11@hao123.com,France,95915 CEDEX 2,green,3/27/2011,256337.02
39,Mallissa,Domegan,56,mdomegan12@vkontakte.ru,Germany,40225,red,8/13/2016,291781.29
40,Aluin,Issard,38,aissard13@dion.ne.jp,France,92511 CEDEX,green,9/20/2014,687077.94
41,Mireille,Cowthard,46,mcowthard14@dedecms.com,Canada,K7R,blue,12/14/2022,670375.48
42,Angel,de Zamora,22,adezamora15@furl.net,France,34294 CEDEX 5,red,2/3/2012,347859.82
43,Cari,Farnworth,18,cfarnworth16@home.pl,Canada,T1J,blue,3/5/2011,297264.82
44,Neille,Seignior,26,nseignior17@abc.net.au,Canada,S4A,red,11/29/2021,66357.44
45,Estel,Shaughnessy,44,eshaughnessy18@psu.edu,Canada,J0A,green,9/16/2013,296076.09
46,Janella,Stadding,41,jstadding19@prweb.com,Mexico,70762,red,7/7/2018,809126.04
47,Kyle,Seid,45,kseid1a@merriam-webster.com,United Kingdom,DT10,red,11/12/2013,268257.29
48,Jandy,Pobjay,61,jpobjay1b@nature.com,United States,74108,red,5/9/2021,458548.58
49,Vachel,Clewes,24,vclewes1c@sphinn.com,Mexico,29783,green,11/27/2010,665540.85
50,Jon,Cremin,24,jcremin1d@chronoengine.com,France,69303 CEDEX 07,blue,1/25/2015,77135.84
51,Calhoun,Dinkin,55,cdinkin1e@themeforest.net,France,16025 CEDEX,red,12/17/2014,775220.07
52,Remus,Holdforth,54,rholdforth1f@google.com.hk,United States,49544,red,7/28/2018,573577.65
53,Julissa,Redmond,47,jredmond1g@slideshare.net,France,38319 CEDEX,red,12/1/2013,579156.35
54,Anita,Dufore,42,adufore1h@netscape.com,France,34545 CEDEX,red,7/19/2010,796814.77
55,Cornelia,Baudy,19,cbaudy1i@irs.gov,United States,68510,red,1/24/2016,6223.42
56,Joseito,Forge,22,jforge1j@jimdo.com,United States,31704,blue,5/5/2014,150974.19
57,Farrand,Jayes,54,fjayes1k@pagesperso-orange.fr,Mexico,87024,green,2/18/2015,777833.51
58,Koren,Shakeshaft,62,kshakeshaft1l@wufoo.com,France,59895 CEDEX 9,green,9/22/2013,567025.44
59,Domenico,Mogford,36,dmogford1m@123-reg.co.uk,United States,19104,red,8/1/2016,301519.88
60,Murdock,Samsworth,54,msamsworth1n@ocn.ne.jp,France,78020 CEDEX,red,9/16/2018,987979.74
61,Gael,Delaney,45,gdelaney1o@desdev.cn,France,26953 CEDEX 9,red,5/13/2014,956872.44
62,Bernita,Gillibrand,55,bgillibrand1p@dell.com,United States,93584,blue,6/4/2018,521257.62
63,Karoly,Tuffley,61,ktuffley1q@springer.com,France,95915 CEDEX 2,blue,8/25/2021,299828.96
64,Roy,Savaage,22,rsavaage1r@about.com,United States,94250,blue,2/26/2010,258486.97
65,Caritta,Glancy,47,cglancy1s@nationalgeographic.com,United States,47747,green,10/26/2012,882290.52
66,Farly,De Giorgi,48,fdegiorgi1t@state.gov,France,39804 CEDEX,blue,2/3/2020,572665.36
67,Rahal,Denniss,38,rdenniss1u@google.it,France,21009 CEDEX,green,7/2/2018,226695.4
68,Georgianna,Barrus,28,gbarrus1v@nymag.com,Germany,44869,red,2/6/2012,413726.68
69,Orland,Gyppes,25,ogyppes1w@list-manage.com,United States,76110,blue,3/28/2017,999142.32
70,Carrissa,Milington,42,cmilington1x@nifty.com,United States,77095,green,7/10/2020,825893.32
71,Ella,De Mattia,49,edemattia1y@marriott.com,United States,80920,green,6/1/2018,808191.38
72,Keith,Dumke,62,kdumke1z@amazon.co.uk,United States,34985,green,9/14/2020,719917.01
73,Brena,Bollam,41,bbollam20@usatoday.com,Canada,K1B,red,9/10/2014,85027.76
74,Pavlov,Vaud,37,pvaud21@marketwatch.com,United States,38188,red,7/30/2018,290221.62
75,Concettina,Niesel,19,cniesel22@plala.or.jp,France,56274 CEDEX,blue,11/18/2011,288946.26
76,Kirstyn,Woolis,28,kwoolis23@pbs.org,Mexico,78436,blue,6/26/2018,782983.23
77,Marten,Cheyenne,62,mcheyenne24@pcworld.com,Germany,52080,red,6/10/2010,105208.48
78,Alvin,Westbrook,50,awestbrook25@gnu.org,France,50951 CEDEX 9,red,5/6/2014,481502.05
79,Birk,McCourtie,42,bmccourtie26@shutterfly.com,United States,89510,blue,8/25/2021,801141.14
80,Jacki,Malan,59,jmalan27@dion.ne.jp,France,75128 CEDEX 11,red,9/4/2016,655931.0
81,Tiena,Tolerton,51,ttolerton28@gravatar.com,France,94254 CEDEX,red,4/30/2021,709784.12
82,Larine,Burkwood,29,lburkwood29@yahoo.co.jp,France,67013 CEDEX,blue,2/4/2022,463271.69
83,Aviva,Alexandersen,23,aalexandersen2a@live.com,France,35009 CEDEX,green,1/2/2011,842478.68
84,Massimo,Kench,60,mkench2b@miibeian.gov.cn,Canada,G5H,blue,7/1/2022,864295.66
85,Renee,Iremonger,27,riremonger2c@boston.com,Germany,63456,red,11/13/2021,133066.42
86,Bel,Larimer,31,blarimer2d@eepurl.com,Canada,N9A,red,1/25/2021,994108.74
87,Terrie,Duley,23,tduley2e@engadget.com,France,35513 CEDEX,red,5/27/2018,626729.72
88,Jodie,Richardet,65,jrichardet2f@prweb.com,France,46091 CEDEX 9,blue,6/30/2020,681435.34
89,Una,Espinos,33,uespinos2g@ow.ly,United States,60604,green,1/3/2020,106029.37
90,Mechelle,Bruggen,46,mbruggen2h@macromedia.com,Mexico,47849,red,1/9/2015,633795.3
91,Ashlen,Winwright,36,awinwright2i@mail.ru,Mexico,86723,red,2/5/2018,454347.35
92,Lark,Bennallck,28,lbennallck2j@seattletimes.com,United Kingdom,NE46,green,7/13/2012,236011.36
93,Bram,Feye,34,bfeye2k@skype.com,France,94537 CEDEX,red,8/12/2013,768364.31
94,Harlan,Lamas,32,hlamas2l@icq.com,Germany,97078,blue,3/26/2018,97394.06
95,Giovanni,Bosden,52,gbosden2m@techcrunch.com,United States,90605,blue,5/30/2021,957952.26
96,Ed,Pedrocco,52,epedrocco2n@weebly.com,United States,78405,blue,9/11/2015,818932.79
97,Kimberley,Tuxill,37,ktuxill2o@chicagotribune.com,United States,75037,green,6/15/2022,501667.72
98,Kalindi,Rogger,31,krogger2p@blogspot.com,France,76029 CEDEX,red,3/30/2010,701526.96
99,Lisette,Offield,24,loffield2q@hhs.gov,France,13779 CEDEX,red,1/7/2018,193736.58
100,Arden,Clementucci,30,aclementucci2r@toplist.cz,Canada,P3L,red,3/9/2012,440856.23
101,Lissie,Gulland,45,lgulland2s@lulu.com,France,84964 CEDEX,blue,4/30/2012,682183.91
102,Ulberto,Marians,53,umarians2t@va.gov,Mexico,35156,blue,3/24/2013,846717.2
103,Dev,Poynor,41,dpoynor2u@gmpg.org,United States,92648,red,5/31/2021,60914.46
104,Ninette,Goldwater,22,ngoldwater2v@tumblr.com,Mexico,87445,red,7/29/2015,318306.49
105,Kassie,Wittering,43,kwittering2w@nyu.edu,France,75139 CEDEX 03,blue,7/3/2021,572565.49
106,Karlie,Bain,56,kbain2x@bloglines.com,Canada,G5N,green,9/5/2022,750306.04
107,Pauletta,Pinwell,39,ppinwell2y@freewebs.com,France,66050 CEDEX,red,7/9/2011,889628.61
108,Ferris,de Najera,42,fdenajera2z@paypal.com,United States,19810,green,2/20/2018,596956.5
109,Audie,Ashall,34,aashall30@chicagotribune.com,France,26350,green,11/30/2015,45250.19
110,Rozalin,Rockcliff,30,rrockcliff31@fotki.com,France,42604 CEDEX,blue,11/23/2016,884813.56
111,Lorrie,Purveys,25,lpurveys32@japanpost.jp,United States,85099,blue,7/26/2022,220370.73
112,Trude,Truter,65,ttruter33@studiopress.com,France,45016 CEDEX 1,red,5/2/2019,644728.42
113,Nettie,Ondricek,56,nondricek34@dmoz.org,France,01154 CEDEX,green,1/27/2017,68229.09
114,Cecil,Oxbrough,62,coxbrough35@cargocollective.com,Mexico,68430,red,11/7/2022,297332.92
115,Cathrine,Sharply,47,csharply36@elpais.com,France,22194 CEDEX,green,7/15/2013,6775.1
116,Bunnie,Dee,26,bdee37@oaic.gov.au,United States,91117,red,4/1/2015,317495.76
117,Maurita,Snelgar,18,msnelgar38@sitemeter.com,Canada,K1W,blue,8/22/2020,750922.9
118,Gilberta,Dannatt,63,gdannatt39@ocn.ne.jp,France,95154 CEDEX,blue,8/18/2019,799375.49
119,Wait,Nottingham,58,wnottingham3a@github.io,United States,79940,red,1/2/2018,978795.33
120,Taddeo,Hundey,33,thundey3b@squarespace.com,Mexico,39030,red,9/9/2013,993927.87
121,Shirline,Hemphrey,47,shemphrey3c@irs.gov,France,93321 CEDEX,red,10/16/2015,69034.83
122,Aleta,Robbert,37,arobbert3d@oakley.com,United States,93584,blue,12/28/2014,596744.62
123,Even,Silber,62,esilber3e@mtv.com,Canada,R6M,green,4/5/2020,49396.91
124,Elmira,Plumley,23,eplumley3f@tripod.com,United States,31422,green,11/27/2016,469063.46
125,Elvina,Allso,34,eallso3g@posterous.com,France,38293 CEDEX,green,5/6/2013,830926.06
126,Phil,Ibbetson,36,pibbetson3h@google.com.br,France,85708 CEDEX,red,11/17/2010,13740.75
127,Kayley,Gogie,46,kgogie3i@dion.ne.jp,France,68134 CEDEX,blue,3/7/2018,144413.81
128,Alvina,Lummus,20,alummus3j@si.edu,France,91881 CEDEX,green,10/17/2010,178516.31
129,Ferne,Sighard,49,fsighard3k@independent.co.uk,Canada,G8A,green,7/5/2020,528111.01
130,Sibelle,Ledingham,28,sledingham3l@list-manage.com,United States,92878,red,7/25/2016,495422.61
131,Waneta,Josipovitz,61,wjosipovitz3m@ft.com,United States,82007,green,1/16/2022,685579.88
132,Michel,Drinnan,22,mdrinnan3n@fda.gov,France,17024 CEDEX 1,red,10/4/2016,456567.08
133,Tan,Matchell,51,tmatchell3o@jugem.jp,France,38524 CEDEX,green,9/16/2019,158362.47
134,Madella,Grigoire,51,mgrigoire3p@thetimes.co.uk,Canada,S9V,green,5/27/2016,70217.68
135,Cloe,Hearons,40,chearons3q@soundcloud.com,Canada,R8N,green,2/4/2011,357995.43
136,Candi,Rosentholer,46,crosentholer3r@facebook.com,Mexico,61910,green,10/26/2020,640561.38
137,Si,Cramphorn,31,scramphorn3s@gov.uk,Mexico,35488,blue,12/16/2016,695418.13
138,Deeyn,Jeanenet,48,djeanenet3t@altervista.org,France,78504 CEDEX,blue,4/10/2011,983883.8
139,Shay,Emberton,23,semberton3u@ca.gov,Mexico,45310,green,2/16/2018,917008.95
140,Tessi,Cookson,57,tcookson3v@craigslist.org,France,76204 CEDEX,green,12/10/2018,630367.63
141,Dorree,Bains,44,dbains3w@elpais.com,United States,47725,red,9/15/2011,616159.25
142,Dyane,Rudsdell,38,drudsdell3x@ameblo.jp,France,37404 CEDEX,red,1/23/2018,415275.8
143,Elsinore,Vann,30,evann3y@facebook.com,Mexico,41600,green,3/16/2019,739728.69
144,Arvin,Ballintyne,57,aballintyne3z@npr.org,Mexico,54414,red,12/25/2015,582715.91
145,Marten,Risborough,56,mrisborough40@webs.com,France,33801 CEDEX,blue,1/20/2013,900884.32
146,Edward,Plessing,26,eplessing41@mac.com,Mexico,94723,blue,10/26/2022,617363.08
147,Hakeem,D'Errico,63,hderrico42@seesaa.net,Mexico,92933,green,10/1/2019,377518.85
148,Ilysa,Handover,36,ihandover43@list-manage.com,France,94593 CEDEX 2,red,6/12/2012,599974.1
149,Lenora,Mesant,50,lmesant44@yahoo.co.jp,Mexico,58118,green,7/11/2021,997236.74
150,Cally,Engelmann,23,cengelmann45@irs.gov,Canada,G9A,blue,11/17/2017,149823.21
151,Agathe,Remmer,22,aremmer46@google.com.br,Mexico,89359,red,11/4/2015,162056.75
152,Arlette,Cowperthwaite,30,acowperthwaite47@topsy.com,France,53022 CEDEX 9,red,8/3/2012,615949.94
153,Allen,Marklew,45,amarklew48@yandex.ru,France,92665 CEDEX,red,8/1/2011,929474.95
154,Wait,Yeowell,46,wyeowell49@creativecommons.org,Canada,G5J,blue,8/28/2017,16958.36
155,Rusty,Gethouse,29,rgethouse4a@technorati.com,United States,24048,red,9/15/2022,951404.37
156,Lonnie,Peppard,46,lpeppard4b@godaddy.com,United States,95973,green,7/20/2022,422779.06
157,Rebbecca,Challender,43,rchallender4c@xinhuanet.com,France,41942 CEDEX 9,blue,7/17/2013,883830.18
158,Ramonda,Faux,47,rfaux4d@merriam-webster.com,United States,07195,green,6/19/2017,162859.68
159,Alethea,Healeas,29,ahealeas4e@mayoclinic.com,Canada,N4N,blue,6/23/2020,700739.37
160,Saw,Kingswell,53,skingswell4f@cmu.edu,Mexico,54730,blue,10/7/2017,285352.91
161,Peterus,Carruthers,59,pcarruthers4g@free.fr,United States,92127,red,10/11/2014,59020.01
162,Thorn,Bonhan,20,tbonhan4h@oracle.com,France,47020 CEDEX 9,blue,1/22/2019,215614.82
163,Deny,Ledingham,45,dledingham4i@icq.com,France,86964 CEDEX,red,3/22/2016,758096.5
164,Roley,Selliman,59,rselliman4j@whitehouse.gov,Germany,22453,green,1/23/2015,545930.17
165,Shana,Eaglestone,51,seaglestone4k@bigcartel.com,France,33080 CEDEX,red,7/11/2017,103637.75
166,Caesar,Magister,21,cmagister4l@dropbox.com,France,92907 CEDEX,blue,8/20/2012,486045.84
167,Margy,Bickerdicke,26,mbickerdicke4m@senate.gov,France,62025 CEDEX,blue,10/21/2021,834034.68
168,Henka,Armor,26,harmor4n@utexas.edu,Canada,V6L,red,1/27/2011,87499.95
169,Bail,Ronnay,42,bronnay4o@yale.edu,France,87015 CEDEX 1,red,3/15/2020,853157.21
170,Ryon,Naisbit,46,rnaisbit4p@vk.com,France,78942 CEDEX,green,6/28/2017,67644.35
171,Erica,Kimmings,43,ekimmings4q@flavors.me,United States,77045,green,6/26/2015,49897.1
172,Aluino,Ainsley,56,aainsley4r@google.pl,Canada,T8R,blue,3/20/2020,904272.15
173,Raimondo,Jirus,29,rjirus4s@biblegateway.com,Mexico,93848,blue,8/20/2022,636837.11
174,Mara,Clowsley,54,mclowsley4t@posterous.com,France,41965 CEDEX 9,green,7/10/2013,34266.2
175,Ezequiel,Zimmermeister,21,ezimmermeister4u@google.com.br,France,95061 CEDEX 1,green,6/18/2018,973056.8
176,Lorenzo,Sygrove,31,lsygrove4v@yandex.ru,Mexico,71142,green,5/24/2015,498689.42
177,Yetty,Nund,42,ynund4w@tripadvisor.com,United States,73142,green,7/19/2016,498557.34
178,Lorinda,Hattigan,65,lhattigan4x@gravatar.com,Canada,T9S,blue,3/2/2014,489522.52
179,Novelia,Eadmead,35,neadmead4y@cbslocal.com,France,79072 CEDEX 9,green,9/28/2016,95881.82
180,Brock,Isakson,33,bisakson4z@unesco.org,United States,16505,red,6/11/2017,587880.9
181,Gav,Avon,64,gavon50@cam.ac.uk,United States,34981,blue,11/20/2016,579302.49
182,Silvan,Vine,47,svine51@adobe.com,France,91914 CEDEX 9,red,12/29/2010,730319.58
183,Willey,Catlette,29,wcatlette52@weebly.com,Canada,M1M,green,11/9/2016,354596.94
184,Patin,Peat,24,ppeat53@cbsnews.com,Germany,12169,blue,9/9/2018,172400.09
185,Marcella,Stirtle,54,mstirtle54@patch.com,Canada,J6W,green,4/14/2022,17472.57
186,Maximilien,Gencke,20,mgencke55@istockphoto.com,United States,80262,green,6/6/2021,681649.65
187,Benjamin,Gun,61,bgun56@cafepress.com,France,33100,green,10/29/2013,460057.87
188,Tad,Fisbey,39,tfisbey57@redcross.org,Mexico,75498,green,1/29/2021,455625.52
189,Hasheem,Ovendon,31,hovendon58@kickstarter.com,France,63019 CEDEX 2,green,10/8/2015,375182.46
190,Lorita,Hightown,45,lhightown59@wired.com,Canada,G5Z,blue,9/21/2018,906122.57
191,Concettina,Jovicevic,37,cjovicevic5a@domainmarket.com,Canada,E3N,red,3/23/2019,894808.15
192,Kaylil,Garrish,27,kgarrish5b@cafepress.com,United States,77095,red,9/28/2018,82462.46
193,Latrena,Bucklee,48,lbucklee5c@gov.uk,Mexico,96640,blue,6/2/2018,436356.41
194,Chen,Skittreal,40,cskittreal5d@usgs.gov,France,60315 CEDEX 5,red,2/12/2013,618888.35
195,Van,Micallef,30,vmicallef5e@example.com,Canada,L2T,green,9/12/2020,196660.32
196,Rubin,MacKowle,57,rmackowle5f@fotki.com,United States,27705,blue,11/24/2021,381134.59
197,Edsel,Waslin,36,ewaslin5g@deviantart.com,France,18934 CEDEX 9,blue,5/30/2015,912282.21
198,Brand,Horlick,31,bhorlick5h@archive.org,France,94569 CEDEX 2,red,10/26/2020,443148.48
199,Filia,Clarae,28,fclarae5i@prlog.org,United States,20022,red,8/30/2016,838467.34
200,Wye,Stillgoe,47,wstillgoe5j@narod.ru,France,81604 CEDEX,blue,5/27/2012,231227.99
201,Gertrudis,Pitrelli,37,gpitrelli5k@mayoclinic.com,France,84404 CEDEX,blue,12/18/2010,805807.17
202,Kellia,Negal,43,knegal5l@wp.com,France,67609 CEDEX,green,3/11/2021,30233.78
203,Seymour,Saphin,48,ssaphin5m@photobucket.com,United States,48604,blue,9/22/2018,889653.15
204,Kennedy,ducarme,44,kducarme5n@netvibes.com,United States,14614,green,2/21/2014,30978.68
205,Artair,Temperley,56,atemperley5o@cnet.com,United States,95108,red,4/5/2013,414049.02
206,Alessandro,Bomb,54,abomb5p@theatlantic.com,Canada,J1S,green,10/23/2022,72293.84
207,Elke,McMurraya,33,emcmurraya5q@flavors.me,Canada,J4N,blue,1/9/2013,196686.19
208,Chelsey,Walkley,30,cwalkley5r@marriott.com,United States,22184,red,10/20/2013,964111.6
209,Vicki,Nudde,40,vnudde5s@google.fr,France,18104 CEDEX,red,7/4/2018,968996.24
210,Hillie,Adamou,56,hadamou5t@arstechnica.com,Canada,M4P,red,7/14/2014,33215.11
211,Delila,Domaschke,27,ddomaschke5u@godaddy.com,France,13382 CEDEX 13,red,4/7/2015,180828.38
212,Minta,Eilhersen,27,meilhersen5v@google.it,United States,70174,blue,3/25/2014,870355.65
213,Daniele,Corry,25,dcorry5w@tripadvisor.com,Mexico,41821,blue,10/15/2014,930091.01
214,Annalise,Reedy,49,areedy5x@fc2.com,United Kingdom,LS6,green,12/8/2012,7688.97
215,Richie,Gonzalez,57,rgonzalez5y@scientificamerican.com,Mexico,94724,blue,8/1/2020,973438.41
216,Kristian,Shillaber,21,kshillaber5z@tripadvisor.com,France,59208 CEDEX,blue,12/16/2022,710565.55
217,Brianna,Akroyd,47,bakroyd60@sitemeter.com,France,94809 CEDEX,green,5/16/2010,293366.77
218,Alphonse,McCarl,30,amccarl61@wikipedia.org,Canada,M4P,green,8/19/2010,344386.81
219,Markos,Ship,62,mship62@list-manage.com,United States,92878,blue,7/28/2016,910179.33
220,Barbe,Cringle,36,bcringle63@disqus.com,Mexico,45306,blue,7/3/2022,771598.64
221,Marcy,Craw,52,mcraw64@pagesperso-orange.fr,United States,20195,blue,6/22/2015,733457.19
222,Joell,Phizaclea,33,jphizaclea65@parallels.com,France,57016 CEDEX 01,green,12/21/2012,988406.2
223,Sarette,Cheverton,50,scheverton66@mediafire.com,United States,47405,red,11/25/2011,584078.88
224,Rip,Larkby,25,rlarkby67@bloglovin.com,Mexico,95422,green,3/8/2015,703749.76
225,Emmett,Everal,19,eeveral68@cafepress.com,United States,20535,green,10/23/2018,369068.54
226,Grayce,Rooney,36,grooney69@unesco.org,France,30910 CEDEX 2,blue,1/14/2022,912839.01
227,Shannah,Questier,51,squestier6a@sina.com.cn,Canada,J3H,green,2/3/2013,393246.66
228,Arlene,Struijs,44,astruijs6b@rambler.ru,Canada,T4S,green,5/12/2018,840234.98
229,Sal,Yarr,60,syarr6c@xrea.com,France,54529 CEDEX,blue,4/22/2013,478028.92
230,Leyla,Pirkis,31,lpirkis6d@so-net.ne.jp,Mexico,38703,blue,3/8/2021,478492.58
231,Stuart,Strodder,64,sstrodder6e@mac.com,Canada,N1S,green,2/14/2019,242298.31
232,Phineas,Jasik,30,pjasik6f@rambler.ru,France,95974 CEDEX 2,green,7/26/2010,652539.99
233,Peterus,Gounod,34,pgounod6g@indiegogo.com,Mexico,64103,blue,4/8/2020,710041.01
234,Lew,Timblett,38,ltimblett6h@prnewswire.com,France,13538 CEDEX,blue,12/4/2015,425902.18
235,Forest,McCarron,45,fmccarron6i@shareasale.com,France,27309 CEDEX,red,10/22/2013,444197.45
236,Scarlett,Biglin,49,sbiglin6j@nifty.com,United States,55188,green,12/6/2018,888470.32
237,Ivan,Lighten,58,ilighten6k@mashable.com,United States,23454,red,8/23/2011,229956.6
238,Eilis,Van Hesteren,49,evanhesteren6l@reuters.com,France,45809 CEDEX,red,11/28/2019,539104.33
239,Allyn,Pendlebury,36,apendlebury6m@forbes.com,United States,28410,blue,11/28/2014,255466.1
240,Gregor,Heaton,21,gheaton6n@purevolume.com,United States,30358,red,7/10/2018,588405.24
241,Meara,Sulman,19,msulman6o@uiuc.edu,United States,37605,green,11/2/2015,980062.95
242,Alessandra,Rutt,36,arutt6p@independent.co.uk,France,64185 CEDEX,blue,7/4/2010,342837.27
243,Row,Birdseye,51,rbirdseye6q@nbcnews.com,France,75480 CEDEX 10,red,9/24/2014,427166.19
244,Gabriel,Geeson,65,ggeeson6r@ucsd.edu,France,84913 CEDEX 9,blue,6/28/2020,85012.94
245,Terry,Toffoloni,21,ttoffoloni6s@hugedomains.com,France,58004 CEDEX,blue,8/23/2012,760912.69
246,Karyn,Orneblow,65,korneblow6t@google.ru,France,13548 CEDEX,blue,1/21/2012,397274.89
247,Ofella,Damrell,50,odamrell6u@google.com.au,Mexico,40914,blue,1/30/2013,353552.93
248,Hilary,Kolodziej,59,hkolodziej6v@google.pl,United States,27499,green,6/25/2020,311952.71
249,Colan,Watkiss,22,cwatkiss6w@oaic.gov.au,United States,93726,green,2/1/2015,138738.12
250,Tabitha,Ianilli,25,tianilli6x@google.pl,United States,23459,blue,1/2/2016,459855.44
251,Isabeau,Bendare,50,ibendare6y@guardian.co.uk,Canada,J3Y,red,2/1/2021,632120.77
252,Emmet,Bettesworth,64,ebettesworth6z@scientificamerican.com,United States,78265,blue,6/28/2020,928865.25
253,Cari,Gouldie,46,cgouldie70@yahoo.co.jp,Canada,G5X,blue,10/1/2016,14141.91
254,Freddie,Dyte,23,fdyte71@nba.com,United States,92176,green,2/27/2017,9109.13
255,Kaylil,Fidele,47,kfidele72@cocolog-nifty.com,Canada,L1X,red,3/29/2014,246770.77
256,Dorey,Gosswell,30,dgosswell73@toplist.cz,United States,77234,blue,6/29/2013,482559.03
257,Piggy,Kingescot,55,pkingescot74@cnbc.com,France,86964 CEDEX,red,1/16/2021,365782.63
258,Jay,MacAlester,48,jmacalester75@dell.com,Canada,H9P,blue,7/15/2013,902266.97
259,Clio,Burnside,62,cburnside76@netvibes.com,Mexico,25290,green,8/12/2017,929181.49
260,Warner,Wrightim,54,wwrightim77@4shared.com,France,91104 CEDEX,green,9/21/2010,438563.48
261,Davina,Gowrie,34,dgowrie78@who.int,Germany,45886,green,1/23/2011,662182.31
262,Idell,McGeever,28,imcgeever79@miitbeian.gov.cn,France,62335 CEDEX,red,5/11/2018,611981.48
263,Van,Dulin,38,vdulin7a@friendfeed.com,France,94809 CEDEX,red,1/20/2014,113361.6
264,Kakalina,Browne,58,kbrowne7b@statcounter.com,France,67124 CEDEX,blue,6/29/2010,883793.17
265,Giraud,Chrestien,57,gchrestien7c@usnews.com,France,26504 CEDEX,blue,8/3/2014,155626.44
266,Koral,Todari,48,ktodari7d@npr.org,United States,64130,green,3/10/2017,733203.57
267,Eugine,Andrzej,52,eandrzej7e@google.de,France,87030 CEDEX 1,blue,2/9/2013,321009.41
268,Demetrius,Heak,51,dheak7f@stanford.edu,France,69469 CEDEX 06,red,8/28/2021,220305.01
269,Farrah,MacAskill,22,fmacaskill7g@wikipedia.org,United States,95833,blue,6/2/2022,55.32
270,Charil,Spickett,28,cspickett7h@who.int,France,59961 CEDEX,blue,12/31/2014,767826.65
271,Deeanne,Witcherley,33,dwitcherley7i@yahoo.com,United States,46852,blue,3/16/2013,372147.86
272,Jessalyn,Hannaway,23,jhannaway7j@cargocollective.com,France,56504 CEDEX,green,5/29/2015,139185.65
273,Anni,Iannuzzi,59,aiannuzzi7k@issuu.com,France,95324 CEDEX,blue,10/13/2014,583935.57
274,Toby,Redwall,55,tredwall7l@sciencedirect.com,Canada,A1N,red,8/17/2015,9942.5
275,Fidela,Tabour,23,ftabour7m@usa.gov,Germany,04317,blue,10/4/2016,844865.93
276,Mora,Ebbers,53,mebbers7n@stumbleupon.com,Germany,14109,green,5/12/2014,180468.82
277,Damiano,Escalero,36,descalero7o@delicious.com,France,57204 CEDEX,blue,5/25/2022,21626.83
278,Elmore,Glader,32,eglader7p@livejournal.com,France,88125 CEDEX,green,7/23/2011,147020.03
279,Devon,Durman,39,ddurman7q@army.mil,France,06293 CEDEX 3,green,8/29/2016,270695.72
280,Valentino,Le Houx,25,vlehoux7r@soundcloud.com,United States,25362,blue,10/28/2015,37860.48
281,Christi,Carneck,50,ccarneck7s@mail.ru,France,69907 CEDEX 20,green,1/30/2011,540214.41
282,Zack,Eliesco,23,zeliesco7t@1und1.de,United States,18018,red,7/28/2010,810028.67
283,Meier,Dey,44,mdey7u@sohu.com,Canada,J5T,red,1/4/2016,831464.86
284,Kirk,Carlucci,53,kcarlucci7v@earthlink.net,Mexico,30560,green,8/3/2013,997832.59
285,Jennilee,Paffley,46,jpaffley7w@msn.com,Mexico,52107,blue,12/6/2020,247341.41
286,Patsy,Blethyn,49,pblethyn7x@europa.eu,France,92804 CEDEX,blue,12/5/2022,240358.04
287,Berrie,Brunton,47,bbrunton7y@epa.gov,Mexico,36350,red,1/17/2019,483134.21
288,Mandie,Ruusa,33,mruusa7z@ucoz.ru,United Kingdom,SG4,blue,7/28/2011,23659.55
289,Hollyanne,Peare,55,hpeare80@wisc.edu,United States,02162,green,9/1/2013,648122.17
290,Addi,Leipold,59,aleipold81@ow.ly,France,94604 CEDEX,green,8/25/2013,503908.34
291,Larine,Offill,32,loffill82@xinhuanet.com,France,57304 CEDEX,green,11/8/2013,87427.98
292,Luca,Biggadike,24,lbiggadike83@auda.org.au,France,25215 CEDEX,blue,8/20/2012,420711.72
293,Britt,Corey,55,bcorey84@spotify.com,France,29174 CEDEX,red,3/25/2019,871214.03
294,Hobie,Brouard,57,hbrouard85@lycos.com,France,76040 CEDEX,red,6/2/2020,583339.63
295,Krystalle,Klulisek,62,kklulisek86@goo.gl,France,51571 CEDEX 2,red,1/3/2022,548074.62
296,Yance,Dickerline,61,ydickerline87@icio.us,United States,10039,blue,3/5/2017,12968.0
297,Glenna,Sarjant,26,gsarjant88@reuters.com,Mexico,87395,blue,7/5/2019,261928.23
298,Frasco,Roggeman,64,froggeman89@google.ru,France,56326 CEDEX,red,7/26/2010,594162.58
299,Viki,Casellas,30,vcasellas8a@ihg.com,France,01117 CEDEX,blue,7/20/2017,381610.59
300,Nissy,Natte,28,nnatte8b@sbwire.com,France,69639 CEDEX,red,1/26/2013,126273.78
301,Cristian,Stilgoe,58,cstilgoe8c@hatena.ne.jp,United States,68164,blue,5/17/2021,257463.03
302,Claudell,Tilly,24,ctilly8d@bandcamp.com,Mexico,93608,green,5/22/2021,562381.85
303,Teri,Pleass,34,tpleass8e@sun.com,United States,15266,blue,12/16/2012,574428.5
304,Fabe,Sidwell,32,fsidwell8f@utexas.edu,Mexico,95600,red,9/16/2022,407671.46
305,Jerrilee,Bennedick,60,jbennedick8g@ocn.ne.jp,Germany,41468,green,11/29/2018,324960.63
306,Rodolfo,Burlingame,24,rburlingame8h@redcross.org,France,75270 CEDEX 06,blue,7/19/2022,104285.72
307,Gerri,Tanti,30,gtanti8i@pen.io,France,59468 CEDEX,green,3/2/2012,601132.33
308,Yolanthe,Fitter,57,yfitter8j@facebook.com,United States,10125,green,5/24/2021,933103.39
309,Deanne,Growy,46,dgrowy8k@earthlink.net,United States,34282,red,5/10/2013,831836.15
310,Raynard,Clymo,24,rclymo8l@deviantart.com,France,85304 CEDEX,red,3/20/2019,335673.67
311,Inigo,Waber,39,iwaber8m@unblog.fr,Mexico,87326,red,10/8/2016,750586.53
312,Zebulon,Osmund,46,zosmund8n@sbwire.com,France,75318 CEDEX 09,green,11/26/2018,157451.79
313,Sheridan,Gierek,56,sgierek8o@tinypic.com,Canada,V4B,blue,8/11/2020,140329.08
314,Jedediah,Pinhorn,63,jpinhorn8p@accuweather.com,Mexico,58910,blue,9/10/2015,293159.28
315,Lorenzo,Noah,34,lnoah8q@gov.uk,France,64044 CEDEX,red,2/1/2011,531029.86
316,Ronny,Steenson,54,rsteenson8r@dmoz.org,Canada,N5C,red,8/29/2018,236222.18
317,Patton,Sherwill,38,psherwill8s@ebay.com,France,13674 CEDEX,red,5/12/2012,858285.22
318,Ephrem,Daybell,58,edaybell8t@oracle.com,France,75902 CEDEX 15,green,5/17/2019,445272.02
319,Clywd,Dodman,23,cdodman8u@umich.edu,United States,39282,blue,12/12/2015,355541.97
320,Dacey,Welfair,19,dwelfair8v@biglobe.ne.jp,France,38014 CEDEX 1,blue,1/3/2020,633392.43
321,Cortie,Slopier,27,cslopier8w@uol.com.br,Canada,V2X,blue,1/7/2018,378569.14
322,Helene,De Blase,18,hdeblase8x@tiny.cc,United States,10310,red,5/22/2019,916304.44
323,Sigfrid,Lifsey,36,slifsey8y@ebay.co.uk,France,31085 CEDEX 2,green,12/3/2019,550209.85
324,Kalvin,Chatten,24,kchatten8z@hibu.com,Mexico,63174,red,9/16/2022,91159.9
325,Shirlene,O'Garmen,41,sogarmen90@zdnet.com,United States,60435,red,2/1/2016,348139.4
326,Dina,Teal,41,dteal91@blogtalkradio.com,United States,64082,green,8/23/2016,400547.82
327,Dalston,De Pietri,48,ddepietri92@dyndns.org,France,75080 CEDEX 02,red,2/2/2010,137530.53
328,Rosina,Jovic,51,rjovic93@imageshack.us,Germany,40489,red,8/4/2014,153104.59
329,Agatha,Perigoe,38,aperigoe94@nationalgeographic.com,United States,98148,blue,2/21/2011,434588.12
330,Cori,Codron,45,ccodron95@uiuc.edu,Canada,V7R,green,12/11/2019,800804.59
331,Stuart,Glavis,42,sglavis96@cyberchimps.com,United States,33982,red,6/8/2019,565657.46
332,Lief,Pattington,25,lpattington97@mapy.cz,United States,53225,green,7/10/2010,979526.87
333,Maurie,Baudesson,61,mbaudesson98@gov.uk,France,54529 CEDEX,green,9/23/2010,292643.41
334,Calypso,Bacon,59,cbacon99@multiply.com,France,89010 CEDEX,blue,10/21/2011,225510.93
335,Rozele,Mallon,52,rmallon9a@friendfeed.com,United States,20470,red,4/28/2019,268118.88
336,Flossi,Decreuze,58,fdecreuze9b@sciencedaily.com,Germany,80804,red,10/5/2012,639201.98
337,Perkin,Sey,51,psey9c@mail.ru,France,95933 CEDEX 2,blue,11/11/2012,197859.57
338,Christen,Loade,65,cloade9d@dmoz.org,France,33801 CEDEX,blue,12/20/2013,215679.73
339,Laryssa,Landeg,37,llandeg9e@linkedin.com,France,41976 CEDEX 9,green,4/6/2018,402138.14
340,Fidela,Valdes,25,fvaldes9f@squarespace.com,United States,23459,green,4/28/2016,963453.14
341,Moreen,Dufaire,62,mdufaire9g@miitbeian.gov.cn,France,35164 CEDEX,red,11/18/2015,990262.11
342,Tabina,Bourner,51,tbourner9h@ocn.ne.jp,France,44356 CEDEX,red,8/15/2016,848895.6
343,Karina,Innocenti,59,kinnocenti9i@google.ru,France,29193 CEDEX,red,3/13/2015,215240.33
344,Cristian,Rantoull,29,crantoull9j@pinterest.com,France,42021 CEDEX 1,red,12/31/2011,485308.2
345,Ravid,Peyro,60,rpeyro9k@ted.com,United States,65105,red,9/11/2016,744946.09
346,Fonzie,Casaro,56,fcasaro9l@wisc.edu,United Kingdom,EH52,blue,12/9/2019,650646.75
347,Brigida,Hartup,36,bhartup9m@forbes.com,United States,25709,green,12/12/2015,123232.88
348,Terrence,Byres,23,tbyres9n@google.nl,France,94604 CEDEX,red,8/8/2010,452548.02
349,Stuart,Badman,36,sbadman9o@canalblog.com,France,15004 CEDEX,red,11/17/2014,507503.63
350,Gottfried,Shorbrook,51,gshorbrook9p@eventbrite.com,Canada,T7A,green,1/19/2012,976087.14
351,Benita,Lundbech,30,blundbech9q@joomla.org,United States,11854,green,10/6/2020,136600.48
352,Desmond,Lansberry,56,dlansberry9r@uol.com.br,Canada,J1T,blue,9/10/2020,209607.14
353,Moreen,de Broke,62,mdebroke9s@princeton.edu,United States,73167,red,2/10/2014,741119.87
354,Francois,Spencer,30,fspencer9t@wufoo.com,France,60637 CEDEX,red,8/23/2013,930337.87
355,Raimondo,Broggelli,33,rbroggelli9u@eventbrite.com,Mexico,64103,red,8/27/2017,616059.48
356,Otho,Mack,25,omack9v@techcrunch.com,Canada,P1A,green,7/12/2012,65344.22
357,Jemima,Lemme,23,jlemme9w@umn.edu,United States,06816,green,10/19/2011,94203.2
358,Barbie,Barrable,35,bbarrable9x@nydailynews.com,Mexico,56030,blue,8/19/2018,610942.8
359,Loretta,Devonside,50,ldevonside9y@squidoo.com,Mexico,14260,blue,9/15/2013,533402.28
360,Laurena,Hannan,20,lhannan9z@jiathis.com,United States,32941,red,6/17/2014,723150.75
361,Jodie,Birtle,65,jbirtlea0@howstuffworks.com,United States,98185,green,10/7/2012,976875.57
362,Solomon,Shalloe,62,sshalloea1@yellowbook.com,United States,46254,green,7/3/2021,338313.47
363,Kilian,De Cruce,28,kdecrucea2@google.it,France,72234 CEDEX,green,6/15/2011,726788.98
364,Murvyn,Volker,23,mvolkera3@rakuten.co.jp,United Kingdom,DT10,red,6/14/2020,197399.31
365,Lori,Ornelas,26,lornelasa4@discovery.com,United States,20051,green,7/30/2020,25394.37
366,Guinevere,Mathelin,35,gmathelina5@answers.com,Mexico,72124,green,7/12/2019,613749.36
367,Xavier,Tudball,50,xtudballa6@eventbrite.com,Mexico,82153,green,8/17/2013,384680.81
368,Christyna,Lunny,65,clunnya7@umich.edu,France,91959 CEDEX,blue,5/9/2017,15264.91
369,Shepherd,Heed,50,sheeda8@bandcamp.com,Canada,S7W,blue,11/9/2010,247100.53
370,Isabel,Beushaw,30,ibeushawa9@freewebs.com,France,74164 CEDEX,green,4/27/2011,162343.9
371,Tara,Ovenden,30,tovendenaa@dropbox.com,Canada,J5V,blue,8/18/2012,157360.4
372,Valentin,Hurn,29,vhurnab@independent.co.uk,Mexico,62767,red,4/18/2018,580160.14
373,Cynthia,Waghorn,52,cwaghornac@blogger.com,France,86083 CEDEX 9,red,6/15/2022,309642.99
374,Brig,Ashlee,59,bashleead@opera.com,Mexico,54932,green,8/16/2011,683593.93
375,Alexa,Dicey,65,adiceyae@jiathis.com,United States,32092,green,4/18/2021,428729.03
376,Josh,Reyna,24,jreynaaf@cnet.com,Canada,G7Y,red,11/20/2020,734484.35
377,Nelson,Molder,36,nmolderag@imgur.com,France,64080 CEDEX,red,10/31/2012,330796.1
378,Chris,Lauret,59,clauretah@samsung.com,United States,31998,green,6/12/2020,728714.23
379,Farrell,Rodrigo,22,frodrigoai@nasa.gov,United States,31136,red,7/11/2011,192594.14
380,Hieronymus,Goodison,52,hgoodisonaj@arizona.edu,United States,93907,blue,5/3/2015,487609.21
381,Lenore,Bownd,47,lbowndak@slashdot.org,France,06116 CEDEX,green,8/27/2019,185938.98
382,Puff,Tolworthy,64,ptolworthyal@psu.edu,France,94269 CEDEX,green,7/9/2020,91309.94
383,Stirling,McGuiney,27,smcguineyam@mit.edu,France,92393 CEDEX,green,1/16/2019,105444.99
384,Anabal,Binford,47,abinfordan@ucoz.com,France,81109 CEDEX,red,9/27/2012,807685.73
385,Karyl,Snoday,44,ksnodayao@si.edu,Mexico,30509,red,5/12/2011,413859.07
386,Robbert,Besantie,44,rbesantieap@bloglines.com,France,60804 CEDEX,green,7/7/2019,144785.5
387,Yorke,Fairbeard,57,yfairbeardaq@wsj.com,United States,76105,red,11/12/2021,79608.02
388,Coletta,Achromov,30,cachromovar@twitpic.com,France,80146 CEDEX,blue,5/13/2013,444341.65
389,Dalli,Playford,64,dplayfordas@cyberchimps.com,United States,48232,red,3/14/2014,613593.39
390,Monika,McArte,44,mmcarteat@telegraph.co.uk,United States,20088,green,5/24/2022,67432.0
391,Maxie,Gemeau,35,mgemeauau@instagram.com,United States,40515,green,4/22/2020,220958.8
392,Fanny,Roskell,51,froskellav@utexas.edu,Mexico,47450,red,2/2/2017,292552.95
393,Inger,Steeples,32,isteeplesaw@wisc.edu,Mexico,87395,red,7/22/2016,309725.91
394,Carolan,Drayn,44,cdraynax@army.mil,Mexico,37900,red,9/3/2016,267715.81
395,Alberta,Prandi,45,aprandiay@biglobe.ne.jp,France,22091 CEDEX 9,red,9/30/2010,190372.5
396,Nanete,holmes,25,nholmesaz@constantcontact.com,France,29563 CEDEX 9,red,9/18/2017,993064.75
397,Wolf,Greger,33,wgregerb0@stanford.edu,United States,33615,blue,8/20/2018,587157.01
398,Deena,Lamke,51,dlamkeb1@jimdo.com,United Kingdom,CV35,blue,8/18/2014,683357.85
399,Gilberta,Lune,65,gluneb2@mlb.com,France,29193 CEDEX,blue,2/25/2015,691840.51
400,Saba,Long,36,slongb3@google.co.uk,France,54704 CEDEX,blue,6/29/2014,90702.74
401,Garnet,Broom,26,gbroomb4@imgur.com,United States,02114,red,6/25/2011,912348.57
402,Wadsworth,Brewers,58,wbrewersb5@abc.net.au,Canada,A1N,red,3/10/2016,940249.31
403,Georgi,Windram,40,gwindramb6@pcworld.com,Mexico,92933,blue,8/29/2014,339422.82
404,Free,Harbin,49,fharbinb7@cnet.com,France,13802 CEDEX,green,9/14/2012,621389.97
405,Smitty,Peare,54,speareb8@imageshack.us,United States,15274,blue,4/7/2022,902805.57
406,Dolorita,Anstie,53,danstieb9@sciencedaily.com,Canada,E5L,green,5/30/2012,347957.49
407,Alia,Loche,47,alocheba@topsy.com,United States,92176,green,8/19/2016,721795.05
408,Maren,Weetch,56,mweetchbb@livejournal.com,France,58004 CEDEX,blue,3/13/2013,841630.63
409,Genevieve,Crossfeld,43,gcrossfeldbc@ebay.co.uk,France,78514 CEDEX,red,2/19/2011,243883.65
410,Karlotta,Breddy,34,kbreddybd@cmu.edu,Mexico,89888,blue,9/5/2012,271446.03
411,Violet,Keer,50,vkeerbe@amazonaws.com,France,08013 CEDEX,blue,6/15/2012,181659.31
412,Alyss,Pawson,36,apawsonbf@myspace.com,France,92924 CEDEX,blue,11/6/2014,438616.58
413,Daphne,Di Carlo,35,ddicarlobg@nba.com,France,86020 CEDEX,blue,11/21/2017,381292.92
414,Chane,Jamison,37,cjamisonbh@si.edu,France,77316 CEDEX 2,red,5/6/2021,365764.9
415,Raimundo,Mathie,53,rmathiebi@51.la,France,91024 CEDEX,green,7/8/2013,137458.79
416,Kit,Kitson,60,kkitsonbj@house.gov,France,75778 CEDEX 16,green,9/26/2016,625487.61
417,Janice,De Winton,23,jdewintonbk@hud.gov,Canada,K2J,red,12/2/2012,669522.86
418,Petey,Worsnip,37,pworsnipbl@umn.edu,Mexico,72595,red,1/21/2014,88500.52
419,Jori,Emmerson,36,jemmersonbm@miitbeian.gov.cn,Canada,J1K,blue,4/18/2012,63943.79
420,Kin,Haggith,22,khaggithbn@diigo.com,Mexico,62214,blue,12/1/2014,852524.76
421,Sebastiano,Bellfield,58,sbellfieldbo@patch.com,Canada,G3Z,blue,12/1/2014,548518.85
422,Shannon,Davidovicz,32,sdavidoviczbp@woothemes.com,France,37205 CEDEX 3,green,12/28/2020,578455.87
423,Lorena,Da Costa,40,ldacostabq@jigsy.com,Mexico,71161,green,3/18/2022,486723.87
424,Brianna,Eskrick,28,beskrickbr@tripod.com,France,29213 CEDEX 1,green,2/6/2022,527245.04
425,Delilah,Chewter,60,dchewterbs@webnode.com,United States,66276,red,7/12/2019,63985.25
426,Tremayne,Ragbourn,21,tragbournbt@irs.gov,United States,85215,green,2/18/2016,416761.52
427,Godiva,Tomaskunas,26,gtomaskunasbu@sohu.com,Mexico,61607,blue,2/5/2013,897436.34
428,Rodie,Coniam,46,rconiambv@last.fm,Canada,J9Z,green,4/24/2018,897653.84
429,Adiana,Karpmann,31,akarpmannbw@nature.com,Mexico,68451,red,1/21/2019,126517.17
430,Dory,Magog,38,dmagogbx@gmpg.org,Canada,H3G,blue,12/18/2019,469968.65
431,Reube,Collier,20,rcollierby@bloglines.com,France,75075 CEDEX 02,red,10/1/2022,179760.01
432,Adore,Wardhaw,49,awardhawbz@nymag.com,United States,53716,red,12/6/2016,314414.9
433,Ashil,Harland,62,aharlandc0@omniture.com,Canada,T1M,green,5/31/2020,256563.72
434,Melina,Fairbourne,37,mfairbournec1@google.es,Germany,80337,green,3/1/2015,607767.83
435,Christiana,Sneaker,38,csneakerc2@cam.ac.uk,France,59444 CEDEX,blue,2/18/2020,833468.58
436,Nelli,Blunsden,53,nblunsdenc3@ovh.net,United States,77705,green,1/12/2012,360317.74
437,Chadwick,Ysson,22,cyssonc4@nps.gov,United States,10150,red,12/22/2022,938834.98
438,Uri,Dowse,34,udowsec5@g.co,France,91914 CEDEX 9,green,3/4/2014,476746.16
439,Garrick,Belchambers,56,gbelchambersc6@amazon.co.jp,Canada,G8J,green,3/25/2018,678803.54
440,Magnum,Sissons,48,msissonsc7@businessinsider.com,France,25057 CEDEX,blue,3/10/2020,104452.83
441,Joby,Rosen,49,jrosenc8@ocn.ne.jp,France,74154 CEDEX,red,2/15/2012,166081.77
442,Fabio,Coulston,30,fcoulstonc9@opera.com,United States,91499,green,2/27/2021,439469.45
443,Nert,Mattek,27,nmattekca@disqus.com,France,66050 CEDEX,green,1/6/2019,764217.21
444,Hilton,Olphert,59,holphertcb@bloglines.com,United States,94207,red,2/18/2021,842681.28
445,Gregorio,Mariel,34,gmarielcc@51.la,France,13464 CEDEX 16,red,8/12/2011,924275.78
446,Leanor,Walsh,35,lwalshcd@google.com,Mexico,51690,red,10/20/2015,649322.33
447,Dru,Stagg,19,dstaggce@so-net.ne.jp,Mexico,58095,blue,10/11/2021,316102.79
448,Norine,Lockyear,42,nlockyearcf@pinterest.com,France,76883 CEDEX,red,7/3/2019,838196.86
449,Alvera,Bonifas,30,abonifascg@amazon.com,Germany,70374,green,11/17/2010,352641.86
450,Nevile,Breckwell,59,nbreckwellch@smh.com.au,United States,77090,green,6/6/2020,520974.64
451,Wilbur,Cometson,64,wcometsonci@blogspot.com,United States,68164,blue,8/30/2014,347747.38
452,Gareth,Luckcock,28,gluckcockcj@biblegateway.com,France,34536 CEDEX,blue,8/6/2019,567120.04
453,Marta,Rallin,52,mrallinck@instagram.com,France,67098 CEDEX 2,blue,8/28/2021,144983.8
454,Tamma,Crother,27,tcrothercl@kickstarter.com,France,75100 CEDEX 01,green,7/27/2017,737928.2
455,Emile,Wiper,59,ewipercm@reddit.com,France,76600,blue,12/2/2018,653701.09
456,Geordie,Christophle,57,gchristophlecn@bigcartel.com,Mexico,75694,blue,4/26/2017,293374.09
457,Ileane,Carrigan,62,icarriganco@webs.com,France,27204 CEDEX,red,4/11/2018,771361.29
458,Brenden,Deelay,27,bdeelaycp@state.tx.us,Canada,N2L,green,11/4/2011,522948.31
459,Celina,Tooker,46,ctookercq@mayoclinic.com,France,83953 CEDEX,red,1/29/2016,958314.72
460,Piper,Goane,33,pgoanecr@hibu.com,United States,53285,blue,12/24/2010,559642.07
461,Mac,Mathevon,47,mmathevoncs@mediafire.com,France,83040 CEDEX 9,green,7/19/2021,478447.65
462,Keefer,Coolahan,44,kcoolahanct@digg.com,Mexico,29920,green,9/28/2021,64540.87
463,Mateo,Jakab,24,mjakabcu@geocities.jp,Canada,G3Z,blue,12/20/2013,888040.1
464,Eleanora,Weddell,65,eweddellcv@tinypic.com,Canada,L5W,green,9/15/2014,783012.98
465,Almire,Giovannoni,56,agiovannonicw@harvard.edu,United Kingdom,GU32,green,4/13/2021,107123.08
466,Trent,Kytley,45,tkytleycx@home.pl,Mexico,86350,red,8/1/2019,67318.93
467,Shelley,Elflain,56,selflaincy@springer.com,Mexico,37800,blue,10/1/2019,59724.0
468,Amity,Adderson,50,aaddersoncz@gmpg.org,Canada,H5B,red,10/22/2015,77628.61
469,Atalanta,Elsy,25,aelsyd0@unc.edu,United States,94273,green,5/10/2014,338424.91
470,Wenona,Gronou,60,wgronoud1@sitemeter.com,France,75609 CEDEX 12,blue,7/24/2020,762105.67
471,Heall,Durrett,38,hdurrettd2@hao123.com,France,33614 CEDEX,green,8/30/2018,929638.82
472,Edi,Rome,27,eromed3@lycos.com,United States,27404,blue,7/22/2019,666101.34
473,Hogan,Rickasse,34,hrickassed4@mapquest.com,France,87077 CEDEX 9,red,12/6/2019,813718.82
474,Shayne,Sobieski,47,ssobieskid5@e-recht24.de,France,34964 CEDEX 2,blue,6/26/2021,612808.67
475,Odele,Wildblood,52,owildbloodd6@ox.ac.uk,France,13393 CEDEX 13,green,2/16/2020,630415.59
476,Othelia,Dunhill,56,odunhilld7@angelfire.com,United States,43231,red,9/17/2020,398259.88
477,Fancy,Chilles,26,fchillesd8@ebay.com,United States,53285,blue,5/2/2015,56013.79
478,Annis,Trusty,19,atrustyd9@alibaba.com,United States,95833,blue,12/14/2019,497561.21
479,Cassondra,Le Borgne,35,cleborgneda@japanpost.jp,France,36104 CEDEX,green,6/8/2022,822438.24
480,Erwin,Piddlehinton,40,epiddlehintondb@google.co.jp,Canada,P7L,green,2/4/2013,175676.71
481,Tate,Adamkiewicz,54,tadamkiewiczdc@exblog.jp,Canada,L1Z,red,2/22/2016,259865.61
482,Harley,Willars,18,hwillarsdd@whitehouse.gov,France,27509 CEDEX,blue,11/22/2016,239962.74
483,Tristan,Spada,54,tspadade@mlb.com,United States,90030,blue,1/4/2010,385474.31
484,Claudian,Edgeon,51,cedgeondf@etsy.com,France,21704 CEDEX,green,12/3/2012,364754.39
485,Jordana,Tripon,39,jtripondg@wunderground.com,France,44019 CEDEX 1,green,1/30/2019,917947.72
486,Lucretia,Harsnep,31,lharsnepdh@bing.com,United States,25775,blue,8/10/2021,62071.66
487,Malvin,Cline,41,mclinedi@t.co,United States,89155,red,7/2/2017,437198.53
488,Kiel,Brosetti,50,kbrosettidj@cam.ac.uk,France,59073 CEDEX 1,blue,4/24/2015,699951.71
489,Obidiah,Staunton,23,ostauntondk@harvard.edu,Canada,T4V,blue,8/7/2022,930986.24
490,Evvie,Good,42,egooddl@google.com.hk,France,44815 CEDEX,green,2/11/2020,775902.84
491,Harrison,MacGrath,42,hmacgrathdm@theatlantic.com,France,94269 CEDEX,green,5/26/2018,244470.47
492,Danya,Lars,18,dlarsdn@elegantthemes.com,France,75485 CEDEX 10,green,4/8/2020,564549.46
493,Katharine,Kleynen,51,kkleynendo@desdev.cn,United States,77090,red,10/2/2012,903163.04
494,Ira,Peris,50,iperisdp@yelp.com,France,85614 CEDEX,green,3/21/2018,835693.82
495,Lena,Sansum,33,lsansumdq@vimeo.com,United States,31136,blue,6/14/2016,424372.46
496,Tessie,Proschke,49,tproschkedr@photobucket.com,Germany,22303,red,11/15/2017,353714.15
497,Charisse,Bohan,22,cbohands@aol.com,France,57704 CEDEX,green,5/17/2021,565586.29
498,Michael,Comolli,36,mcomollidt@gravatar.com,United States,49444,green,3/1/2021,31480.01
499,Edmund,Monier,64,emonierdu@xing.com,United States,46857,green,9/7/2016,792901.34
500,Jerry,Dell 'Orto,19,jdellortodv@marriott.com,United States,79165,green,12/15/2013,5795.57
501,Nikita,MacDearmont,32,nmacdearmontdw@vkontakte.ru,United States,72215,red,4/30/2020,155302.38
502,Patrizio,Itzkovwich,32,pitzkovwichdx@webeden.co.uk,Mexico,93816,red,4/2/2011,931919.53
503,Boony,Jumel,45,bjumeldy@hugedomains.com,Canada,E4S,red,9/26/2014,62536.99
504,Raffarty,Pride,33,rpridedz@posterous.com,Mexico,51690,green,6/29/2015,472442.28
505,Kevin,Baggiani,42,kbaggianie0@xing.com,Mexico,56190,green,7/26/2015,825396.7
506,Dew,Saltsberg,43,dsaltsberge1@drupal.org,Canada,E1W,green,3/10/2018,848982.25
507,Becka,Foort,37,bfoorte2@springer.com,United States,96840,green,11/30/2014,391659.87
508,Hans,Lovelace,47,hlovelacee3@cyberchimps.com,Mexico,41640,blue,4/12/2016,523667.98
509,Colin,Braunton,54,cbrauntone4@fastcompany.com,France,94409 CEDEX,red,1/18/2010,461891.06
510,Gris,Dwelly,26,gdwellye5@surveymonkey.com,Mexico,36780,blue,1/13/2019,233526.97
511,Consuelo,Peret,55,cperete6@webmd.com,France,31004 CEDEX 6,green,1/6/2011,279490.54
512,Cammy,Cubitt,54,ccubitte7@goo.gl,Mexico,43645,blue,8/16/2011,223666.28
513,Hadley,Dabels,47,hdabelse8@51.la,France,67098 CEDEX 2,red,2/17/2017,219443.1
514,Christine,Ghidelli,48,cghidellie9@amazon.co.uk,Canada,L6E,red,6/26/2020,441787.91
515,Leola,Cappel,36,lcappelea@wired.com,France,76418 CEDEX 9,blue,9/15/2021,672075.64
516,Brooks,Worboys,35,bworboyseb@dot.gov,France,75455 CEDEX 09,red,8/23/2020,926134.39
517,Cyndie,Chelnam,19,cchelnamec@photobucket.com,Mexico,38835,red,6/2/2010,225228.82
518,Othella,Heams,37,oheamsed@dmoz.org,France,33100,red,3/25/2016,169763.1
519,Curcio,Rudolf,51,crudolfee@bloomberg.com,United Kingdom,CV35,green,2/20/2010,956051.02
520,Darb,Hebditch,23,dhebditchef@vkontakte.ru,Canada,B3H,blue,9/7/2019,454656.18
521,Jacinta,Rieme,31,jriemeeg@icio.us,Mexico,60284,blue,10/8/2012,783579.15
522,Maryjo,Buncom,63,mbuncomeh@friendfeed.com,United Kingdom,NG34,red,2/6/2021,319832.85
523,Gypsy,Dorman,30,gdormanei@sphinn.com,France,87930 CEDEX 9,red,4/4/2017,161739.73
524,Selma,Gravenell,26,sgravenellej@opensource.org,Canada,T1V,blue,3/9/2020,70522.51
525,Merna,Prall,35,mprallek@pagesperso-orange.fr,Canada,L5W,red,9/11/2011,327779.13
526,Randa,Berrington,59,rberringtonel@irs.gov,United States,80045,red,10/27/2013,59413.52
527,Wes,Rowan,34,wrowanem@twitpic.com,France,06254 CEDEX,red,10/8/2022,946308.83
528,Rosaline,Tyas,28,rtyasen@mapquest.com,Mexico,93995,green,12/22/2022,497036.58
529,Mitchel,Tough,43,mtougheo@blogtalkradio.com,Canada,N9V,blue,8/8/2022,925097.29
530,Ellerey,Basini-Gazzi,33,ebasinigazziep@kickstarter.com,Mexico,36780,red,7/21/2012,881063.01
531,Kurt,Twitty,21,ktwittyeq@va.gov,Canada,J3M,blue,2/6/2012,606781.7
532,Luelle,Spurier,19,lspurierer@nasa.gov,Canada,J4N,green,10/2/2018,377922.72
533,Suellen,Cayle,23,scaylees@dagondesign.com,United States,27690,blue,4/20/2013,56073.04
534,Ram,Golson,49,rgolsonet@loc.gov,France,69669 CEDEX,blue,12/11/2022,597814.88
535,Bard,Menci,32,bmencieu@army.mil,Canada,T1S,green,5/4/2015,757967.45
536,Kelley,Cristofano,58,kcristofanoev@fotki.com,France,75139 CEDEX 03,red,3/9/2011,892447.33
537,Margarethe,Dufaire,47,mdufaireew@about.com,Canada,K1M,green,5/29/2016,774537.99
538,Alejoa,Faiers,61,afaiersex@skype.com,United States,80920,green,7/2/2019,389627.1
539,Lydon,Gerardin,42,lgerardiney@qq.com,United States,44505,blue,2/15/2013,881196.79
540,Budd,Marlowe,57,bmarloweez@blogs.com,France,13232 CEDEX 01,green,3/7/2021,194892.81
541,Izaak,Giovannazzi,30,igiovannazzif0@arizona.edu,United Kingdom,SN13,red,10/15/2022,736078.06
542,Jonas,Pashley,60,jpashleyf1@weibo.com,United States,88514,red,6/21/2016,848278.92
543,Roselle,Duce,44,rducef2@feedburner.com,France,21051 CEDEX,blue,2/14/2017,252838.46
544,Hester,Glencrash,32,hglencrashf3@google.ca,United States,64504,blue,4/6/2019,752379.66
545,Ashly,Swindley,20,aswindleyf4@cocolog-nifty.com,France,41976 CEDEX 9,red,12/24/2012,453844.09
546,Morganne,Gorhardt,54,mgorhardtf5@wiley.com,United States,35805,red,6/1/2016,938132.13
547,Solly,Hessenthaler,28,shessenthalerf6@newsvine.com,Germany,01156,green,8/20/2015,544653.13
548,Beatrix,Grinham,26,bgrinhamf7@hibu.com,United States,12305,red,10/8/2021,955825.63
549,Maxim,Sodory,53,msodoryf8@patch.com,Mexico,37600,red,11/6/2011,26104.9
550,Harmonie,Harkins,43,hharkinsf9@g.co,France,38244 CEDEX,green,6/21/2021,222219.71
551,Buckie,Joontjes,39,bjoontjesfa@dion.ne.jp,Canada,M1M,green,2/22/2014,396657.76
552,Lemuel,Bertot,31,lbertotfb@cbsnews.com,United States,11407,red,12/16/2012,187439.04
553,Margret,Pavlovic,27,mpavlovicfc@163.com,France,72029 CEDEX 2,blue,1/21/2010,711911.46
554,Chrisse,Grunwall,42,cgrunwallfd@taobao.com,Mexico,50695,red,8/25/2012,466871.46
555,Daniella,Gwyllt,36,dgwylltfe@umn.edu,France,75587 CEDEX 12,blue,12/23/2017,912285.32
556,Claretta,Allaway,37,callawayff@imgur.com,United States,89166,blue,2/12/2019,867690.74
557,Conrad,McKee,54,cmckeefg@jiathis.com,France,06016 CEDEX 1,red,9/4/2011,503948.49
558,Amerigo,Laherty,59,alahertyfh@nba.com,Mexico,38260,green,2/29/2012,107336.76
559,Ferdy,Farnan,62,ffarnanfi@geocities.com,Germany,22179,red,8/11/2020,654015.72
560,Gauthier,Harbisher,20,gharbisherfj@nasa.gov,France,49010 CEDEX 01,red,5/12/2010,434628.28
561,Paulo,Haines,45,phainesfk@deviantart.com,France,74982 CEDEX 9,red,3/11/2011,779029.04
562,Frants,Sprade,62,fspradefl@thetimes.co.uk,United Kingdom,CT15,red,2/7/2017,991649.35
563,Druci,Lerway,40,dlerwayfm@dailymotion.com,Canada,J6W,green,4/25/2017,255543.52
564,Tresa,Baltzar,29,tbaltzarfn@furl.net,Canada,K2J,blue,1/5/2018,698285.73
565,Avis,Wooles,30,awoolesfo@squarespace.com,Germany,30167,green,6/10/2021,356303.32
566,Em,Scamerden,37,escamerdenfp@people.com.cn,United States,33023,green,4/10/2017,331526.09
567,Ernesta,Braine,32,ebrainefq@usgs.gov,France,93591 CEDEX,red,7/1/2016,392475.47
568,Emmalynne,Babon,21,ebabonfr@si.edu,France,91304 CEDEX,blue,12/2/2010,5538.77
569,Phylys,Prendeguest,56,pprendeguestfs@furl.net,Canada,T9G,red,12/30/2020,877575.94
570,Hilary,Summersett,49,hsummersettft@soundcloud.com,United States,53205,blue,3/29/2011,243352.95
571,Carlo,Ruecastle,62,cruecastlefu@gravatar.com,France,60006 CEDEX,red,5/15/2018,135470.13
572,Hurlee,Lathaye,55,hlathayefv@disqus.com,United States,61105,red,4/24/2015,252885.03
573,Willabella,Fentem,28,wfentemfw@princeton.edu,France,79031 CEDEX 9,red,6/6/2017,296719.81
574,Cecile,Ovell,40,covellfx@blogtalkradio.com,Canada,L6J,red,12/18/2016,170756.64
575,Ollie,Liddall,60,oliddallfy@twitpic.com,France,23016 CEDEX,green,5/25/2015,163975.34
576,Honor,Petran,40,hpetranfz@livejournal.com,Canada,P0W,green,8/4/2010,555043.41
577,Hayward,Wightman,52,hwightmang0@redcross.org,France,61042 CEDEX,blue,3/31/2015,145049.05
578,Fin,Crowd,20,fcrowdg1@redcross.org,Canada,N1G,blue,5/11/2020,782315.7
579,Delaney,Cockland,45,dcocklandg2@princeton.edu,Germany,50935,blue,1/3/2022,147149.68
580,Morey,Riepl,45,mrieplg3@typepad.com,United Kingdom,M14,blue,7/3/2019,140798.95
581,Anderea,Gauford,52,agaufordg4@answers.com,Canada,T9H,green,1/24/2019,960752.54
582,Darin,Jewise,30,djewiseg5@woothemes.com,United States,27710,red,12/15/2010,733506.93
583,Flin,Padillo,62,fpadillog6@virginia.edu,France,92727 CEDEX,blue,11/2/2014,669178.98
584,Nestor,Normabell,21,nnormabellg7@soup.io,Mexico,97714,red,2/16/2018,649411.9
585,Alfie,Porkiss,24,aporkissg8@princeton.edu,France,93737 CEDEX 9,red,8/27/2021,513309.18
586,Chris,Naisbet,60,cnaisbetg9@ucsd.edu,United States,70174,red,6/25/2018,859581.43
587,Darsie,Rubrow,50,drubrowga@livejournal.com,United States,79977,blue,9/22/2019,440495.72
588,Currie,Fortune,62,cfortunegb@hugedomains.com,France,58004 CEDEX,red,9/15/2014,820697.54
589,Elset,Conningham,35,econninghamgc@ucla.edu,France,94525 CEDEX 1,blue,11/12/2013,829190.89
590,Arlinda,Coleshill,65,acoleshillgd@github.io,Canada,E4S,red,3/28/2015,567869.2
591,Thekla,St Pierre,28,tstpierrege@w3.org,United States,95205,blue,4/26/2010,459671.86
592,Essa,Ribchester,55,eribchestergf@smugmug.com,France,74704 CEDEX,red,4/13/2013,461180.39
593,Giacobo,Worrill,26,gworrillgg@usatoday.com,France,37072 CEDEX 2,red,6/7/2022,294798.71
594,Redd,Patterson,51,rpattersongh@shinystat.com,United States,55441,green,12/8/2021,770756.16
595,Mike,Yurenin,65,myureningi@bizjournals.com,United States,87592,red,7/3/2014,443246.36
596,Shirlene,Dufer,28,sdufergj@so-net.ne.jp,Mexico,26095,green,1/15/2020,579951.35
597,Flinn,Mitham,64,fmithamgk@netlog.com,France,73031 CEDEX,blue,6/11/2019,620315.95
598,Tedda,Tabrett,64,ttabrettgl@bbb.org,United States,79945,red,3/4/2012,608254.66
599,Amby,Spurr,51,aspurrgm@nsw.gov.au,France,27109 CEDEX,green,11/21/2016,942154.79
600,Blane,Thornber,23,bthornbergn@cnbc.com,United States,93762,green,8/14/2013,258247.93
601,Austin,Turbard,61,aturbardgo@cbsnews.com,Mexico,92934,blue,4/3/2016,217716.18
602,Gerti,Rosencwaig,48,grosencwaiggp@theglobeandmail.com,United States,33731,blue,12/18/2016,34272.26
603,Stefano,Velde,64,sveldegq@dailymail.co.uk,Canada,K6K,green,3/4/2020,20037.37
604,Calla,Martynikhin,18,cmartynikhingr@dailymail.co.uk,France,71309 CEDEX,red,9/24/2013,659865.57
605,Lita,Bartles,64,lbartlesgs@xinhuanet.com,France,83077 CEDEX 9,red,2/19/2013,936282.88
606,Marj,D'Alesio,34,mdalesiogt@adobe.com,Canada,V6S,blue,5/17/2015,522286.95
607,Betty,Zold,53,bzoldgu@ifeng.com,France,37016 CEDEX 1,green,2/16/2013,801180.39
608,Maegan,Cottie,55,mcottiegv@mtv.com,Mexico,52740,red,7/30/2014,810104.97
609,Anastasia,Greetland,29,agreetlandgw@icio.us,United States,50369,green,1/18/2020,738134.45
610,Jeanelle,Shercliff,30,jshercliffgx@nasa.gov,Canada,H3G,red,2/11/2011,995461.51
611,Frederik,Walicki,59,fwalickigy@stumbleupon.com,Canada,V5M,green,11/30/2019,755771.84
612,Cahra,Astlatt,47,castlattgz@gmpg.org,Canada,L1Z,green,4/25/2010,822373.27
613,Jordanna,McCrory,37,jmccroryh0@merriam-webster.com,United States,50369,red,10/13/2015,86136.6
614,Vaughn,Rigmand,64,vrigmandh1@cbslocal.com,United States,73135,green,10/30/2022,188446.17
615,Saraann,Garfit,25,sgarfith2@cbc.ca,United States,43615,blue,5/7/2011,501747.29
616,Roslyn,Rimington,63,rrimingtonh3@etsy.com,United States,93704,blue,6/23/2018,620576.92
617,Claudia,Paulitschke,45,cpaulitschkeh4@imgur.com,Mexico,30625,green,5/2/2017,238567.64
618,Sauncho,Roback,47,srobackh5@dot.gov,United States,73190,blue,12/22/2014,743981.82
619,Sylvan,Johnston,32,sjohnstonh6@ucoz.ru,United States,94132,green,5/27/2016,126414.39
620,Odo,Curle,42,ocurleh7@ifeng.com,United States,77493,blue,11/26/2014,515456.19
621,Shelley,Guidera,19,sguiderah8@squarespace.com,France,69649 CEDEX,green,9/5/2013,203488.01
622,Zsazsa,Menlove,53,zmenloveh9@geocities.com,Germany,28355,blue,7/13/2012,719442.93
623,Rolph,Esselen,56,resselenha@scientificamerican.com,Mexico,43161,red,12/24/2018,781871.73
624,Alexandre,Remer,59,aremerhb@gizmodo.com,Canada,T7A,green,9/30/2015,637731.44
625,Ignazio,Lacase,44,ilacasehc@cnbc.com,France,92782 CEDEX 9,blue,4/20/2015,742353.47
626,Tamqrah,Bilbery,39,tbilberyhd@chronoengine.com,France,94109 CEDEX,blue,7/16/2015,891744.52
627,Lanita,Bofield,63,lbofieldhe@yahoo.co.jp,Canada,G6K,blue,10/31/2010,67934.06
628,Pen,Sysland,39,psyslandhf@ox.ac.uk,United States,20022,green,3/31/2018,564335.39
629,Jon,Turvie,27,jturviehg@odnoklassniki.ru,Germany,70374,green,7/21/2016,991899.22
630,Randall,Gatrell,38,rgatrellhh@npr.org,France,89102 CEDEX,red,7/2/2016,465550.6
631,Raffarty,Junkison,45,rjunkisonhi@china.com.cn,Mexico,54927,green,2/29/2016,384196.78
632,Godard,Gibbins,65,ggibbinshj@usgs.gov,Canada,T9G,green,4/11/2022,345351.79
633,Chery,Noller,49,cnollerhk@oracle.com,France,77246 CEDEX,blue,2/10/2019,860948.05
634,Tucker,Launchbury,58,tlaunchburyhl@earthlink.net,Canada,J5X,blue,11/19/2019,194975.67
635,Marvin,Chern,37,mchernhm@apache.org,United States,70505,red,3/8/2016,445614.18
636,Euphemia,Cristoforetti,23,ecristoforettihn@nydailynews.com,United States,31422,green,4/20/2019,83260.76
637,Tabby,Rowney,62,trowneyho@facebook.com,France,68504 CEDEX,green,7/25/2021,580035.98
638,Kevan,Glasheen,39,kglasheenhp@slideshare.net,Germany,90411,blue,11/18/2012,23290.79
639,Kirk,Immins,54,kimminshq@umich.edu,France,64039 CEDEX,red,2/11/2016,507111.12
640,Nikola,Liepins,36,nliepinshr@nytimes.com,United States,75049,green,10/16/2019,603840.51
641,Corette,Wibrew,48,cwibrewhs@boston.com,Mexico,53338,red,1/24/2011,791095.53
642,Wilburt,Woodburn,60,wwoodburnht@disqus.com,France,77214 CEDEX,green,2/25/2012,109666.61
643,Sharia,Akred,62,sakredhu@usnews.com,Mexico,29557,blue,6/20/2020,637191.53
644,Malinda,Goad,27,mgoadhv@netscape.com,France,13253 CEDEX 06,red,4/6/2014,711360.7
645,Alaster,Bilofsky,60,abilofskyhw@wisc.edu,France,50109 CEDEX,red,8/25/2021,775036.69
646,Bernita,Densun,22,bdensunhx@imageshack.us,France,13245 CEDEX 04,blue,4/15/2013,290548.62
647,Eddy,Breslauer,57,ebreslauerhy@prlog.org,Germany,51107,green,8/30/2022,801034.88
648,Brew,Hansbury,60,bhansburyhz@shop-pro.jp,France,73295 CEDEX,green,3/27/2021,665126.64
649,Melloney,Bisley,30,mbisleyi0@businesswire.com,United States,32304,red,10/14/2017,779015.27
650,Jemie,Gaffon,51,jgaffoni1@nyu.edu,France,19117 CEDEX,green,10/22/2010,107674.87
651,Cosmo,Balstone,45,cbalstonei2@eepurl.com,France,81028 CEDEX 9,green,7/12/2019,257110.93
652,Jacqui,Bras,55,jbrasi3@last.fm,Canada,N5R,red,6/4/2012,806537.16
653,Coop,Farrow,37,cfarrowi4@bbc.co.uk,France,56209 CEDEX,green,4/14/2014,988972.18
654,Alexandre,Paulat,41,apaulati5@com.com,France,22091 CEDEX 9,green,3/24/2019,178867.56
655,Templeton,Cotelard,25,tcotelardi6@yandex.ru,France,80004 CEDEX 1,blue,12/14/2022,607233.84
656,Olvan,Mellers,21,omellersi7@lulu.com,United States,31136,red,8/12/2015,249796.68
657,Devinne,Matysiak,23,dmatysiaki8@cbc.ca,Canada,L4R,blue,4/13/2022,669879.62
658,Chrotoem,Kirmond,64,ckirmondi9@paypal.com,United States,40618,red,7/24/2022,492479.32
659,Jody,Ever,25,jeveria@shutterfly.com,France,59715 CEDEX 9,red,6/2/2019,864328.83
660,Leif,Fausch,64,lfauschib@yale.edu,France,92892 CEDEX 9,red,8/8/2010,356788.23
661,Skipton,Boothman,39,sboothmanic@nps.gov,Canada,P0M,red,2/1/2020,115734.37
662,Cornie,Sexten,21,csextenid@nsw.gov.au,United States,47737,blue,5/30/2021,405566.41
663,Camille,Hambling,51,chamblingie@odnoklassniki.ru,Canada,Y1A,red,10/13/2018,122145.4
664,Rudolfo,Huffey,33,rhuffeyif@aol.com,France,69345 CEDEX 07,green,1/16/2015,943831.22
665,Cammy,Riddiough,38,criddioughig@webnode.com,France,78280,red,5/22/2011,649883.08
666,Conchita,Keegan,50,ckeeganih@cloudflare.com,France,67604 CEDEX,green,4/26/2018,578049.79
667,Florry,Cabral,33,fcabralii@youku.com,Mexico,68451,green,9/28/2022,809354.07
668,Janean,Drillingcourt,31,jdrillingcourtij@nasa.gov,France,41904 CEDEX 9,blue,8/26/2011,598283.43
669,Henrieta,Neissen,39,hneissenik@cnn.com,France,14058 CEDEX 4,blue,4/21/2017,117622.57
670,Obie,Ouver,54,oouveril@nytimes.com,Mexico,83553,green,6/24/2017,743466.1
671,Keeley,Maskelyne,28,kmaskelyneim@biglobe.ne.jp,France,29404 CEDEX,blue,7/12/2021,365040.01
672,Tobe,Janzen,20,tjanzenin@aboutads.info,United States,34629,blue,10/7/2020,176161.58
673,Carrie,Bantham,19,cbanthamio@dagondesign.com,Canada,A2V,blue,10/15/2014,495335.16
674,Al,Champkins,51,achampkinsip@nifty.com,United States,78285,green,7/14/2013,822533.26
675,Charmian,Gutridge,20,cgutridgeiq@gmpg.org,France,62404 CEDEX,red,7/22/2015,885192.0
676,Nanice,Surtees,23,nsurteesir@timesonline.co.uk,Canada,G6W,blue,11/12/2012,257418.55
677,Marcos,Slack,44,mslackis@ox.ac.uk,United States,79710,green,9/15/2021,732042.4
678,Dareen,Segges,22,dseggesit@hexun.com,United States,11210,red,10/1/2021,391543.06
679,Sharai,Yakuntzov,55,syakuntzoviu@vk.com,Mexico,71605,red,6/14/2012,286872.25
680,Lexi,Chieze,48,lchiezeiv@pcworld.com,United States,79940,green,5/23/2013,817259.9
681,Robbie,Brainsby,49,rbrainsbyiw@bluehost.com,Canada,V4W,blue,6/20/2014,214617.16
682,Conny,Edgar,46,cedgarix@opera.com,France,51361 CEDEX,green,10/29/2017,912127.1
683,Dalenna,Klein,50,dkleiniy@princeton.edu,Canada,N2E,green,12/11/2021,442443.28
684,Jacquenette,Causley,28,jcausleyiz@twitpic.com,France,29404 CEDEX,blue,1/3/2022,972180.38
685,Gasper,Copelli,22,gcopellij0@samsung.com,France,31774 CEDEX,blue,8/20/2014,392972.92
686,Tami,Coche,20,tcochej1@ted.com,United States,61635,green,8/2/2014,762832.55
687,Gavan,Chilley,57,gchilleyj2@123-reg.co.uk,United States,02298,green,6/9/2014,788887.91
688,Bibi,Gazey,62,bgazeyj3@timesonline.co.uk,United States,13205,green,6/18/2020,333365.83
689,Delora,Soule,43,dsoulej4@google.pl,France,35409 CEDEX,blue,5/25/2016,459166.08
690,Rosella,Bresson,25,rbressonj5@abc.net.au,United States,46295,green,11/16/2016,593551.98
691,Axel,Mansion,33,amansionj6@ning.com,United States,22309,red,1/15/2010,355675.2
692,Nickola,Dring,45,ndringj7@de.vu,United States,32123,red,11/15/2020,763851.25
693,Dory,Penticost,52,dpenticostj8@walmart.com,France,95061 CEDEX 1,blue,8/4/2013,55960.15
694,Kyle,Golborne,36,kgolbornej9@facebook.com,United States,37665,red,7/26/2013,448675.22
695,Jesse,Kendall,47,jkendallja@sphinn.com,United States,80044,red,12/13/2018,597339.36
696,Etti,Tainton,30,etaintonjb@dagondesign.com,France,79049 CEDEX 9,green,6/18/2021,227352.58
697,Caria,Geri,20,cgerijc@unicef.org,France,76304 CEDEX,green,12/1/2021,874087.04
698,Leta,Newick,44,lnewickjd@reverbnation.com,United States,27264,blue,5/27/2019,526413.79
699,Dee dee,MacDowal,56,dmacdowalje@upenn.edu,United States,89178,red,12/12/2014,669541.8
700,Cassandra,Crayke,41,ccraykejf@techcrunch.com,United States,32825,green,3/6/2010,813467.32
701,Bobbye,Hullot,57,bhullotjg@ning.com,France,69644 CEDEX,red,2/7/2017,582918.96
702,Tiertza,Hedgeman,53,thedgemanjh@tuttocitta.it,Canada,J2L,red,12/30/2013,983799.0
703,Keenan,Benzies,51,kbenziesji@blog.com,United States,75049,green,7/26/2010,967929.9
704,Tammi,Smeuin,65,tsmeuinjj@parallels.com,France,33026 CEDEX,blue,5/26/2019,813977.26
705,Cathi,McCritichie,48,cmccritichiejk@clickbank.net,Mexico,54783,blue,1/1/2011,963796.22
706,Bibby,Ovid,46,bovidjl@ihg.com,United States,89115,red,7/16/2020,308595.91
707,Kimberlyn,Etherton,48,kethertonjm@statcounter.com,Canada,J4X,red,1/16/2020,484236.28
708,Lura,Vequaud,20,lvequaudjn@hubpages.com,United States,85010,red,12/21/2014,578625.42
709,Jermain,Mardling,43,jmardlingjo@earthlink.net,Canada,S7W,red,5/22/2020,536919.05
710,Felice,Campbell,28,fcampbelljp@uiuc.edu,France,50109 CEDEX,red,2/19/2018,744038.07
711,Mercy,Liptrod,30,mliptrodjq@google.com.hk,France,76086 CEDEX,green,10/18/2016,933322.61
712,Zacharias,Muehle,23,zmuehlejr@google.com.hk,France,51361 CEDEX,red,12/20/2015,204214.36
713,Nickolai,Trewman,45,ntrewmanjs@huffingtonpost.com,Canada,G3Z,red,2/1/2019,414677.38
714,Olia,Dumbarton,35,odumbartonjt@usgs.gov,United States,72209,red,9/26/2018,284246.67
715,Rosene,Posner,55,rposnerju@spiegel.de,Canada,J1K,red,11/7/2010,551000.38
716,Eli,Kundt,64,ekundtjv@dion.ne.jp,France,75542 CEDEX 11,red,11/18/2016,486916.8
717,Dukie,Egle of Germany,43,degleofgermanyjw@jigsy.com,Mexico,36441,blue,4/12/2016,419995.71
718,Gabbie,Widdocks,44,gwiddocksjx@hc360.com,France,35033 CEDEX 9,green,5/21/2012,505325.41
719,Maxy,Lusher,55,mlusherjy@jugem.jp,France,68947 CEDEX 9,red,8/21/2017,24627.55
720,Marguerite,Fairall,32,mfairalljz@businessweek.com,France,87041 CEDEX 1,blue,6/22/2010,177189.83
721,Dan,Grendon,41,dgrendonk0@nih.gov,United Kingdom,EH52,green,6/3/2014,740816.42
722,Clary,Wozencroft,29,cwozencroftk1@yelp.com,United States,93591,green,10/13/2019,870656.59
723,Guthrie,Labitt,28,glabittk2@hatena.ne.jp,France,45075 CEDEX 2,red,9/19/2011,221473.94
724,Kameko,Elven,53,kelvenk3@rambler.ru,Mexico,42082,green,8/27/2010,38002.55
725,Torin,Colkett,48,tcolkettk4@tuttocitta.it,France,13674 CEDEX,blue,2/5/2018,44826.07
726,Gabriel,Sheen,64,gsheenk5@hugedomains.com,France,42275 CEDEX,blue,12/4/2017,759708.19
727,Jedidiah,Sickling,28,jsicklingk6@google.com.au,United States,84409,blue,5/10/2012,285955.36
728,Garreth,Soulsby,51,gsoulsbyk7@buzzfeed.com,Canada,G6B,blue,11/17/2011,620897.36
729,Marion,Daffern,65,mdaffernk8@dion.ne.jp,United States,46896,red,3/26/2012,597484.82
730,Tonya,Romer,29,tromerk9@live.com,France,30935 CEDEX 9,red,9/3/2017,312152.08
731,Haslett,Cordeix,61,hcordeixka@ucla.edu,Canada,V1Z,blue,10/21/2018,731815.23
732,Bernardo,Lemanu,44,blemanukb@hud.gov,Canada,V7Y,blue,12/2/2017,565913.26
733,Wash,Exell,45,wexellkc@soundcloud.com,United States,79176,red,3/24/2014,301471.62
734,Bari,Honacker,45,bhonackerkd@amazon.de,France,84104 CEDEX,blue,12/23/2018,939045.79
735,Marijo,Riddiford,48,mriddifordke@kickstarter.com,France,44335 CEDEX 3,red,5/2/2017,489325.13
736,Cynthea,Pawelek,35,cpawelekkf@si.edu,Mexico,74060,green,12/14/2015,462457.85
737,Daffie,Orr,41,dorrkg@imgur.com,France,13538 CEDEX,blue,8/6/2022,260969.96
738,Brittani,Cozby,51,bcozbykh@example.com,France,83613 CEDEX,blue,9/17/2013,20866.03
739,Brunhilde,Hapke,54,bhapkeki@eventbrite.com,United States,33487,green,2/14/2016,713704.94
740,Chantalle,Paradise,59,cparadisekj@technorati.com,France,33080 CEDEX,blue,2/3/2010,972887.4
741,Inge,Bollans,54,ibollanskk@mtv.com,Canada,L8J,blue,9/21/2015,203645.22
742,Cherry,Oaks,43,coakskl@fastcompany.com,France,02104 CEDEX,green,3/10/2013,644841.54
743,Jobye,Higgan,50,jhiggankm@google.fr,Canada,V5A,green,6/28/2010,713913.49
744,Rakel,Notman,45,rnotmankn@prlog.org,France,60204 CEDEX,red,9/24/2015,494686.62
745,Diannne,Boeter,18,dboeterko@geocities.com,Mexico,96710,red,8/4/2012,398383.55
746,Dolli,Adanet,44,dadanetkp@tiny.cc,United States,44511,red,10/6/2015,697307.21
747,Wake,Twigge,23,wtwiggekq@auda.org.au,France,31244 CEDEX,red,9/20/2020,471261.59
748,Stuart,Baybutt,26,sbaybuttkr@webeden.co.uk,Mexico,95643,green,8/2/2010,219778.59
749,Rena,Bau,44,rbauks@webs.com,Canada,V1Y,blue,3/2/2019,684343.05
750,Rhodie,Wretham,52,rwrethamkt@dagondesign.com,United States,46406,green,8/25/2020,333163.93
751,Andros,Morl,36,amorlku@bbc.co.uk,France,95959 CEDEX 2,red,5/6/2019,53005.1
752,Bevin,Gouch,64,bgouchkv@virginia.edu,France,78181 CEDEX,blue,4/6/2013,268711.97
753,Pietrek,Mourbey,20,pmourbeykw@etsy.com,France,75784 CEDEX 16,red,9/4/2011,307402.13
754,Tera,Hawtin,65,thawtinkx@wiley.com,United States,23272,green,8/2/2017,103766.5
755,Kristoforo,Petroulis,43,kpetroulisky@moonfruit.com,United States,07195,red,10/28/2015,652120.0
756,Christalle,Bucham,53,cbuchamkz@comcast.net,Canada,J9Z,red,10/19/2016,349764.13
757,Peyter,MacCurley,61,pmaccurleyl0@abc.net.au,Germany,45356,blue,1/21/2022,651878.77
758,Em,Doucette,23,edoucettel1@hhs.gov,United States,78682,green,2/27/2020,102204.99
759,Simone,Osmar,55,sosmarl2@amazon.co.uk,Canada,J3M,blue,5/7/2018,609901.33
760,Gennifer,Vittet,43,gvittetl3@cisco.com,Mexico,39200,red,9/4/2019,525665.44
761,Corrine,Nozzolii,48,cnozzoliil4@nydailynews.com,France,91154 CEDEX,green,6/12/2014,829332.93
762,Mitchel,Jako,62,mjakol5@wix.com,Mexico,78786,blue,11/20/2019,535274.03
763,Eugenie,Tollady,49,etolladyl6@ucla.edu,France,13807 CEDEX,blue,4/3/2022,541895.79
764,Tyne,Lakin,57,tlakinl7@psu.edu,Canada,B1V,red,3/30/2017,92289.76
765,Netta,Pepin,52,npepinl8@github.com,France,75195 CEDEX 04,green,12/17/2020,632671.78
766,Basil,Keasey,26,bkeaseyl9@xinhuanet.com,France,67704 CEDEX,red,11/1/2020,369230.95
767,Minna,Ferraro,28,mferrarola@cmu.edu,Germany,24109,blue,5/28/2011,743449.74
768,Ilise,Kitchenman,29,ikitchenmanlb@csmonitor.com,Germany,10409,green,2/5/2017,849963.28
769,Agnes,Sancroft,59,asancroftlc@about.me,Mexico,54783,green,7/19/2020,595974.58
770,Emmy,Vernazza,42,evernazzald@slate.com,France,18025 CEDEX,blue,3/12/2013,820002.59
771,Tomkin,Badman,48,tbadmanle@hostgator.com,Canada,K7G,blue,9/22/2021,247219.62
772,Winni,Nice,18,wnicelf@drupal.org,United States,92725,red,6/13/2014,166997.21
773,Leonard,Mallock,59,lmallocklg@exblog.jp,France,56109 CEDEX,red,7/20/2015,655617.95
774,Floris,Dumbleton,19,fdumbletonlh@hugedomains.com,France,54412 CEDEX,blue,1/7/2020,541040.62
775,Humfrid,Regi,52,hregili@nature.com,Mexico,29223,red,3/25/2014,119692.5
776,Guthry,Eakins,56,geakinslj@opera.com,Canada,J5V,blue,8/13/2012,113597.39
777,Dalton,Tutchell,59,dtutchelllk@google.ca,France,24016 CEDEX,green,9/20/2022,509552.66
778,Raffaello,Duval,26,rduvalll@pbs.org,Canada,K4K,red,11/18/2020,877639.4
779,Amii,Paskell,50,apaskelllm@php.net,Canada,L4R,green,1/5/2016,644986.68
780,Petunia,Bramont,33,pbramontln@wix.com,France,94946 CEDEX 9,red,2/18/2018,4269.85
781,Erda,Wurz,57,ewurzlo@theglobeandmail.com,France,60477 CEDEX,green,2/19/2018,743079.38
782,Mendel,Downing,34,mdowninglp@tiny.cc,Canada,E6J,blue,12/10/2018,976567.53
783,Dotty,Ateridge,49,dateridgelq@cbc.ca,United States,34745,green,10/25/2018,475162.41
784,Anderea,Jerrolt,45,ajerroltlr@pbs.org,Mexico,62214,green,8/16/2021,73725.98
785,Brandy,Jirusek,54,bjirusekls@php.net,United States,11254,blue,12/11/2019,588090.91
786,Ronda,Rosenthaler,20,rrosenthalerlt@tumblr.com,United States,92645,blue,8/22/2019,66041.77
787,Penni,Sayton,36,psaytonlu@ed.gov,France,24004 CEDEX,blue,1/4/2019,384162.54
788,Elyn,Gowans,49,egowanslv@bbb.org,United States,31422,green,8/25/2022,431358.46
789,Alex,Calvie,41,acalvielw@sfgate.com,United States,01129,green,12/1/2013,490987.57
790,Burk,Benge,44,bbengelx@deliciousdays.com,France,85923 CEDEX 9,blue,11/1/2022,483513.04
791,Andrej,Grimble,38,agrimblely@dion.ne.jp,United States,20189,blue,10/28/2013,349454.83
792,Martainn,Loveman,29,mlovemanlz@barnesandnoble.com,Mexico,70533,blue,11/9/2016,962231.46
793,Allie,Rankling,64,aranklingm0@pagesperso-orange.fr,France,58004 CEDEX,blue,5/5/2015,339331.69
794,Brianna,Giacopello,47,bgiacopellom1@spotify.com,United States,90010,green,8/28/2018,219225.71
795,Alf,Porteous,35,aporteousm2@umich.edu,France,13316 CEDEX 15,green,12/1/2013,272497.7
796,Bennie,Phil,58,bphilm3@shutterfly.com,France,29411 CEDEX,red,2/20/2014,612867.92
797,Berton,Manwaring,26,bmanwaringm4@bluehost.com,Mexico,55718,red,10/31/2017,119050.48
798,Phaedra,Redmire,21,predmirem5@w3.org,France,54039 CEDEX,red,4/4/2019,722578.04
799,Pris,Feye,64,pfeyem6@soup.io,France,78280,green,5/11/2012,312199.43
800,Darline,Steers,37,dsteersm7@fema.gov,United States,88514,green,3/7/2019,563103.53
801,Jada,Pelosi,21,jpelosim8@weebly.com,France,94575 CEDEX 2,red,10/2/2016,139589.82
802,Zacharie,Canwell,38,zcanwellm9@example.com,France,75270 CEDEX 06,blue,11/1/2020,435837.28
803,Antonio,Scotchmor,45,ascotchmorma@tinypic.com,Canada,T8H,green,12/26/2014,987464.55
804,Adriana,Mallabund,24,amallabundmb@biglobe.ne.jp,France,91199 CEDEX,green,6/28/2012,721350.76
805,Gwenni,Sinnott,59,gsinnottmc@amazon.co.uk,France,59073 CEDEX 1,blue,4/9/2018,922381.35
806,Margarethe,Jerrams,19,mjerramsmd@blog.com,France,73009 CEDEX,blue,10/10/2010,583292.48
807,Tomasine,Elmhirst,44,telmhirstme@ebay.co.uk,France,33515 CEDEX,red,9/15/2013,981934.26
808,Benji,Hillborne,54,bhillbornemf@marketwatch.com,United States,28225,blue,8/16/2018,647362.19
809,Matty,MacGarrity,42,mmacgarritymg@aboutads.info,Canada,H3G,red,2/1/2013,54679.91
810,Marys,McParland,31,mmcparlandmh@va.gov,France,71024 CEDEX 9,blue,1/9/2022,148746.22
811,Alvis,Aries,48,aariesmi@vinaora.com,France,35203 CEDEX 2,green,8/11/2022,303855.44
812,Kailey,Dewicke,37,kdewickemj@uiuc.edu,United States,85030,red,9/12/2020,106268.97
813,Nady,Skeermor,44,nskeermormk@behance.net,France,06224 CEDEX,red,8/31/2019,979251.45
814,Farrel,Suffield,46,fsuffieldml@chronoengine.com,Canada,L0R,red,1/8/2019,38022.51
815,Merry,Wellan,32,mwellanmm@shutterfly.com,Canada,J5B,red,6/29/2021,110951.31
816,Boyce,Burwell,18,bburwellmn@opera.com,United States,77288,red,9/1/2016,394105.73
817,Dorri,Hawkwood,23,dhawkwoodmo@mozilla.com,France,88109 CEDEX,red,2/20/2019,885793.14
818,Cale,Workman,34,cworkmanmp@symantec.com,France,91881 CEDEX,green,1/23/2011,160056.85
819,Blancha,Gandrich,41,bgandrichmq@seesaa.net,United States,76198,red,8/21/2017,329985.21
820,Jerri,Mettetal,59,jmettetalmr@independent.co.uk,Canada,K1M,red,8/12/2011,983809.1
821,Nona,Matterson,30,nmattersonms@gmpg.org,Canada,P2A,green,9/17/2020,744510.09
822,Robinette,Skill,29,rskillmt@clickbank.net,United States,32244,blue,2/18/2022,464716.1
823,Rog,Duncombe,60,rduncombemu@imageshack.us,France,44958 CEDEX 9,blue,4/11/2010,668480.49
824,Carolus,Porcher,27,cporchermv@columbia.edu,United States,43240,blue,1/13/2016,157481.16
825,Ardelia,Fanner,18,afannermw@angelfire.com,United States,53710,blue,7/6/2018,210689.61
826,Marwin,Luppitt,53,mluppittmx@miitbeian.gov.cn,France,58028 CEDEX,red,7/12/2020,622130.02
827,Bill,Viger,34,bvigermy@a8.net,Germany,55124,green,1/9/2020,331740.38
828,D'arcy,Ortiga,41,dortigamz@ovh.net,Canada,C0A,blue,3/17/2010,941786.38
829,Ellis,Carvilla,62,ecarvillan0@wsj.com,United States,31165,blue,7/12/2017,935097.5
830,Barth,Abbison,25,babbisonn1@163.com,France,92864 CEDEX 9,blue,7/16/2010,326701.52
831,Ketty,Cubberley,23,kcubberleyn2@cbsnews.com,France,84309 CEDEX,blue,8/11/2014,315108.52
832,Belva,Brusby,21,bbrusbyn3@t.co,United States,61825,green,10/10/2014,682280.12
833,Sigrid,Iannazzi,39,siannazzin4@buzzfeed.com,France,68004 CEDEX,red,6/2/2018,821963.55
834,Colby,Andreone,39,candreonen5@smugmug.com,Canada,T8H,blue,4/6/2018,658648.07
835,Cass,Camerana,60,ccameranan6@ycombinator.com,United States,88525,blue,3/17/2014,735416.99
836,Birgit,Lesper,44,blespern7@tumblr.com,France,75643 CEDEX 13,red,12/3/2012,69039.28
837,Jeffy,Grindley,30,jgrindleyn8@github.io,United States,76705,blue,12/2/2016,543275.53
838,Sig,Grayley,30,sgrayleyn9@salon.com,France,56309 CEDEX,red,8/5/2016,864162.28
839,Danita,Bolger,20,dbolgerna@taobao.com,Mexico,95603,red,1/22/2020,656899.6
840,Griswold,Coley,49,gcoleynb@ed.gov,France,95915 CEDEX 2,green,5/17/2017,201061.62
841,Marje,Pike,26,mpikenc@jalbum.net,United States,64504,red,11/12/2013,533966.17
842,Gertrude,Munt,24,gmuntnd@nasa.gov,United States,91841,blue,3/26/2010,803256.12
843,Willard,Dun,33,wdunne@livejournal.com,France,69907 CEDEX 20,green,3/31/2022,616353.14
844,Ax,Glidder,48,agliddernf@ezinearticles.com,France,20414 CEDEX 9,green,3/25/2010,744322.16
845,Hillery,Lunbech,64,hlunbechng@over-blog.com,France,93164 CEDEX,red,7/12/2021,247515.35
846,Brittne,Coper,56,bcopernh@artisteer.com,United States,37220,green,7/31/2022,460866.24
847,Floris,Perillio,47,fperillioni@bloglovin.com,United States,28410,red,9/30/2010,604642.76
848,Grace,Shute,60,gshutenj@usnews.com,France,31139 CEDEX,green,4/17/2017,777974.78
849,Rudolf,Haulkham,34,rhaulkhamnk@live.com,France,45933 CEDEX 9,blue,1/1/2022,554834.14
850,Denny,Apedaile,54,dapedailenl@about.me,United States,55579,green,12/27/2020,541156.06
851,Lucila,Maciejewski,39,lmaciejewskinm@discovery.com,France,31085 CEDEX 2,red,8/30/2011,805052.29
852,Dela,Davys,21,ddavysnn@jalbum.net,Mexico,86216,blue,6/8/2020,871675.27
853,Nolana,Tuckerman,22,ntuckermanno@hostgator.com,United States,82007,red,12/22/2022,236100.5
854,Gordan,De Freitas,21,gdefreitasnp@latimes.com,France,78020 CEDEX,red,4/17/2014,841282.91
855,Ingaberg,Cossans,63,icossansnq@hubpages.com,United States,60674,red,8/19/2012,898227.07
856,Debby,Sexti,42,dsextinr@miitbeian.gov.cn,Germany,22179,blue,9/7/2011,936126.98
857,Abner,Silcox,25,asilcoxns@qq.com,United States,78215,green,12/4/2020,66458.19
858,Katrina,Crottagh,39,kcrottaghnt@google.es,Mexico,93828,blue,8/11/2022,425028.7
859,Rivkah,Gainsbury,29,rgainsburynu@cnet.com,France,78925 CEDEX 9,green,10/9/2018,180177.45
860,Paulina,Burke,52,pburkenv@arstechnica.com,France,64044 CEDEX,green,7/5/2017,184309.05
861,Betteann,Coogan,39,bcoogannw@google.fr,France,39409 CEDEX,blue,4/7/2017,115698.24
862,Grannie,Wasielewski,19,gwasielewskinx@nhs.uk,Mexico,63136,red,2/3/2020,64936.69
863,Barth,Stokes,30,bstokesny@wikia.com,France,26209 CEDEX,red,9/3/2013,45867.81
864,Edsel,Ciubutaro,53,eciubutaronz@theguardian.com,Canada,N3T,green,2/20/2012,84744.81
865,Delora,Cranke,27,dcrankeo0@ocn.ne.jp,Mexico,31803,blue,5/17/2016,524848.87
866,Melosa,Chaffen,60,mchaffeno1@usatoday.com,Canada,P3N,red,4/27/2014,20805.74
867,Artemis,Gert,25,agerto2@nps.gov,France,45969 CEDEX 9,red,3/10/2013,883893.41
868,Aimil,Fri,45,afrio3@google.pl,United States,47737,blue,8/5/2017,901938.39
869,Evyn,Lindblom,53,elindblomo4@so-net.ne.jp,Canada,T1K,blue,8/29/2018,673257.05
870,Blakeley,Beards,26,bbeardso5@free.fr,France,36019 CEDEX,blue,9/26/2020,161466.78
871,Loydie,Berntsson,49,lberntssono6@skype.com,Canada,V9A,red,4/22/2011,457344.61
872,Roderich,Savil,22,rsavilo7@earthlink.net,Canada,S7W,green,5/29/2012,874390.29
873,Russell,Ordidge,36,rordidgeo8@nytimes.com,Canada,H9X,green,8/10/2016,444162.72
874,Siobhan,De Mars,39,sdemarso9@tmall.com,Canada,J1T,green,3/28/2015,231194.18
875,Rina,Gouldthorp,58,rgouldthorpoa@dell.com,United States,20575,green,6/26/2019,342336.49
876,Pepillo,Matijasevic,48,pmatijasevicob@yahoo.com,France,74041 CEDEX,red,4/16/2012,755182.97
877,Karina,Crocker,26,kcrockeroc@constantcontact.com,France,14085 CEDEX 9,green,10/9/2018,437828.85
878,Reinhard,La Rosa,54,rlarosaod@live.com,Germany,10587,green,3/27/2011,798828.72
879,Hildagarde,Deverock,29,hdeverockoe@gnu.org,Canada,V1Z,red,5/10/2017,303635.31
880,Beverlee,Hatz,52,bhatzof@feedburner.com,France,50109 CEDEX,blue,2/12/2013,377996.58
881,Rinaldo,Grugerr,61,rgrugerrog@sogou.com,Mexico,48966,green,11/8/2022,717535.29
882,Ekaterina,Lampbrecht,51,elampbrechtoh@gizmodo.com,United States,88519,blue,12/5/2017,144640.09
883,Sophronia,Allright,33,sallrightoi@kickstarter.com,France,38293 CEDEX,green,7/6/2020,297301.02
884,Derby,Delacourt,63,ddelacourtoj@army.mil,Mexico,78436,green,3/18/2012,33318.49
885,Brewer,McGorley,65,bmcgorleyok@imgur.com,France,35903 CEDEX 9,blue,12/2/2010,293946.59
886,Bliss,Toffoloni,35,btoffoloniol@statcounter.com,Mexico,48203,red,1/6/2021,310155.29
887,Allissa,Belli,48,abelliom@npr.org,France,13540,red,9/25/2022,424795.04
888,Ryun,Rizzillo,48,rrizzilloon@domainmarket.com,United States,98109,red,6/22/2014,53686.31
889,Duke,Garham,43,dgarhamoo@photobucket.com,France,13219 CEDEX 02,red,6/11/2022,353391.05
890,Jo,Bryning,25,jbryningop@odnoklassniki.ru,France,20184 CEDEX 1,blue,5/3/2020,260505.45
891,Bobinette,Bennett,37,bbennettoq@rediff.com,Canada,M4N,green,8/17/2010,265199.62
892,Tomi,Bawcock,27,tbawcockor@mlb.com,Mexico,32630,green,1/13/2013,122431.59
893,Gilles,Instock,37,ginstockos@liveinternet.ru,Canada,G6W,red,9/9/2010,418624.25
894,Larina,Ezzle,28,lezzleot@angelfire.com,Canada,E8K,red,12/30/2014,852253.24
895,Lotta,Mulryan,65,lmulryanou@histats.com,France,91129 CEDEX,red,3/1/2017,816446.18
896,Ed,Itshak,46,eitshakov@netvibes.com,Canada,P7L,green,12/16/2011,223554.88
897,Humberto,Edie,55,hedieow@weebly.com,France,75075 CEDEX 02,blue,6/17/2013,556519.88
898,Gerri,MacChaell,39,gmacchaellox@weather.com,Mexico,43131,green,12/14/2019,138998.61
899,Tye,Aguilar,47,taguilaroy@yelp.com,Canada,E5B,green,1/19/2013,868720.22
900,Vale,Dinsey,56,vdinseyoz@parallels.com,Mexico,92736,green,2/5/2013,648799.85
901,Gabriellia,Yakov,65,gyakovp0@etsy.com,France,76069 CEDEX,green,6/29/2020,83519.6
902,Odo,De Bernardis,50,odebernardisp1@slideshare.net,United States,76115,blue,3/17/2012,562859.74
903,Rhett,Noton,24,rnotonp2@quantcast.com,France,50404 CEDEX,red,8/3/2022,687673.43
904,Teador,Szabo,56,tszabop3@si.edu,United States,36205,green,3/19/2016,820547.5
905,Miles,McRobbie,34,mmcrobbiep4@smugmug.com,France,01117 CEDEX,blue,1/20/2018,123970.47
906,Alistair,Davidovitch,27,adavidovitchp5@surveymonkey.com,Mexico,55718,blue,3/1/2014,453830.28
907,Jordain,Brownrigg,59,jbrownriggp6@friendfeed.com,Mexico,71605,green,12/31/2017,172325.46
908,Nappy,Dellit,41,ndellitp7@surveymonkey.com,Mexico,94475,blue,8/13/2013,864942.89
909,Fallon,Braidford,45,fbraidfordp8@oracle.com,France,95021 CEDEX,red,10/4/2019,283255.89
910,Meredithe,Creaser,44,mcreaserp9@statcounter.com,United States,33175,green,1/31/2022,21856.65
911,Warner,Czapla,25,wczaplapa@ucoz.ru,France,27309 CEDEX,blue,1/16/2022,787994.7
912,Audre,Pehrsson,64,apehrssonpb@zimbio.com,France,78718 CEDEX,blue,1/19/2021,728248.99
913,Filmer,Paulton,40,fpaultonpc@unesco.org,United Kingdom,OX12,green,12/13/2012,58870.01
914,Margeaux,Errowe,62,merrowepd@yale.edu,Canada,K7R,blue,9/4/2017,746511.35
915,Englebert,Fairney,37,efairneype@webnode.com,United States,70826,green,1/15/2017,750792.83
916,Gerladina,Spohrmann,42,gspohrmannpf@devhub.com,United States,20195,green,12/23/2011,110804.16
917,Emelita,Gages,45,egagespg@mediafire.com,France,29551 CEDEX 9,green,3/7/2022,606294.87
918,Connor,Landsborough,27,clandsboroughph@rambler.ru,United States,90065,blue,1/10/2020,520069.57
919,Chase,Bellefonte,48,cbellefontepi@elpais.com,France,86062 CEDEX 9,red,8/8/2019,786769.05
920,Sharline,Timlin,64,stimlinpj@friendfeed.com,France,73295 CEDEX,blue,1/13/2014,66777.96
921,Babbette,Mebes,26,bmebespk@msu.edu,France,84042 CEDEX 9,red,5/29/2022,58371.63
922,Armando,Jacquet,56,ajacquetpl@domainmarket.com,United States,68517,green,12/3/2018,64931.47
923,Birch,Dooley,42,bdooleypm@cornell.edu,Mexico,32630,blue,7/24/2014,730009.91
924,Deonne,Resdale,34,dresdalepn@deviantart.com,Mexico,69570,red,9/13/2022,516531.1
925,Elvina,Rivilis,49,erivilispo@blogs.com,France,54039 CEDEX,green,6/11/2017,803696.84
926,Marlon,Basezzi,57,mbasezzipp@nsw.gov.au,United States,67260,red,4/14/2011,48367.26
927,Milly,Wipfler,31,mwipflerpq@g.co,United States,37240,red,1/10/2012,811035.8
928,Corinne,Worsam,20,cworsampr@mapquest.com,Mexico,39949,green,6/15/2013,856170.67
929,Dolf,Slad,50,dsladps@reddit.com,United States,80241,green,5/21/2013,376822.35
930,Arleen,Carek,65,acarekpt@clickbank.net,France,30034 CEDEX 1,blue,8/23/2016,879585.96
931,Trevor,Abbett,26,tabbettpu@blinklist.com,Canada,B2G,red,9/3/2015,277040.14
932,Mischa,Scane,25,mscanepv@rakuten.co.jp,France,69644 CEDEX,green,9/22/2013,732026.01
933,Hammad,Nudds,36,hnuddspw@yolasite.com,United States,20238,red,1/2/2015,460872.09
934,Caddric,Gymlett,53,cgymlettpx@a8.net,United States,38197,blue,4/16/2021,296273.84
935,Web,Josh,61,wjoshpy@google.it,United States,32590,red,11/15/2011,241528.27
936,Andy,Halegarth,47,ahalegarthpz@parallels.com,Canada,S3N,red,6/29/2010,811366.01
937,Blakeley,Gilardone,23,bgilardoneq0@soundcloud.com,France,18035 CEDEX,green,8/26/2013,573601.73
938,Sissie,Latus,24,slatusq1@stanford.edu,United States,98682,red,9/22/2018,860844.7
939,Henrieta,Zuann,31,hzuannq2@independent.co.uk,France,76101 CEDEX,green,6/8/2012,465340.24
940,Hy,Feighney,36,hfeighneyq3@msn.com,United States,30343,green,5/31/2017,910237.77
941,Loutitia,Wilfing,48,lwilfingq4@buzzfeed.com,Canada,T1M,red,9/29/2016,136499.77
942,Gustavus,Castard,46,gcastardq5@redcross.org,Canada,E7E,blue,10/22/2020,172494.7
943,Gabey,Heineken,37,gheinekenq6@nasa.gov,France,74704 CEDEX,blue,4/25/2021,205428.32
944,Aili,Piatkowski,22,apiatkowskiq7@clickbank.net,Germany,51107,red,10/1/2022,442822.15
945,Cherey,Bottomley,59,cbottomleyq8@gizmodo.com,France,06073 CEDEX 1,blue,6/29/2011,138990.15
946,Shelba,Yanshinov,65,syanshinovq9@scientificamerican.com,Germany,41468,green,2/1/2019,689809.99
947,Aigneis,Birchill,65,abirchillqa@seattletimes.com,United States,77095,blue,12/10/2015,393504.19
948,Ofelia,Dallas,28,odallasqb@thetimes.co.uk,United States,48217,green,4/9/2011,840271.55
949,Margit,Bowman,20,mbowmanqc@sakura.ne.jp,United States,36104,blue,3/6/2017,488870.02
950,Maddy,Rens,63,mrensqd@ow.ly,France,57954 CEDEX,blue,6/11/2015,400339.25
951,Godwin,Schubbert,32,gschubbertqe@goodreads.com,Canada,J3Y,green,2/26/2021,411837.7
952,Noemi,Ludwig,53,nludwigqf@sfgate.com,France,67029 CEDEX 1,green,2/24/2015,464706.79
953,Abbie,Fairlam,55,afairlamqg@altervista.org,United States,79940,red,7/17/2016,869762.62
954,Gwyneth,Conlon,18,gconlonqh@pcworld.com,United States,36195,red,3/21/2012,355057.25
955,Balduin,Goward,56,bgowardqi@storify.com,United States,68105,red,9/20/2016,433480.37
956,Charisse,Kovacs,58,ckovacsqj@pagesperso-orange.fr,Canada,J7W,green,3/14/2021,998232.34
957,Elijah,Ambrodi,52,eambrodiqk@1und1.de,Canada,N5R,green,11/24/2014,314235.61
958,Hyacinthe,Croutear,53,hcroutearql@fda.gov,United States,47747,red,9/1/2010,150202.45
959,Westbrooke,Maffei,19,wmaffeiqm@smh.com.au,Mexico,29952,green,2/14/2019,354208.88
960,Rhys,Dedman,62,rdedmanqn@alexa.com,France,61104 CEDEX,red,9/20/2010,635888.62
961,Jane,Brusby,22,jbrusbyqo@aboutads.info,United States,33982,green,9/27/2015,585875.1
962,Fredericka,Menendez,48,fmenendezqp@ask.com,Canada,T1V,red,6/7/2022,127167.1
963,Shanie,MacPeake,22,smacpeakeqq@dailymail.co.uk,France,37044 CEDEX 9,blue,10/14/2020,697747.33
964,Mame,Trayford,21,mtrayfordqr@joomla.org,Canada,T1P,blue,12/6/2021,496130.15
965,Thorndike,Monkhouse,30,tmonkhouseqs@china.com.cn,France,59309 CEDEX,blue,9/24/2017,783574.16
966,Burnaby,Harry,48,bharryqt@narod.ru,Germany,53129,red,7/18/2016,250690.03
967,Derk,Morcombe,29,dmorcombequ@usnews.com,Mexico,81426,blue,5/12/2018,673032.61
968,Greggory,Sizzey,54,gsizzeyqv@weibo.com,Mexico,30414,red,12/29/2014,628090.67
969,Phylis,Eadon,33,peadonqw@parallels.com,France,89204 CEDEX,blue,5/8/2018,195445.23
970,Jayme,Slyman,58,jslymanqx@wufoo.com,France,34114 CEDEX,red,3/19/2019,85828.47
971,Wolfy,Gracewood,28,wgracewoodqy@ocn.ne.jp,Mexico,83344,red,10/5/2021,124876.98
972,Dottie,Brittain,44,dbrittainqz@aol.com,France,59715 CEDEX 9,green,10/19/2014,731954.01
973,Judah,Baily,25,jbailyr0@bandcamp.com,Canada,J1A,blue,9/7/2019,782249.11
974,Micky,Tuckett,53,mtuckettr1@comcast.net,Mexico,48744,green,9/24/2019,749448.56
975,Alexandre,Gronous,57,agronousr2@istockphoto.com,Mexico,93605,red,7/9/2021,729193.78
976,Lenard,Hudel,37,lhudelr3@sphinn.com,United States,75216,red,4/12/2018,691644.77
977,Laurence,Karmel,23,lkarmelr4@g.co,Canada,N3Y,green,9/2/2019,72815.23
978,Julio,Fendley,44,jfendleyr5@google.ca,United States,40510,green,6/25/2017,569040.79
979,Syd,Otter,48,sotterr6@patch.com,France,69239 CEDEX 02,blue,2/16/2018,890491.8
980,Debbi,Beggin,59,dbegginr7@wikispaces.com,United States,34282,red,3/19/2020,271776.76
981,Ignaz,Piche,56,ipicher8@macromedia.com,United States,89178,green,10/5/2013,610312.53
982,Charleen,Angel,37,cangelr9@multiply.com,United Kingdom,LE14,blue,6/19/2022,814339.84
983,Kittie,Colten,63,kcoltenra@ifeng.com,France,27309 CEDEX,red,5/30/2012,152513.58
984,Bealle,Earsman,19,bearsmanrb@stumbleupon.com,Mexico,48744,blue,11/5/2011,409825.5
985,Sheila-kathryn,O'Brian,49,sobrianrc@hugedomains.com,Mexico,51462,green,7/2/2010,87584.48
986,Daphne,Abeau,53,dabeaurd@surveymonkey.com,United States,96840,blue,4/3/2020,814434.39
987,Melvyn,Bowes,51,mbowesre@hao123.com,Germany,60325,blue,5/23/2011,231524.03
988,Lily,Mayers,42,lmayersrf@dailymail.co.uk,United States,23272,green,8/18/2021,109742.36
989,Perrine,Borkin,42,pborkinrg@bing.com,United States,68510,blue,9/16/2012,825426.17
990,Amalia,Hairesnape,21,ahairesnaperh@netscape.com,Canada,G5H,blue,10/20/2019,573508.35
991,Nyssa,Ough,42,noughri@huffingtonpost.com,France,39304 CEDEX,red,10/18/2010,937803.68
992,Paulie,Verralls,40,pverrallsrj@opera.com,France,40013 CEDEX,green,9/18/2021,842404.76
993,Marion,Flett,50,mflettrk@tiny.cc,United States,53716,red,2/6/2011,713267.65
994,Witty,Singyard,61,wsingyardrl@amazon.de,France,62972 CEDEX 9,green,5/26/2020,17503.43
995,Killie,Minter,56,kminterrm@ovh.net,France,57954 CEDEX,blue,1/16/2013,343796.59
996,Kris,Witcomb,20,kwitcombrn@squidoo.com,United States,60652,blue,9/20/2013,490984.74
997,Zeke,Apperley,29,zapperleyro@europa.eu,France,01117 CEDEX,green,11/1/2021,135054.33
998,Constantina,Rudledge,34,crudledgerp@state.tx.us,Canada,K8H,red,5/3/2020,628802.76
999,Ciel,Van den Dael,27,cvandendaelrq@wufoo.com,United Kingdom,AB39,blue,2/18/2011,127599.23
1000,Ilyse,Jellico,58,ijellicorr@blogspot.com,Mexico,51462,blue,1/6/2012,851430.66
