agent_id,first_name,last_name,age,email,country,postal_code,favorite_color,hire_date,sales_volume
1,Martie,Pollicatt,25,mpollicatt0@mashable.com,Mexico,95600,green,12/8/2016,370753.58
2,Renate,Botting,44,rbotting1@quantcast.com,France,72091 CEDEX 9,red,8/15/2016,313776.0
3,Gertie,McKeney,35,gmckeney2@ted.com,France,04004 CEDEX,blue,12/3/2015,892985.63
4,Paxon,Paolazzi,42,ppaolazzi3@mysql.com,United States,30033,blue,3/22/2017,568760.76
5,Marcellus,Mesnard,34,mmesnard4@themeforest.net,United States,78278,blue,10/18/2011,353863.46
6,Patrice,Croxley,44,pcroxley5@vimeo.com,United States,11470,red,11/22/2019,834059.23
7,Kaiser,Locker,42,klocker6@altervista.org,France,56109 CEDEX,blue,10/2/2013,296918.1
8,Ingaborg,Hearsey,21,ihearsey7@google.pl,Mexico,63455,red,1/15/2011,756874.21
9,Devonne,Boreham,40,dboreham8@symantec.com,France,62254 CEDEX,green,4/6/2022,75871.48
10,Gay,Widdowes,47,gwiddowes9@mashable.com,Canada,E6J,red,11/1/2019,204766.78
11,Cassondra,Naptine,35,cnaptinea@storify.com,Canada,V3A,red,8/11/2017,588995.88
12,Jania,Burne,18,jburneb@google.com,United States,61110,green,8/20/2012,57547.96
13,Avrom,Marson,19,amarsonc@china.com.cn,France,33080 CEDEX,red,9/1/2017,177205.15
14,Brittne,Scurr,56,bscurrd@mapy.cz,France,59967 CEDEX,red,9/30/2010,696908.03
15,Ruy,Elgood,34,relgoode@nbcnews.com,United Kingdom,DL10,green,11/6/2019,449238.9
16,Nanny,Jaspar,36,njasparf@slashdot.org,United States,88006,blue,10/10/2017,376100.94
17,Modestine,Wigginton,63,mwiggintong@latimes.com,United States,53710,green,11/28/2017,907442.07
18,Ulberto,Blois,35,ubloish@forbes.com,Canada,C1B,red,6/12/2020,23894.95
19,Birgit,Stoller,28,bstolleri@statcounter.com,Mexico,43645,blue,4/20/2016,175420.35
20,Doretta,Horwell,55,dhorwellj@globo.com,France,70004 CEDEX,blue,5/12/2020,832491.38
21,Shelley,Phinnessy,32,sphinnessyk@reference.com,France,27204 CEDEX,green,9/4/2021,143860.98
22,Emanuele,Matonin,57,ematoninl@techcrunch.com,United States,14683,blue,12/1/2020,826897.69
23,Keelia,Mannin,55,kmanninm@msu.edu,United States,10464,green,6/30/2010,181368.84
24,Erick,Woodberry,46,ewoodberryn@seattletimes.com,Canada,J9P,blue,7/7/2022,392984.32
25,Doy,McFetrich,39,dmcfetricho@accuweather.com,France,19011 CEDEX,green,1/11/2010,87230.48
26,Claiborne,Woodham,34,cwoodhamp@sourceforge.net,United States,60652,green,4/15/2015,932129.64
27,Quinton,Backs,52,qbacksq@hud.gov,United States,88525,green,8/23/2021,665103.08
28,Chen,Bassilashvili,29,cbassilashvilir@comsenz.com,France,76883 CEDEX,green,7/18/2021,546905.05
29,Lorena,Kingswoode,46,lkingswoodes@creativecommons.org,Germany,60325,red,10/16/2022,427465.88
30,Mimi,Frissell,30,mfrissellt@blogspot.com,United States,20238,red,2/26/2011,774503.77
31,Ray,Siddele,25,rsiddeleu@nytimes.com,United States,40618,blue,6/26/2019,555381.43
32,Granny,Jamblin,65,gjamblinv@ibm.com,France,34747 CEDEX,red,4/3/2011,220570.4
33,Jayme,Cleynaert,20,jcleynaertw@kickstarter.com,Mexico,87395,green,11/4/2012,30917.05
34,Pernell,Brixey,36,pbrixeyx@bloglines.com,France,75374 CEDEX 08,green,1/11/2012,189276.43
35,Ailbert,Antonelli,43,aantonelliy@unc.edu,Canada,P4P,red,11/3/2018,113572.51
36,Alley,Brewood,44,abrewoodz@usnews.com,France,31673 CEDEX,blue,3/20/2018,451423.78
37,Audra,Fernandez,49,afernandez10@harvard.edu,Germany,51149,green,9/6/2014,525770.81
38,Samara,Marjanski,64,smarjanski11@upenn.edu,United Kingdom,CB4,blue,9/11/2011,494626.6
39,Spenser,Riccioppo,55,sriccioppo12@vkontakte.ru,France,94704 CEDEX,red,5/19/2010,510546.34
40,Heidie,Keuneke,52,hkeuneke13@feedburner.com,Canada,K8B,green,4/26/2020,953936.99
41,Hildy,Huffadine,39,hhuffadine14@pbs.org,France,22194 CEDEX,red,3/10/2021,426242.12
42,Quincy,Skillman,59,qskillman15@freewebs.com,Mexico,39250,red,10/30/2018,577475.89
43,Anatole,Hallett,40,ahallett16@purevolume.com,France,75567 CEDEX 12,red,4/9/2015,179108.68
44,Joey,Gilders,39,jgilders17@symantec.com,Mexico,70630,green,10/23/2019,513194.88
45,Delly,Baldi,40,dbaldi18@deviantart.com,United States,63180,green,4/10/2013,818693.71
46,Parnell,Gyves,56,pgyves19@sphinn.com,United States,40510,blue,1/15/2022,720387.18
47,Erhard,Harbisher,61,eharbisher1a@baidu.com,France,38096 CEDEX,red,1/6/2010,725415.24
48,Dalton,Bjorkan,56,dbjorkan1b@senate.gov,United States,39282,blue,4/23/2017,72286.84
49,Marchelle,Cromwell,38,mcromwell1c@economist.com,Canada,P2A,red,12/19/2012,588939.89
50,Jacenta,Alner,30,jalner1d@nifty.com,France,59640,green,7/23/2016,625303.91
51,Vincents,Pretty,27,vpretty1e@technorati.com,Canada,L2A,blue,7/12/2016,882764.99
52,Justinn,Argo,44,jargo1f@slashdot.org,Mexico,78490,green,8/3/2020,550421.68
53,Jacenta,Touson,56,jtouson1g@abc.net.au,France,62604 CEDEX,green,9/27/2013,956396.0
54,Jordanna,Jakoubek,38,jjakoubek1h@smh.com.au,United States,28289,green,9/18/2014,700491.32
55,Barnebas,Govett,24,bgovett1i@hugedomains.com,United States,28263,red,1/1/2018,2767.67
56,Winna,Smail,31,wsmail1j@alexa.com,France,84504 CEDEX,green,7/12/2015,428706.76
57,Kenna,Crosseland,22,kcrosseland1k@europa.eu,France,92214 CEDEX,green,8/25/2021,188444.13
58,Barbara-anne,Fitzhenry,25,bfitzhenry1l@etsy.com,France,94434 CEDEX,blue,11/8/2022,442558.89
59,Alyda,Massei,36,amassei1m@about.me,United States,55572,blue,12/11/2011,477008.17
60,Lela,Ort,61,lort1n@symantec.com,Canada,T8C,red,1/20/2019,132719.33
61,Sabina,Gollin,51,sgollin1o@nps.gov,France,91384 CEDEX,blue,3/19/2014,776910.49
62,Montgomery,Smeaton,57,msmeaton1p@narod.ru,France,95943 CEDEX 2,blue,4/16/2014,575552.8
63,Morna,Finker,46,mfinker1q@dyndns.org,France,77554 CEDEX,green,7/2/2016,874370.95
64,Lira,Cornborough,52,lcornborough1r@devhub.com,Mexico,86723,red,4/23/2016,368913.1
65,Devinne,Braemer,29,dbraemer1s@twitpic.com,France,64017 CEDEX 9,red,5/5/2019,630137.16
66,Fletch,Minney,55,fminney1t@narod.ru,United States,94975,green,4/13/2013,873164.79
67,Marlo,Port,56,mport1u@alibaba.com,France,57304 CEDEX,blue,3/16/2022,172448.59
68,Consalve,Ham,43,cham1v@bloomberg.com,United States,36641,green,8/1/2019,589880.76
69,Micky,Jeacop,28,mjeacop1w@elpais.com,France,72304 CEDEX,green,4/11/2016,982849.71
70,Teena,Tryhorn,48,ttryhorn1x@howstuffworks.com,France,95943 CEDEX 2,green,3/23/2011,699003.95
71,Lorenza,Kunze,50,lkunze1y@odnoklassniki.ru,France,59034 CEDEX,blue,8/10/2016,509047.87
72,Rodger,Mulliss,39,rmulliss1z@apache.org,United States,32230,red,6/8/2013,227041.12
73,Alyssa,Pace,27,apace20@elpais.com,Canada,V7X,red,1/27/2015,154782.88
74,Valery,Thirlaway,47,vthirlaway21@google.com.br,Canada,J3V,red,11/13/2014,885471.22
75,Denver,Pollett,46,dpollett22@macromedia.com,France,59304 CEDEX,red,9/17/2022,562684.15
76,Yardley,Goldfinch,54,ygoldfinch23@telegraph.co.uk,United States,23504,blue,7/10/2017,474095.08
77,Dee,Kemp,18,dkemp24@bbc.co.uk,France,57751 CEDEX 9,blue,7/5/2015,848898.41
78,Moise,Peinke,59,mpeinke25@oaic.gov.au,France,84902 CEDEX 9,green,8/31/2021,93920.49
79,Chaim,Alcoran,44,calcoran26@desdev.cn,France,94734 CEDEX,red,7/15/2014,835850.07
80,Rikki,Bruntjen,58,rbruntjen27@earthlink.net,France,14074 CEDEX 5,blue,6/15/2010,159281.76
81,Isaiah,O'Kieran,52,iokieran28@vk.com,Mexico,93605,green,12/1/2021,687837.71
82,Lorettalorna,Center,33,lcenter29@51.la,Mexico,54414,green,3/14/2016,824461.92
83,Maximo,Caghy,60,mcaghy2a@forbes.com,Canada,V6N,red,9/4/2019,833663.78
84,Candida,Simond,55,csimond2b@a8.net,United States,45440,green,7/23/2010,103326.09
85,Reeta,Beamond,56,rbeamond2c@seesaa.net,France,59055 CEDEX 1,green,3/9/2019,269558.58
86,Madella,Figge,33,mfigge2d@ifeng.com,Canada,S9X,red,12/8/2016,32437.27
87,Graig,Berns,25,gberns2e@163.com,United States,44315,red,3/26/2012,782014.61
88,Francesco,Alfuso,44,falfuso2f@ucsd.edu,France,81109 CEDEX,green,7/20/2013,322003.71
89,Idalina,Sevitt,46,isevitt2g@ucoz.com,France,79042 CEDEX 9,red,6/19/2015,616760.56
90,Vyky,Walkden,40,vwalkden2h@weather.com,Canada,E1A,green,4/22/2014,237482.88
91,Elva,Crunkhurn,47,ecrunkhurn2i@mashable.com,Canada,S9X,blue,12/7/2010,83079.88
92,Artemus,Dwire,42,adwire2j@woothemes.com,France,29825 CEDEX 9,blue,5/15/2015,872237.13
93,Tonnie,Giovannardi,42,tgiovannardi2k@vimeo.com,Germany,45141,red,8/6/2012,689174.54
94,Noble,Wheatcroft,36,nwheatcroft2l@abc.net.au,United States,44105,green,12/15/2022,353808.4
95,Gerrie,De Biasio,33,gdebiasio2m@scribd.com,Mexico,31600,green,9/2/2014,800864.5
96,Hastings,Housego,36,hhousego2n@deviantart.com,United States,78737,red,10/10/2011,65006.15
97,Gusella,Cockshtt,37,gcockshtt2o@youku.com,United States,71161,red,3/9/2015,312211.0
98,Salvidor,Jedrzejewsky,54,sjedrzejewsky2p@51.la,Canada,S4H,red,1/13/2012,791653.22
99,Rae,Danit,40,rdanit2q@businessweek.com,France,52109 CEDEX,red,11/4/2012,593035.61
100,Edvard,Rojahn,30,erojahn2r@trellian.com,France,75582 CEDEX 12,green,10/11/2012,483592.0
101,Stanislaw,Sabatier,31,ssabatier2s@blog.com,United States,29424,red,7/22/2021,405689.69
102,Teriann,Challinor,60,tchallinor2t@gravatar.com,Mexico,70630,green,4/12/2012,59346.21
103,Lauren,Bris,28,lbris2u@yahoo.com,France,68134 CEDEX,green,4/13/2016,155603.36
104,Gray,Matschoss,43,gmatschoss2v@netscape.com,United States,40280,blue,8/13/2018,506012.52
105,Hedda,Pluck,44,hpluck2w@example.com,Canada,E5B,red,1/18/2015,18502.21
106,Madge,Breslane,65,mbreslane2x@hostgator.com,United States,33715,blue,3/26/2010,244491.89
107,Leoine,Danter,51,ldanter2y@trellian.com,France,69406 CEDEX 03,green,1/29/2016,516260.17
108,Morry,Hulme,41,mhulme2z@about.me,France,59734 CEDEX,blue,8/25/2012,535109.81
109,Allys,Lanchbury,49,alanchbury30@harvard.edu,France,41015 CEDEX,red,8/2/2015,223094.8
110,Eachelle,Kemster,58,ekemster31@hhs.gov,Canada,J6W,blue,2/2/2022,35994.92
111,Ginny,Jugging,62,gjugging32@naver.com,United States,45254,green,1/20/2010,332279.19
112,Bron,Schmidt,53,bschmidt33@smugmug.com,United States,15266,red,9/9/2015,490283.88
113,Nobie,Alderman,49,nalderman34@blinklist.com,United States,55123,red,2/5/2013,201437.5
114,Saudra,Hillborne,56,shillborne35@ftc.gov,France,01009 CEDEX,green,1/24/2012,177208.82
115,Helenka,Rawlence,44,hrawlence36@disqus.com,France,59208 CEDEX,blue,10/18/2020,298779.93
116,Eddy,Ferrand,55,eferrand37@businesswire.com,United States,77234,blue,6/2/2021,614514.25
117,Janeva,Davenhill,63,jdavenhill38@go.com,United States,78410,red,7/8/2019,73292.92
118,Katerine,Morby,19,kmorby39@telegraph.co.uk,France,17024 CEDEX 1,green,11/14/2017,590525.03
119,Korney,Fulmen,46,kfulmen3a@walmart.com,Canada,L6J,red,7/21/2015,598698.16
120,Goddart,Spores,58,gspores3b@jalbum.net,United States,94110,blue,9/9/2011,56111.13
121,Alexa,Geipel,25,ageipel3c@bravesites.com,Mexico,94723,red,11/12/2011,823185.61
122,Norry,Truckell,18,ntruckell3d@addthis.com,United States,15255,green,4/28/2019,334291.56
123,Correy,Norval,18,cnorval3e@guardian.co.uk,United States,33710,red,8/30/2014,398891.87
124,Auberon,Cockton,21,acockton3f@google.nl,Canada,N7V,blue,2/2/2018,601045.71
125,Fanechka,Libby,21,flibby3g@mapy.cz,United States,25336,green,9/25/2013,107987.65
126,Othilia,Marsham,46,omarsham3h@fda.gov,Canada,J6W,green,5/31/2021,2173.07
127,Brit,Vaggers,41,bvaggers3i@barnesandnoble.com,France,92974 CEDEX,blue,6/26/2018,59517.1
128,Doria,Bromet,40,dbromet3j@parallels.com,Canada,J1A,red,10/23/2022,744733.03
129,Smitty,Riccard,31,sriccard3k@bizjournals.com,United States,94273,blue,2/29/2012,661534.76
130,Odette,Iacovo,51,oiacovo3l@netscape.com,United States,75379,green,7/17/2014,888724.96
131,Heloise,Spyby,23,hspyby3m@prweb.com,United States,87592,red,11/24/2014,943009.83
132,Heida,Stubbley,23,hstubbley3n@oakley.com,France,28034 CEDEX,blue,12/15/2016,738502.96
133,Wilie,Delves,21,wdelves3o@cdc.gov,United States,63126,green,4/3/2016,460193.61
134,Kalli,Stefanovic,48,kstefanovic3p@buzzfeed.com,France,34299 CEDEX 5,blue,9/1/2019,960651.4
135,Jarad,Sandercroft,42,jsandercroft3q@exblog.jp,Canada,T1J,green,12/31/2015,979610.21
136,Lezlie,Yitzovicz,20,lyitzovicz3r@dailymail.co.uk,United States,92056,green,5/11/2018,757130.66
137,Lorraine,Himpson,43,lhimpson3s@timesonline.co.uk,United States,10045,blue,7/18/2011,427288.79
138,Aland,Merrill,24,amerrill3t@joomla.org,France,33614 CEDEX,blue,5/8/2015,922112.09
139,Jackie,Hankey,42,jhankey3u@issuu.com,United States,75342,green,6/14/2018,682547.26
140,Min,Adrienne,45,madrienne3v@nhs.uk,Mexico,48338,blue,4/29/2021,942260.52
141,Janel,Ternouth,42,jternouth3w@msn.com,United States,93591,red,1/1/2018,781593.9
142,Marlon,Leinster,63,mleinster3x@ucoz.com,United States,34615,blue,4/15/2018,920923.94
143,Pat,Rockall,64,prockall3y@technorati.com,Germany,60435,green,11/6/2014,628872.59
144,Lila,Weigh,41,lweigh3z@dropbox.com,Mexico,70633,blue,4/10/2017,978513.9
145,Ramsay,Cundict,63,rcundict40@technorati.com,France,75243 CEDEX 13,blue,5/6/2015,273704.67
146,Maggee,Boosey,32,mboosey41@businesswire.com,Canada,P2N,blue,4/15/2013,754111.25
147,Cherrita,Pohling,65,cpohling42@nytimes.com,United States,78682,blue,6/14/2020,109397.16
148,Allayne,Torrijos,43,atorrijos43@ow.ly,United States,08650,green,9/27/2012,688890.35
149,Zorine,Smithies,61,zsmithies44@discuz.net,France,38504 CEDEX,blue,1/12/2011,674775.38
150,Sheffy,Verner,22,sverner45@kickstarter.com,Germany,99089,green,8/2/2015,311409.7
151,Malchy,Aulds,21,maulds46@pbs.org,United Kingdom,DT10,red,12/22/2019,599337.08
152,Sky,Josefovic,57,sjosefovic47@indiegogo.com,Canada,J3M,blue,12/19/2018,298024.8
153,Spike,Drain,49,sdrain48@technorati.com,Mexico,95098,blue,8/3/2015,434271.99
154,Marena,Bruno,29,mbruno49@latimes.com,Canada,L9T,blue,4/4/2014,670114.12
155,Ofelia,Thurske,30,othurske4a@joomla.org,United States,36195,blue,4/15/2015,812147.16
156,Abbi,Plevin,25,aplevin4b@china.com.cn,Mexico,40914,blue,9/4/2019,152284.93
157,Lucy,Van Halen,22,lvanhalen4c@yellowbook.com,France,63504 CEDEX,green,6/1/2013,974603.89
158,Paulie,Records,30,precords4d@multiply.com,United States,63150,blue,6/2/2022,569314.33
159,Worden,Strangeway,23,wstrangeway4e@fotki.com,United States,95894,red,7/18/2014,595679.38
160,Olag,Tremblay,37,otremblay4f@canalblog.com,United States,92056,blue,9/12/2022,368142.02
161,Kittie,Beausang,53,kbeausang4g@walmart.com,United States,94089,green,2/12/2013,113739.31
162,Kassi,Bartkowiak,64,kbartkowiak4h@qq.com,France,25024 CEDEX,green,4/8/2010,707235.48
163,Aldus,Brant,59,abrant4i@statcounter.com,Mexico,96370,red,8/6/2021,888346.79
164,Andree,Strangeways,40,astrangeways4j@rakuten.co.jp,Mexico,30800,green,5/31/2010,140307.15
165,Hildagard,Darben,28,hdarben4k@tripadvisor.com,France,45404 CEDEX,green,10/3/2013,133453.46
166,Ezechiel,Sunners,51,esunners4l@prweb.com,France,58017 CEDEX,blue,9/7/2016,335033.55
167,Krissie,Fanton,31,kfanton4m@youku.com,France,68092 CEDEX 2,red,4/10/2014,554658.7
168,Essie,Chipping,63,echipping4n@utexas.edu,Mexico,71703,green,6/18/2022,948840.27
169,Brnaba,Jeff,24,bjeff4o@ted.com,United States,55579,green,9/19/2020,217069.19
170,Dorthea,Tottem,36,dtottem4p@histats.com,France,92527 CEDEX,green,10/18/2019,105213.34
171,Shirline,Caltun,62,scaltun4q@reference.com,United States,45296,blue,3/8/2020,41305.96
172,Jean,Geare,62,jgeare4r@drupal.org,Canada,M1M,green,1/20/2019,221181.23
173,Zabrina,Angear,27,zangear4s@ezinearticles.com,France,87090 CEDEX 9,green,2/24/2021,400027.58
174,Rodd,Littlefield,21,rlittlefield4t@springer.com,France,83060 CEDEX,green,1/27/2013,899311.74
175,Filippa,Pretious,63,fpretious4u@elegantthemes.com,Canada,T9N,green,11/19/2019,259325.82
176,Maurene,Lutas,22,mlutas4v@go.com,Canada,K1W,blue,6/19/2015,893917.15
177,Lamond,DelaField,38,ldelafield4w@bloomberg.com,United States,89510,blue,6/21/2010,99567.56
178,Patrizius,Althorpe,52,palthorpe4x@abc.net.au,Mexico,39271,green,7/27/2017,420438.31
179,Verene,Lomax,42,vlomax4y@nationalgeographic.com,United States,30096,blue,10/4/2021,514727.21
180,Theobald,Kwiek,22,tkwiek4z@weather.com,Canada,J4B,red,7/19/2017,37899.67
181,Amandie,Larne,65,alarne50@creativecommons.org,United States,10039,green,9/28/2021,220640.94
182,Marigold,Sapseed,37,msapseed51@scientificamerican.com,France,52915 CEDEX 9,red,12/1/2013,667822.96
183,Edita,Chuney,38,echuney52@loc.gov,France,22042 CEDEX 2,green,7/4/2018,813875.77
184,Claiborn,Goldup,45,cgoldup53@chicagotribune.com,United States,68134,green,1/11/2020,157190.15
185,Codie,Abatelli,27,cabatelli54@hao123.com,France,77529 CEDEX,red,2/23/2020,376946.04
186,Junia,Penny,64,jpenny55@blogtalkradio.com,United Kingdom,NG34,blue,9/16/2011,774077.55
187,Phil,Calken,35,pcalken56@sfgate.com,Mexico,52740,blue,10/15/2013,136129.16
188,Sharia,Endersby,26,sendersby57@yale.edu,United States,48217,green,9/13/2015,450695.55
189,Caril,Staden,57,cstaden58@blogtalkradio.com,Mexico,41963,green,3/16/2014,892255.3
190,Karita,Jenne,30,kjenne59@noaa.gov,Mexico,92015,red,4/30/2014,616156.42
191,Darla,Gimblett,65,dgimblett5a@list-manage.com,Canada,N4W,green,3/25/2020,931722.24
192,Brewer,Bensen,54,bbensen5b@technorati.com,France,88099 CEDEX 9,blue,9/28/2020,281423.72
193,Nikolos,Brodbin,45,nbrodbin5c@blogspot.com,Mexico,69818,blue,5/30/2019,885956.58
194,Annabel,Worg,41,aworg5d@live.com,France,57609 CEDEX,blue,12/30/2011,679961.94
195,Ermengarde,Lidgely,49,elidgely5e@walmart.com,France,54516 CEDEX,blue,2/4/2020,861152.87
196,Brnaba,Stangroom,18,bstangroom5f@linkedin.com,Canada,J1S,blue,5/22/2012,493564.81
197,Wildon,Seamer,57,wseamer5g@twitpic.com,France,58017 CEDEX,blue,2/28/2013,233907.86
198,Hernando,Coster,44,hcoster5h@sina.com.cn,Mexico,70317,red,1/23/2013,144872.81
199,Isabella,Batthew,50,ibatthew5i@google.com,France,77529 CEDEX,green,6/21/2015,279445.96
200,Saleem,Pavolini,53,spavolini5j@forbes.com,France,41919 CEDEX 9,green,1/21/2022,113540.43
201,Debi,Walshaw,60,dwalshaw5k@yale.edu,France,94734 CEDEX,blue,10/3/2015,668620.2
202,Susanetta,Clavering,43,sclavering5l@hibu.com,Mexico,52332,blue,5/2/2011,323628.43
203,Dirk,Brabyn,37,dbrabyn5m@va.gov,France,72080 CEDEX 9,green,3/16/2016,483660.79
204,Esteban,Bellas,29,ebellas5n@dyndns.org,France,49309 CEDEX,red,6/21/2021,481159.44
205,Nilson,Styant,18,nstyant5o@hibu.com,France,75104 CEDEX 02,green,6/27/2022,455520.32
206,Pren,Marnes,19,pmarnes5p@yellowbook.com,United States,40745,green,5/16/2018,513276.71
207,Stoddard,Giraudy,33,sgiraudy5q@loc.gov,France,35605 CEDEX,red,11/26/2011,541480.6
208,Johna,Jakovijevic,56,jjakovijevic5r@wikipedia.org,France,90020 CEDEX,green,10/16/2016,765248.45
209,Devon,Hulls,61,dhulls5s@acquirethisname.com,France,07004 CEDEX,green,4/9/2015,140699.78
210,Carlota,Jowle,55,cjowle5t@uol.com.br,United States,73129,red,7/27/2015,328114.24
211,Cassey,Alcorn,43,calcorn5u@columbia.edu,Germany,50733,blue,5/24/2018,785606.17
212,Briana,Marle,64,bmarle5v@blinklist.com,United States,63136,blue,5/30/2013,188444.39
213,Oswald,Abdie,61,oabdie5w@wikispaces.com,United States,55480,blue,3/26/2020,878334.74
214,Gypsy,Browncey,23,gbrowncey5x@wikispaces.com,Germany,45473,green,1/3/2016,818497.83
215,Torey,Workman,65,tworkman5y@telegraph.co.uk,Mexico,37487,green,8/15/2010,718859.44
216,Nanette,Brasier,43,nbrasier5z@ibm.com,Germany,24118,green,11/17/2020,989614.29
217,Morrie,McGready,32,mmcgready60@surveymonkey.com,France,86054 CEDEX 9,green,1/30/2015,260904.2
218,Fielding,Palay,63,fpalay61@go.com,Canada,S9X,green,7/1/2019,218019.94
219,Clayson,Riglesford,38,criglesford62@salon.com,United States,06905,blue,3/18/2017,931731.92
220,Prentice,Kroon,29,pkroon63@amazon.co.uk,France,06234 CEDEX,green,9/9/2014,462573.39
221,Vivyan,Hoff,47,vhoff64@blog.com,United States,68105,green,1/27/2014,393914.46
222,Kaitlyn,Willoughey,54,kwilloughey65@typepad.com,United States,47812,blue,9/11/2013,490530.57
223,Kitti,Redwall,47,kredwall66@mozilla.com,Mexico,91539,red,1/4/2016,750078.52
224,Haze,Smithin,54,hsmithin67@abc.net.au,France,40013 CEDEX,blue,4/3/2017,188139.58
225,Welch,Woolmer,47,wwoolmer68@scientificamerican.com,France,65022 CEDEX 9,blue,12/12/2017,102815.59
226,Anastasie,Trahearn,43,atrahearn69@mit.edu,United States,98464,red,3/8/2011,622499.38
227,Mahmud,Wreight,25,mwreight6a@feedburner.com,United States,89436,green,8/11/2019,798411.19
228,Agatha,Teideman,58,ateideman6b@opensource.org,France,94364 CEDEX,red,6/8/2018,1795.5
229,Nadya,Barkess,42,nbarkess6c@indiegogo.com,France,13681 CEDEX,red,8/20/2021,714564.96
230,Mathilde,Crayden,54,mcrayden6d@howstuffworks.com,France,92224 CEDEX,red,12/12/2015,487526.83
231,Gisele,Lanmeid,41,glanmeid6e@stanford.edu,Mexico,43131,blue,2/14/2016,241956.65
232,Bonni,Haythorn,28,bhaythorn6f@google.pl,Mexico,92880,blue,6/25/2022,157802.15
233,Vic,Kettlestring,23,vkettlestring6g@zdnet.com,Canada,T4S,blue,4/26/2022,557437.65
234,Eyde,Long,61,elong6h@unblog.fr,Canada,K1Y,blue,10/3/2020,824657.98
235,Mikkel,Doiley,38,mdoiley6i@ovh.net,France,29411 CEDEX,green,3/26/2021,815292.32
236,Rickey,Halwell,28,rhalwell6j@aol.com,Mexico,30171,blue,11/30/2019,978215.97
237,Ramonda,Reville,61,rreville6k@psu.edu,France,33733 CEDEX 9,red,6/20/2011,753139.41
238,Ewart,Ashbe,24,eashbe6l@dailymotion.com,France,13192 CEDEX 20,blue,3/2/2010,767975.93
239,Arlyne,Volcker,55,avolcker6m@squarespace.com,United States,45264,red,2/24/2021,266577.51
240,Jodie,Duffer,35,jduffer6n@spiegel.de,Canada,J5T,blue,1/9/2018,699996.76
241,Leopold,Sarton,48,lsarton6o@free.fr,Germany,76199,green,7/27/2014,224611.98
242,Clare,Androlli,62,candrolli6p@ocn.ne.jp,France,25215 CEDEX,blue,12/1/2020,546781.18
243,Ivory,Ridgedell,24,iridgedell6q@wikipedia.org,United States,71105,red,9/10/2014,134473.3
244,Thomasin,Pickerin,42,tpickerin6r@auda.org.au,United States,19146,red,6/26/2018,901161.43
245,Junia,Scorey,23,jscorey6s@friendfeed.com,United States,46896,blue,7/14/2021,302997.75
246,Jilly,Immins,23,jimmins6t@quantcast.com,Mexico,50625,blue,11/10/2018,525667.84
247,Raphael,McLevie,32,rmclevie6u@unesco.org,United States,31998,blue,2/3/2010,971813.44
248,Caitlin,Willisch,51,cwillisch6v@elpais.com,United States,21747,red,1/26/2015,741450.89
249,Lonnie,Camoletto,53,lcamoletto6w@csmonitor.com,France,35704 CEDEX 7,blue,12/20/2010,543314.43
250,Leonore,Joberne,18,ljoberne6x@utexas.edu,United States,60193,green,7/12/2010,391281.8
251,Webster,Clacson,38,wclacson6y@comcast.net,Germany,42659,blue,4/20/2010,770925.19
252,Gertrud,Morville,65,gmorville6z@zimbio.com,United States,98104,blue,6/27/2019,714136.65
253,Sherry,Bucktharp,56,sbucktharp70@google.pl,Germany,80804,green,9/8/2019,531147.49
254,Patten,Wort,53,pwort71@prlog.org,Canada,H5B,red,3/15/2012,678081.35
255,Mattie,Baxter,32,mbaxter72@imdb.com,Germany,86156,red,4/27/2014,216979.36
256,Ilsa,Pither,64,ipither73@mashable.com,Canada,K2C,red,4/2/2022,599888.32
257,Inger,Madden,51,imadden74@ovh.net,Canada,N9A,red,10/11/2017,87798.55
258,Barret,Cicerone,58,bcicerone75@vk.com,Germany,13088,green,4/10/2019,839354.91
259,Marielle,Ludron,65,mludron76@google.com,France,26209 CEDEX,green,4/17/2010,525149.62
260,Nara,Halso,23,nhalso77@omniture.com,France,04016 CEDEX,red,2/4/2013,523282.9
261,Saxe,Beel,20,sbeel78@yandex.ru,Germany,70374,green,3/13/2019,717907.97
262,Rosemonde,Hudel,51,rhudel79@dell.com,France,69367 CEDEX 07,green,5/4/2021,283165.08
263,Carlie,Blacklidge,61,cblacklidge7a@cpanel.net,Canada,C1N,red,1/26/2020,554215.9
264,Harmon,Clute,53,hclute7b@cnn.com,France,87046 CEDEX 1,green,8/6/2011,246681.5
265,Rosco,Ridgley,24,rridgley7c@hostgator.com,France,45911 CEDEX 9,red,8/21/2013,379389.05
266,Nixie,Auchinleck,51,nauchinleck7d@latimes.com,France,16015 CEDEX,green,6/7/2021,586239.22
267,Otis,Matten,35,omatten7e@independent.co.uk,France,22304 CEDEX,blue,11/1/2015,660476.22
268,Rowena,Mawdsley,26,rmawdsley7f@telegraph.co.uk,United States,11470,blue,7/6/2010,89689.53
269,Jacquenette,Burfitt,46,jburfitt7g@marriott.com,France,52915 CEDEX 9,green,12/9/2011,818349.38
270,Sacha,Cleaves,38,scleaves7h@ovh.net,France,92782 CEDEX 9,green,11/11/2015,309588.94
271,Joceline,Pakeman,35,jpakeman7i@washington.edu,France,87046 CEDEX 1,red,10/6/2015,100060.56
272,Zonnya,Kilsby,46,zkilsby7j@addthis.com,France,38030 CEDEX 2,blue,10/3/2014,754044.57
273,Dallis,Tremathack,30,dtremathack7k@mac.com,France,94234 CEDEX,green,3/17/2019,594226.88
274,Daria,Ruit,34,druit7l@nba.com,United States,77713,green,7/27/2014,743582.66
275,Burk,Claxson,48,bclaxson7m@pcworld.com,Mexico,70805,red,12/27/2022,567389.32
276,Abby,Barens,54,abarens7n@jugem.jp,United States,89436,green,2/26/2017,414734.23
277,Fallon,Hugk,48,fhugk7o@mlb.com,France,72304 CEDEX,red,4/30/2018,501425.45
278,Wright,Justis,25,wjustis7p@chronoengine.com,France,95304 CEDEX,blue,9/14/2021,881068.13
279,Pat,Grabiec,27,pgrabiec7q@ocn.ne.jp,France,34087 CEDEX 4,blue,1/26/2012,894534.51
280,Ezri,Claricoats,43,eclaricoats7r@bbc.co.uk,Mexico,61663,red,12/27/2013,638408.8
281,Brooke,Lesly,31,blesly7s@engadget.com,France,25014 CEDEX,blue,11/10/2015,93810.55
282,Fran,Shrubsall,35,fshrubsall7t@fda.gov,France,78105 CEDEX,red,9/25/2020,726515.44
283,Adriano,Ballingal,21,aballingal7u@constantcontact.com,Canada,G7P,red,10/19/2018,247947.11
284,Emmeline,McPhee,45,emcphee7v@blogspot.com,France,25004 CEDEX,red,8/6/2016,786006.93
285,Ainslie,Richardes,27,arichardes7w@t-online.de,United States,80044,blue,4/26/2022,339429.7
286,Stevana,Baddeley,62,sbaddeley7x@scribd.com,Canada,G5R,red,6/13/2012,765550.45
287,Clifford,Bigham,45,cbigham7y@nyu.edu,France,80089 CEDEX 2,blue,9/13/2019,659424.15
288,Darcie,Sherrum,51,dsherrum7z@shutterfly.com,France,83514 CEDEX,red,10/15/2018,120410.54
289,Ainslee,Philipps,20,aphilipps80@macromedia.com,United States,14205,blue,7/20/2012,169176.37
290,Tuck,Corson,22,tcorson81@bravesites.com,Mexico,61609,red,12/20/2022,258228.38
291,Brunhilde,Saward,24,bsaward82@amazon.co.jp,United States,32627,blue,6/28/2019,765967.65
292,Odey,Horstead,51,ohorstead83@cbsnews.com,France,60506 CEDEX,green,6/8/2016,483403.33
293,Bar,Muncer,62,bmuncer84@ihg.com,United States,33710,blue,1/6/2020,193564.73
294,Carma,Hughill,44,chughill85@biglobe.ne.jp,France,76304 CEDEX,blue,1/13/2015,337066.03
295,Dennie,Ryson,25,dryson86@upenn.edu,United States,47405,blue,10/18/2013,375123.03
296,Cherise,Statersfield,35,cstatersfield87@dyndns.org,United States,34114,red,9/12/2020,15341.31
297,Olivero,Hardington,65,ohardington88@lulu.com,United States,97271,red,4/4/2012,550041.38
298,Roarke,Baty,55,rbaty89@bloomberg.com,France,78990,blue,11/16/2018,376897.33
299,Dagmar,Kyffin,18,dkyffin8a@marketwatch.com,France,92337 CEDEX,green,10/3/2019,972436.76
300,Sheppard,Mochar,32,smochar8b@nytimes.com,Canada,P7L,red,9/20/2010,85348.78
301,Charlotta,Rustich,53,crustich8c@japanpost.jp,Canada,G6L,blue,10/22/2019,445551.07
302,Alfonse,Chadderton,51,achadderton8d@businessweek.com,United States,45264,green,8/22/2010,682025.4
303,Gonzales,Dalglish,36,gdalglish8e@prlog.org,Mexico,26834,green,12/5/2021,380672.57
304,Drona,Beddie,59,dbeddie8f@epa.gov,France,82037 CEDEX,green,8/23/2016,866016.93
305,Casar,Fairhurst,32,cfairhurst8g@sina.com.cn,Canada,E7M,red,1/13/2011,807114.48
306,Bond,Dennitts,63,bdennitts8h@japanpost.jp,France,92119 CEDEX,blue,12/13/2013,875569.47
307,Filippa,Drache,34,fdrache8i@google.de,Canada,M1M,red,9/13/2021,843123.82
308,Veronike,Schoenfisch,54,vschoenfisch8j@goodreads.com,France,84033 CEDEX 3,red,3/2/2015,2396.87
309,Corbin,Sedgmond,60,csedgmond8k@prweb.com,Mexico,32600,blue,4/11/2019,349508.55
310,Bernadine,Allnatt,47,ballnatt8l@wikipedia.org,United States,30358,green,2/1/2015,877171.44
311,Matti,Seago,63,mseago8m@usgs.gov,United States,51105,red,8/21/2018,296148.52
312,Esmaria,Jerisch,54,ejerisch8n@netscape.com,France,63043 CEDEX 2,blue,11/30/2017,806038.49
313,Constanta,Qualtrough,36,cqualtrough8o@reverbnation.com,United States,76110,blue,12/2/2012,413207.04
314,Dud,Placidi,21,dplacidi8p@google.com.hk,France,94364 CEDEX,green,11/15/2022,744086.09
315,Issiah,Mathan,41,imathan8q@goodreads.com,France,92169 CEDEX,red,12/9/2022,191366.26
316,Simone,Finlayson,55,sfinlayson8r@shop-pro.jp,Canada,E6J,red,9/28/2019,209958.18
317,Tory,Beecraft,53,tbeecraft8s@bloglovin.com,France,92762 CEDEX,green,5/24/2019,461820.58
318,Greta,Fintoph,40,gfintoph8t@wiley.com,France,88125 CEDEX,green,11/20/2022,878261.69
319,Alicea,Letson,40,aletson8u@blogger.com,France,86964 CEDEX,blue,12/31/2016,100755.47
320,Emmett,Castellini,24,ecastellini8v@slate.com,Mexico,29755,blue,2/24/2022,520572.65
321,Lanni,Semonin,44,lsemonin8w@webmd.com,United Kingdom,EC3M,blue,11/28/2014,691733.94
322,Cordie,Dominguez,42,cdominguez8x@geocities.com,Canada,A2V,green,6/16/2011,234986.17
323,Gypsy,Le Sarr,60,glesarr8y@boston.com,France,73216 CEDEX,red,4/9/2017,381906.64
324,Valeda,Dunbabin,25,vdunbabin8z@washingtonpost.com,France,91959 CEDEX,green,3/14/2021,232433.41
325,Enid,Dinkin,29,edinkin90@nyu.edu,France,22042 CEDEX 2,red,4/25/2014,919700.54
326,Wallis,Abson,35,wabson91@reference.com,France,59425 CEDEX,blue,11/12/2015,235641.65
327,Moira,Lumpkin,41,mlumpkin92@uiuc.edu,United States,77346,red,6/15/2016,589056.29
328,Collin,Haxell,42,chaxell93@dedecms.com,France,44244 CEDEX,blue,5/30/2018,220862.65
329,Athena,Fendlen,25,afendlen94@myspace.com,United States,77240,red,12/13/2013,349172.03
330,Berton,Klaus,27,bklaus95@hexun.com,France,29404 CEDEX,green,9/17/2018,111898.63
331,Corella,MacGall,58,cmacgall96@weebly.com,Germany,44143,blue,5/12/2013,355479.36
332,Briano,Fallen,42,bfallen97@altervista.org,Canada,E4K,blue,10/29/2019,588014.39
333,Selina,Ricardon,37,sricardon98@sun.com,France,92592 CEDEX,green,4/1/2021,939877.17
334,Corrie,Bapty,25,cbapty99@alibaba.com,Mexico,54927,green,4/28/2013,705352.31
335,Angelle,Runge,41,arunge9a@about.me,Mexico,54730,red,3/17/2019,556825.96
336,Gian,McIlrath,20,gmcilrath9b@macromedia.com,United States,89135,blue,6/4/2015,172402.92
337,Geno,Gaskamp,22,ggaskamp9c@globo.com,France,92144 CEDEX,green,4/21/2022,750291.47
338,Johnny,Bedome,33,jbedome9d@pinterest.com,United States,62711,blue,1/31/2010,464157.91
339,Egor,Spurr,18,espurr9e@umn.edu,Canada,K9H,red,3/17/2010,481630.87
340,Rosalia,Premble,28,rpremble9f@youtube.com,Canada,T4T,red,2/7/2014,890217.75
341,Carolus,Bohlens,36,cbohlens9g@hp.com,United States,10150,green,5/6/2010,554510.64
342,Lanny,Jeffels,35,ljeffels9h@virginia.edu,United States,68505,blue,8/20/2012,936331.33
343,Federica,Harkins,25,fharkins9i@abc.net.au,United States,79945,blue,7/8/2020,85537.39
344,Jerad,Janus,52,jjanus9j@clickbank.net,France,67975 CEDEX 9,green,8/4/2021,378837.7
345,Christan,Wagnerin,31,cwagnerin9k@netvibes.com,United States,73142,green,12/23/2017,304824.93
346,Drud,Bocock,48,dbocock9l@deviantart.com,United States,44485,red,2/15/2022,113595.21
347,Ashia,Warlton,30,awarlton9m@mediafire.com,Canada,N9V,blue,2/16/2019,657702.1
348,Parker,Cowling,55,pcowling9n@unc.edu,United States,07505,blue,10/31/2010,126587.75
349,Ansell,Seckington,33,aseckington9o@nasa.gov,United States,85284,blue,11/23/2021,544952.78
350,Susan,Jancik,42,sjancik9p@phoca.cz,France,57119 CEDEX,green,9/8/2022,439022.22
351,Georg,Roots,53,groots9q@usgs.gov,France,59425 CEDEX,red,1/7/2015,395469.22
352,Ellsworth,Sendall,64,esendall9r@ucoz.com,Canada,G6L,green,12/23/2011,615214.35
353,Hersch,Smeuin,53,hsmeuin9s@sogou.com,Mexico,56190,red,11/30/2012,586994.92
354,Britte,Furse,38,bfurse9t@ibm.com,United States,06520,blue,4/9/2020,482399.6
355,Bogart,Newdick,44,bnewdick9u@jigsy.com,United States,30033,blue,3/11/2015,173451.66
356,Jena,Matura,22,jmatura9v@virginia.edu,United States,79945,red,3/16/2016,805316.2
357,Grantley,LLelweln,18,gllelweln9w@tripod.com,United States,98682,green,1/24/2022,382436.29
358,Spense,Mealham,39,smealham9x@mysql.com,Mexico,92148,red,1/16/2010,271133.26
359,Heather,Hubatsch,38,hhubatsch9y@mapy.cz,United States,22217,red,12/11/2012,557969.05
360,Grant,Gabbitus,63,ggabbitus9z@cargocollective.com,France,44804 CEDEX,blue,5/26/2010,993090.1
361,Rafi,Ronca,32,rroncaa0@woothemes.com,France,92174 CEDEX,red,6/2/2010,4089.01
362,Faye,Quibell,20,fquibella1@goodreads.com,France,35435 CEDEX,green,5/7/2015,404591.4
363,Clarey,Cayle,38,ccaylea2@ucsd.edu,France,30028 CEDEX 9,green,8/3/2018,686488.32
364,Gradeigh,Da Costa,19,gdacostaa3@state.gov,United States,16522,red,2/14/2016,734354.31
365,Leoine,Egglestone,33,legglestonea4@people.com.cn,United States,62756,green,12/22/2014,931279.55
366,Melisenda,Wilfing,19,mwilfinga5@skype.com,United States,40515,green,8/23/2011,854430.43
367,Torry,Attwater,62,tattwatera6@cbc.ca,France,79104 CEDEX,green,7/13/2022,988635.1
368,Gardner,Jeandel,49,gjeandela7@php.net,United States,72204,green,4/26/2015,251449.93
369,Sinclare,Mahood,61,smahooda8@hatena.ne.jp,France,38509 CEDEX,red,5/1/2010,32753.52
370,Ogden,Farman,37,ofarmana9@time.com,Mexico,93650,green,2/25/2016,812017.44
371,Guthrey,Kopman,24,gkopmanaa@china.com.cn,Canada,B2J,red,5/6/2019,506617.69
372,Barr,Nuccitelli,46,bnuccitelliab@deliciousdays.com,France,71109 CEDEX,red,12/16/2017,875599.29
373,Ardine,Boncore,29,aboncoreac@ox.ac.uk,Mexico,40977,red,8/29/2019,691338.1
374,Michelina,Towner,52,mtownerad@uol.com.br,Canada,T7Z,green,11/25/2011,884771.31
375,Ileana,Levinge,64,ilevingeae@tiny.cc,Germany,51149,green,2/3/2017,988588.1
376,Boyd,McEntagart,34,bmcentagartaf@ibm.com,France,60506 CEDEX,red,6/15/2012,681723.49
377,Rickie,Merrien,35,rmerrienag@berkeley.edu,United States,92127,green,9/27/2018,73448.51
378,Beltran,Dalinder,52,bdalinderah@domainmarket.com,United States,34642,red,9/12/2019,779607.0
379,Rodolfo,Gomersal,28,rgomersalai@dion.ne.jp,France,93504 CEDEX,green,4/30/2017,601004.09
380,Lura,Wherrit,49,lwherritaj@scribd.com,Canada,R7N,green,7/24/2017,218447.29
381,Carolan,Haucke,51,chauckeak@chronoengine.com,Canada,T4S,red,9/8/2016,339567.93
382,Talyah,Mammatt,47,tmammattal@php.net,France,78020 CEDEX,green,12/30/2010,780544.25
383,Jerrie,Steen,26,jsteenam@usnews.com,United States,32891,green,6/19/2012,762306.99
384,Waly,Steeden,43,wsteedenan@oakley.com,Mexico,58880,green,4/10/2011,903066.01
385,Leela,Probbin,30,lprobbinao@youtube.com,United States,18018,green,9/19/2017,201044.35
386,Florenza,Herreran,47,fherreranap@php.net,Canada,L6S,blue,9/2/2021,971924.37
387,Sigmund,Mateo,23,smateoaq@indiegogo.com,United States,20910,green,4/29/2020,818005.48
388,Dulcine,Canedo,22,dcanedoar@businessinsider.com,France,33100,red,12/24/2011,69280.89
389,Deny,Martinetto,49,dmartinettoas@liveinternet.ru,France,84019 CEDEX 1,green,5/11/2017,819899.23
390,Agnola,Fullagar,60,afullagarat@java.com,Germany,40215,green,8/21/2013,232413.28
391,Ginger,Boom,29,gboomau@com.com,France,34004 CEDEX 1,blue,8/14/2022,125017.9
392,Christie,Adanez,25,cadanezav@hatena.ne.jp,France,30404 CEDEX,green,8/5/2010,587107.57
393,Ernestus,Crosskell,26,ecrosskellaw@theguardian.com,France,60309 CEDEX,red,10/20/2013,274209.81
394,Johanna,Krolman,49,jkrolmanax@hatena.ne.jp,France,40025 CEDEX,green,11/26/2013,347041.81
395,Max,Pinder,29,mpinderay@amazon.de,France,69794 CEDEX,red,6/26/2018,783929.9
396,Gabbey,Henniger,23,ghennigeraz@berkeley.edu,United States,80217,blue,11/8/2018,911459.74
397,Dre,Chattelaine,41,dchattelaineb0@moonfruit.com,Canada,T7E,blue,7/17/2011,488905.15
398,Misti,Dobrowski,59,mdobrowskib1@earthlink.net,France,69649 CEDEX,blue,3/4/2022,67281.72
399,Bart,Sibille,41,bsibilleb2@cnbc.com,Mexico,89359,green,1/14/2022,676036.41
400,Angel,Catteroll,28,acatterollb3@surveymonkey.com,France,26029 CEDEX,blue,6/7/2016,22441.78
401,Maisie,Alpes,25,malpesb4@yale.edu,Mexico,29970,blue,8/10/2018,730217.83
402,Bevan,Blasi,62,bblasib5@google.com.au,Canada,V3B,blue,11/25/2017,708667.41
403,Brook,Stanton,32,bstantonb6@usda.gov,France,93462 CEDEX,green,4/5/2011,621515.65
404,Marylynne,MacGrath,24,mmacgrathb7@technorati.com,United States,85715,blue,8/27/2011,618684.45
405,Stevy,Alldred,41,salldredb8@bloglovin.com,United States,37410,green,8/5/2011,465170.21
406,Julee,Dyte,58,jdyteb9@jiathis.com,France,67609 CEDEX,green,11/12/2016,248095.77
407,Katina,Nials,64,knialsba@thetimes.co.uk,France,24016 CEDEX,red,11/10/2019,266887.29
408,Aila,Averies,40,aaveriesbb@timesonline.co.uk,Mexico,43645,blue,8/19/2010,490308.77
409,Perren,Titterington,48,ptitteringtonbc@flickr.com,Mexico,47253,red,6/20/2022,792447.21
410,Ardene,Ginty,22,agintybd@cam.ac.uk,Canada,L9T,green,4/18/2015,372219.72
411,Alli,Ridolfi,33,aridolfibe@123-reg.co.uk,France,31079 CEDEX 5,red,6/5/2016,404125.02
412,Buddie,Lomen,43,blomenbf@businessweek.com,France,08107 CEDEX,green,8/7/2015,763866.23
413,Erwin,McGown,40,emcgownbg@bluehost.com,Canada,E3N,green,10/3/2011,640916.13
414,Daisey,Prevost,20,dprevostbh@loc.gov,Canada,B3H,red,10/9/2019,694629.61
415,Lucie,Crohan,65,lcrohanbi@netscape.com,United States,40524,blue,11/7/2019,605688.7
416,Liz,Blakiston,33,lblakistonbj@bluehost.com,United States,97240,blue,6/9/2021,636978.82
417,Karna,Maidstone,27,kmaidstonebk@sogou.com,Canada,M1E,blue,9/29/2012,847461.47
418,Christiano,Gallegos,28,cgallegosbl@tiny.cc,United States,94297,green,11/29/2018,127861.12
419,Rabi,Lehemann,42,rlehemannbm@sbwire.com,United States,29605,blue,5/22/2012,148924.21
420,Gloria,Aasaf,61,gaasafbn@google.com,Canada,T9G,blue,12/13/2013,332579.99
421,Lewiss,Kollasch,33,lkollaschbo@boston.com,France,40013 CEDEX,red,4/1/2013,896740.06
422,Britney,Scrinage,36,bscrinagebp@posterous.com,Mexico,39949,blue,5/31/2012,677632.61
423,Maggy,Schankelborg,44,mschankelborgbq@sakura.ne.jp,United States,70187,red,10/8/2010,769899.34
424,Brig,Whitehurst,61,bwhitehurstbr@sourceforge.net,France,77427 CEDEX 2,red,5/14/2010,936401.74
425,Friedrich,Worsnip,52,fworsnipbs@360.cn,United States,80045,red,1/31/2017,115259.6
426,Dorey,Toynbee,24,dtoynbeebt@360.cn,France,11020 CEDEX,red,10/26/2021,418193.38
427,Kizzee,Fernyhough,37,kfernyhoughbu@bbc.co.uk,United States,77035,blue,9/16/2020,66722.59
428,Tawnya,Crissil,41,tcrissilbv@goodreads.com,United States,70593,red,12/24/2010,501789.27
429,Corbet,Litterick,18,clitterickbw@usa.gov,United States,72905,red,4/26/2014,483953.19
430,Antons,Baison,44,abaisonbx@cornell.edu,France,92959 CEDEX,green,1/28/2013,740506.82
431,Alisa,Pittock,18,apittockby@globo.com,France,07204 CEDEX,blue,2/11/2021,689944.13
432,Queenie,Laing,36,qlaingbz@exblog.jp,United States,60663,green,2/22/2013,930764.87
433,Arlin,Hanes,36,ahanesc0@w3.org,Mexico,56617,blue,9/18/2010,979259.5
434,Bevan,Haseman,44,bhasemanc1@altervista.org,France,45045 CEDEX 1,blue,3/29/2014,198511.49
435,Eolanda,Zisneros,43,ezisnerosc2@timesonline.co.uk,Mexico,29755,green,4/14/2012,144983.08
436,Dolley,Corwin,38,dcorwinc3@thetimes.co.uk,France,04004 CEDEX,green,6/22/2010,974052.12
437,Brendin,Oxnam,23,boxnamc4@stanford.edu,Mexico,30505,green,11/17/2020,599054.74
438,Patsy,Westnedge,47,pwestnedgec5@netscape.com,Mexico,41004,red,8/12/2010,724588.23
439,Pate,Billiard,34,pbilliardc6@blogtalkradio.com,Canada,M2K,red,6/8/2010,446790.22
440,Harry,Joannidi,58,hjoannidic7@nymag.com,France,75243 CEDEX 13,red,10/31/2016,396044.35
441,Lorelei,Cardiff,38,lcardiffc8@eepurl.com,France,42335 CEDEX,red,8/23/2019,482124.91
442,Ganny,Ferro,41,gferroc9@arizona.edu,Canada,J7W,red,4/20/2016,694338.01
443,Dukie,Pemble,22,dpembleca@usatoday.com,France,13393 CEDEX 13,blue,11/18/2016,445974.52
444,Rozella,McKenna,39,rmckennacb@soup.io,Canada,T9M,green,1/31/2016,504757.97
445,Jyoti,Picker,28,jpickercc@amazonaws.com,France,42704 CEDEX,red,1/10/2018,916428.38
446,Kerianne,Tidgewell,42,ktidgewellcd@dot.gov,Mexico,89762,green,11/28/2018,898695.43
447,Truda,Bernhart,62,tbernhartce@walmart.com,Canada,G5Z,blue,12/14/2018,592618.68
448,Taber,Barrim,35,tbarrimcf@angelfire.com,France,92061 CEDEX,blue,10/19/2016,334448.03
449,Kienan,Verriour,58,kverriourcg@amazon.co.jp,United States,14609,blue,12/7/2014,244791.23
450,Hart,MacHostie,54,hmachostiech@fema.gov,France,91881 CEDEX,red,11/23/2011,323718.94
451,Wren,McIsaac,52,wmcisaacci@npr.org,France,06234 CEDEX,green,5/10/2022,944064.51
452,Drud,Aldington,34,daldingtoncj@yelp.com,Canada,H9K,red,8/8/2020,892994.22
453,Perceval,Findlater,23,pfindlaterck@loc.gov,United States,18018,blue,8/4/2014,404462.05
454,Leone,Saffill,62,lsaffillcl@cornell.edu,Mexico,94324,blue,8/5/2012,531981.73
455,Madlin,McLeese,44,mmcleesecm@chicagotribune.com,United States,35815,green,12/15/2012,765134.67
456,Levon,Athridge,64,lathridgecn@digg.com,United Kingdom,SY4,blue,2/16/2017,784103.7
457,Rodolphe,Hampstead,22,rhampsteadco@npr.org,France,82104 CEDEX,green,1/11/2011,45397.95
458,Jenilee,Stambridge,23,jstambridgecp@imdb.com,France,69154 CEDEX,red,12/8/2013,750390.6
459,Early,Duberry,27,eduberrycq@jugem.jp,Canada,L2T,green,4/9/2015,466922.59
460,Vincent,Murtimer,63,vmurtimercr@howstuffworks.com,United States,97296,blue,7/15/2020,443583.92
461,Maureen,Stebbin,46,mstebbincs@fema.gov,France,48005 CEDEX,red,2/24/2012,191617.42
462,Norris,Langstaff,47,nlangstaffct@adobe.com,Canada,N2L,red,4/17/2012,28923.17
463,Cindi,Lathy,23,clathycu@sciencedirect.com,France,06281 CEDEX 3,green,10/14/2017,420584.21
464,Mattias,Watterson,37,mwattersoncv@cam.ac.uk,United Kingdom,SW1E,blue,10/17/2011,145707.77
465,Heloise,Claw,54,hclawcw@cpanel.net,Mexico,64650,blue,9/15/2018,502742.2
466,Chic,Rowney,58,crowneycx@fastcompany.com,United States,92662,blue,12/31/2014,795948.09
467,Kienan,Wilmut,29,kwilmutcy@amazon.de,France,58209 CEDEX,green,12/30/2011,952544.31
468,Tonye,Verry,63,tverrycz@cdc.gov,Germany,80995,green,8/14/2013,904082.27
469,Barbaraanne,Snoddy,35,bsnoddyd0@xinhuanet.com,France,28114 CEDEX,red,3/3/2011,18126.61
470,Alicia,Greet,63,agreetd1@spiegel.de,United States,33680,red,3/3/2014,551257.18
471,Harli,Turrill,21,hturrilld2@epa.gov,France,35903 CEDEX 9,green,5/20/2012,962082.81
472,Lisle,Loakes,24,lloakesd3@va.gov,France,38504 CEDEX,green,4/19/2019,523868.18
473,Hector,Van der Baaren,29,hvanderbaarend4@ucoz.ru,Mexico,45147,green,12/23/2020,118917.38
474,Lolly,Waugh,35,lwaughd5@mediafire.com,United States,85246,red,9/13/2019,170398.75
475,Jim,Freezer,47,jfreezerd6@360.cn,France,83953 CEDEX,red,5/26/2012,231311.35
476,Eran,Bazelle,64,ebazelled7@naver.com,Canada,J6S,green,1/12/2012,567773.2
477,Manfred,Erskine,35,merskined8@slashdot.org,France,26504 CEDEX,red,10/10/2015,71909.03
478,Anne,Heisler,56,aheislerd9@mozilla.com,France,33070 CEDEX,blue,1/20/2013,144114.72
479,Catie,Mordey,63,cmordeyda@psu.edu,Canada,K7A,green,12/16/2016,182986.95
480,Whitney,Lowsely,49,wlowselydb@hexun.com,United States,90005,green,7/26/2015,947547.35
481,Elmira,Whenman,48,ewhenmandc@nbcnews.com,France,13425 CEDEX 12,blue,2/7/2012,651369.92
482,Nichole,Tures,41,nturesdd@admin.ch,Mexico,50695,green,8/12/2011,460564.56
483,Kristy,Toderini,59,ktoderinide@discovery.com,Canada,S7K,red,6/24/2021,90748.49
484,Becki,McSperrin,63,bmcsperrindf@last.fm,United States,80638,red,10/16/2012,378571.36
485,Lionel,Slevin,21,lslevindg@newsvine.com,Canada,V7R,red,5/1/2010,82775.93
486,Joly,Hallybone,48,jhallybonedh@ezinearticles.com,United States,20566,green,7/22/2022,72817.97
487,Oona,Schenfisch,24,oschenfischdi@uol.com.br,United States,36177,red,11/10/2015,772023.47
488,Kathlin,Rosgen,31,krosgendj@opera.com,France,60006 CEDEX,blue,2/8/2016,197647.66
489,Edgard,Kenna,58,ekennadk@opera.com,France,92665 CEDEX,blue,12/13/2022,623196.34
490,Kent,Tomaskov,39,ktomaskovdl@behance.net,Canada,L8N,green,7/8/2014,23744.7
491,Tiff,Guilaem,27,tguilaemdm@state.tx.us,France,13095 CEDEX 2,blue,12/27/2022,763326.9
492,Faustine,Ault,49,faultdn@ning.com,United States,35895,green,4/1/2012,292777.95
493,Armand,Hovee,58,ahoveedo@wufoo.com,France,13524 CEDEX,green,9/15/2022,164523.94
494,Xymenes,Kesper,27,xkesperdp@disqus.com,Germany,63456,blue,3/4/2010,43432.21
495,Portia,Marcombe,59,pmarcombedq@mlb.com,United States,92110,red,11/9/2021,545732.01
496,Jordanna,Cornborough,25,jcornboroughdr@altervista.org,United States,10160,green,1/24/2019,554713.29
497,Angelika,Shoebotham,18,ashoebothamds@wikimedia.org,United States,40266,blue,5/8/2017,83141.65
498,Nikola,Garlette,50,ngarlettedt@uiuc.edu,France,94269 CEDEX,red,7/14/2016,3922.82
499,Riva,Bonelle,47,rbonelledu@illinois.edu,United States,89115,red,8/21/2022,677634.59
500,Melicent,Norvell,53,mnorvelldv@amazon.co.jp,United States,98447,red,7/4/2016,147119.84
501,Debera,Adnett,63,dadnettdw@google.com.hk,United States,92844,red,5/7/2019,512432.15
502,Sal,McWhorter,35,smcwhorterdx@bloglovin.com,Mexico,32628,red,1/25/2019,896482.46
503,Burtie,Mandrey,28,bmandreydy@privacy.gov.au,France,62335 CEDEX,green,4/28/2012,665567.79
504,Eldridge,Phinnessy,40,ephinnessydz@reuters.com,France,73091 CEDEX,red,11/20/2021,832281.23
505,Phebe,Grubey,19,pgrubeye0@macromedia.com,United States,89550,green,4/10/2010,574342.7
506,Diego,Falconer-Taylor,57,dfalconertaylore1@phpbb.com,France,85304 CEDEX,blue,9/6/2011,867485.4
507,Ranee,Sherer,26,rsherere2@phpbb.com,United States,35215,green,6/16/2014,689854.0
508,Alvy,Evison,59,aevisone3@wikimedia.org,United Kingdom,BH21,blue,1/6/2017,243930.22
509,Isa,Eliff,31,ieliffe4@xrea.com,Germany,44795,red,10/5/2022,542919.5
510,Elisha,O'Kelly,22,eokellye5@weebly.com,Mexico,30540,blue,5/23/2015,877836.73
511,Madelon,Entwisle,36,mentwislee6@msu.edu,Canada,G0N,red,6/28/2012,212997.86
512,Teirtza,Shrimplin,60,tshrimpline7@4shared.com,France,91709 CEDEX,red,9/3/2021,986020.68
513,Morna,Hurd,26,mhurde8@dailymotion.com,Mexico,30509,blue,7/13/2012,92525.53
514,Lincoln,Oddboy,22,loddboye9@live.com,United States,37410,blue,2/4/2012,770212.96
515,Carver,Rodie,47,crodieea@xinhuanet.com,Mexico,48744,blue,12/11/2018,412208.36
516,Vitia,Arnke,24,varnkeeb@bbc.co.uk,France,59704 CEDEX,green,4/7/2020,323235.37
517,Karl,Children,24,kchildrenec@tuttocitta.it,Mexico,59762,red,1/13/2012,98685.88
518,Baily,Dictus,48,bdictused@google.com.br,France,77214 CEDEX,green,2/9/2015,985904.82
519,Mariquilla,Thor,31,mthoree@blogspot.com,France,94857 CEDEX,red,4/8/2020,331980.08
520,Franklyn,Blaske,18,fblaskeef@webs.com,France,31059 CEDEX 9,green,6/25/2021,474521.57
521,Anastasia,Pinchon,55,apinchoneg@google.ca,United States,98687,red,2/15/2016,224301.81
522,Iain,Yushkin,48,iyushkineh@mtv.com,United States,76705,blue,2/25/2018,594829.48
523,Andriette,Trotman,53,atrotmanei@fc2.com,United States,19120,green,12/8/2016,566285.25
524,Roseline,Bygott,35,rbygottej@theguardian.com,United States,32277,red,2/19/2018,619676.92
525,Amalle,Vannini,20,avanniniek@vistaprint.com,Mexico,95193,blue,2/27/2019,231572.06
526,Skipp,Howels,48,showelsel@npr.org,Mexico,93393,green,8/11/2018,427706.13
527,Janella,Canet,65,jcanetem@github.com,France,05004 CEDEX,red,8/13/2013,777431.66
528,Marni,Delgardillo,31,mdelgardilloen@wordpress.org,France,74982 CEDEX 9,green,2/26/2016,479269.92
529,Gordan,Dixcey,64,gdixceyeo@vkontakte.ru,France,71309 CEDEX,red,7/12/2021,540047.95
530,Crista,Sallery,51,csalleryep@abc.net.au,France,74164 CEDEX,red,12/19/2014,242185.62
531,Albie,Francklyn,62,afrancklyneq@cmu.edu,Germany,01189,blue,2/21/2010,237032.27
532,Margaretha,Gwyer,62,mgwyerer@newsvine.com,United States,33710,blue,10/15/2014,451364.55
533,Roseanna,Billison,63,rbillisones@indiatimes.com,Mexico,47203,green,7/9/2012,773789.37
534,Ruth,Raxworthy,46,rraxworthyet@economist.com,France,83060 CEDEX,green,2/15/2014,221630.02
535,Zena,Breton,54,zbretoneu@list-manage.com,Germany,70567,red,4/24/2015,630901.77
536,Wilbur,Redsull,29,wredsullev@quantcast.com,France,75976 CEDEX 20,green,11/22/2017,567962.68
537,Jayne,Perrins,49,jperrinsew@etsy.com,France,69464 CEDEX 06,blue,11/18/2017,570304.98
538,Ced,Garatty,56,cgarattyex@smh.com.au,Canada,N8V,green,7/17/2016,568025.8
539,Nerissa,Eakly,19,neaklyey@1und1.de,Mexico,36800,green,7/25/2021,324394.09
540,Jillane,Thexton,64,jthextonez@apple.com,France,24111 CEDEX,red,9/1/2018,670511.45
541,Delilah,Chedgey,36,dchedgeyf0@skyrock.com,United States,20310,blue,7/26/2014,306543.69
542,Farand,Diffley,44,fdiffleyf1@sun.com,France,61042 CEDEX,red,7/15/2021,547816.45
543,Barnebas,Brew,29,bbrewf2@xrea.com,Mexico,92933,green,5/31/2019,258959.96
544,Gabriellia,Gammack,33,ggammackf3@ca.gov,Mexico,92125,green,5/1/2015,598818.57
545,Julienne,Mazdon,45,jmazdonf4@cafepress.com,France,94129 CEDEX,red,4/3/2014,614703.76
546,Jilli,Edie,61,jedief5@people.com.cn,Canada,C1C,green,12/10/2019,144650.3
547,Garrick,Pellman,22,gpellmanf6@jiathis.com,Canada,T9E,green,3/12/2018,19717.23
548,Nadean,Rutherford,25,nrutherfordf7@alibaba.com,France,13456 CEDEX 13,green,3/3/2018,748984.67
549,Christie,Kingdom,31,ckingdomf8@reference.com,France,52109 CEDEX,red,11/23/2019,294843.43
550,Bridget,Yarker,41,byarkerf9@sfgate.com,France,57032 CEDEX 01,blue,10/21/2011,734504.9
551,Scottie,Kidstone,21,skidstonefa@ezinearticles.com,Canada,R1A,red,3/2/2017,26460.25
552,Felicle,MacGorman,51,fmacgormanfb@jugem.jp,France,34513 CEDEX,red,2/18/2010,936240.0
553,Odelia,Humbey,48,ohumbeyfc@last.fm,France,88154 CEDEX,blue,2/4/2019,213445.29
554,Julietta,Lannen,50,jlannenfd@cornell.edu,Canada,L2A,blue,11/5/2012,364395.06
555,Elton,Maitland,35,emaitlandfe@blogs.com,Mexico,48338,green,9/30/2021,214042.87
556,Dena,Stockle,51,dstockleff@tmall.com,France,56977 CEDEX 9,red,11/23/2018,130240.8
557,Michal,Wilmut,26,mwilmutfg@meetup.com,Mexico,78490,green,11/12/2019,740181.3
558,Maura,Kunert,49,mkunertfh@github.io,United Kingdom,B40,red,3/17/2013,114640.08
559,Parker,Tanzer,29,ptanzerfi@lulu.com,France,18934 CEDEX 9,green,9/23/2021,658634.54
560,Gherardo,Bartak,21,gbartakfj@reverbnation.com,France,59734 CEDEX,red,11/27/2010,202034.2
561,Agathe,Rouby,26,aroubyfk@aol.com,Germany,45473,blue,11/21/2019,456089.41
562,Sabra,Massimo,61,smassimofl@hubpages.com,Canada,M4J,red,6/5/2012,972958.06
563,Annabella,Cracknell,36,acracknellfm@macromedia.com,France,45204 CEDEX,red,9/18/2015,824344.37
564,Stephie,Wedlock,47,swedlockfn@boston.com,Mexico,87090,blue,10/24/2010,172812.8
565,Duncan,Goodluck,30,dgoodluckfo@ycombinator.com,United States,16534,red,5/15/2015,535518.01
566,Helen,Whatsize,58,hwhatsizefp@msn.com,France,68504 CEDEX,red,3/2/2015,673343.38
567,Adelind,Ebbotts,27,aebbottsfq@yellowbook.com,United States,48258,green,8/8/2015,552180.58
568,Hayes,Stokey,44,hstokeyfr@amazonaws.com,France,13348 CEDEX 20,red,7/16/2013,773696.11
569,Efren,Badrock,44,ebadrockfs@google.co.uk,France,55013 CEDEX,blue,5/25/2010,256325.38
570,Ilario,Spehr,45,ispehrft@google.com.br,Germany,18147,green,5/26/2019,654532.03
571,Thacher,Gurling,25,tgurlingfu@adobe.com,France,37554 CEDEX,blue,7/26/2016,203885.8
572,Lanette,Gianettini,46,lgianettinifv@columbia.edu,United States,10184,red,1/18/2016,818242.47
573,Cassius,Clissell,43,cclissellfw@narod.ru,France,07304 CEDEX,red,12/6/2014,561713.63
574,Cristobal,Killich,36,ckillichfx@studiopress.com,France,33324 CEDEX,blue,9/8/2020,937528.69
575,Yasmin,Simonetto,56,ysimonettofy@networkadvertising.org,France,13858 CEDEX 3,blue,8/14/2012,129522.56
576,Mabelle,Brenstuhl,28,mbrenstuhlfz@cam.ac.uk,United States,88574,blue,3/2/2013,796635.42
577,Dean,Duberry,27,dduberryg0@google.it,Germany,55124,green,12/27/2019,628598.66
578,Kaela,Jansa,45,kjansag1@independent.co.uk,Canada,J6E,blue,7/13/2015,845418.88
579,Ray,Etchingham,26,retchinghamg2@moonfruit.com,Canada,T7N,green,8/17/2012,477046.69
580,Bryan,Ebbins,25,bebbinsg3@icio.us,Mexico,67803,green,11/1/2017,315628.59
581,Bertie,Aspling,49,basplingg4@ifeng.com,France,41029 CEDEX,green,6/27/2012,435187.21
582,Pearline,Hirschmann,34,phirschmanng5@pen.io,France,35409 CEDEX,red,12/17/2017,351401.15
583,Natalina,Eckert,24,neckertg6@etsy.com,France,59663 CEDEX,blue,2/17/2017,516324.53
584,Fran,Antos,57,fantosg7@dot.gov,France,92404 CEDEX,blue,1/26/2016,886171.97
585,Stearn,Martynka,29,smartynkag8@arizona.edu,United Kingdom,NN4,green,3/18/2012,666603.28
586,Gardiner,Pattullo,52,gpattullog9@bloglovin.com,France,94209 CEDEX,red,11/28/2015,560846.33
587,Roxie,Messager,65,rmessagerga@opera.com,Mexico,58910,blue,7/22/2021,365258.33
588,Armand,Cicchelli,61,acicchelligb@fema.gov,Mexico,40977,blue,4/21/2021,716354.62
589,Ludwig,O'Connel,37,loconnelgc@diigo.com,France,75712 CEDEX 15,green,11/27/2019,687343.14
590,Aubine,McCahey,28,amccaheygd@newsvine.com,France,75139 CEDEX 03,blue,4/10/2015,900319.94
591,Holt,Bevan,63,hbevange@uol.com.br,Canada,L2A,blue,3/4/2010,846221.23
592,Meredithe,Melior,49,mmeliorgf@twitter.com,Mexico,47450,green,6/6/2017,665079.43
593,Tannie,Josipovic,21,tjosipovicgg@businessweek.com,Mexico,91275,red,7/26/2021,699531.88
594,Fredericka,Lindemann,55,flindemanngh@newyorker.com,Mexico,38800,red,1/16/2014,991104.33
595,Tamiko,Attac,19,tattacgi@unicef.org,United States,44321,red,8/3/2011,63289.0
596,Gale,McKevitt,37,gmckevittgj@go.com,United States,95405,green,6/9/2022,774080.48
597,Osmond,Shephard,22,oshephardgk@netscape.com,France,76029 CEDEX,blue,2/13/2010,288037.17
598,Ermentrude,Bruton,61,ebrutongl@devhub.com,United States,15286,blue,9/3/2018,953248.16
599,Mal,Nuzzi,44,mnuzzigm@photobucket.com,Canada,V6Y,red,9/14/2012,16665.07
600,Kendall,Fidock,46,kfidockgn@topsy.com,Canada,G9A,red,4/7/2017,786368.73
601,Skipp,Nunnery,37,snunnerygo@baidu.com,United States,33731,red,10/21/2021,706436.23
602,Staci,Finker,38,sfinkergp@networkadvertising.org,United States,68144,blue,3/5/2019,491926.76
603,Lyn,Elmhirst,29,lelmhirstgq@phpbb.com,United States,91499,red,7/12/2019,613457.47
604,Lizzy,Selwood,62,lselwoodgr@yahoo.com,France,35914 CEDEX 9,red,8/14/2022,147320.97
605,Bran,Alison,29,balisongs@free.fr,France,76040 CEDEX,red,4/30/2017,636721.69
606,Elisabetta,Rosa,48,erosagt@amazon.co.uk,Canada,T4B,red,10/1/2015,217234.82
607,Lavinia,Crus,54,lcrusgu@squidoo.com,France,91199 CEDEX,red,1/3/2021,454697.91
608,Cristen,Rosenfelder,32,crosenfeldergv@apple.com,United States,75044,blue,12/15/2011,997495.23
609,Otha,Elsey,51,oelseygw@slate.com,France,59463 CEDEX,blue,4/22/2012,559859.4
610,Che,Michelle,26,cmichellegx@ca.gov,France,72035 CEDEX 1,blue,4/13/2021,894044.19
611,Marlow,Scrane,46,mscranegy@typepad.com,United States,79999,green,8/21/2021,698699.12
612,Ardath,Eveling,27,aevelinggz@craigslist.org,Mexico,79783,red,2/10/2021,483304.62
613,Clarissa,Penna,34,cpennah0@deviantart.com,United States,18706,green,3/30/2022,285166.35
614,Adolphe,Prantl,41,aprantlh1@ow.ly,United States,75049,red,4/25/2016,573026.03
615,Yule,Ion,34,yionh2@example.com,France,69639 CEDEX,red,11/28/2018,840855.97
616,Tome,Ilchuk,19,tilchukh3@alibaba.com,United States,55480,green,11/7/2020,661859.89
617,Jessey,Miebes,28,jmiebesh4@fda.gov,France,82004 CEDEX,green,12/2/2015,526472.99
618,Caressa,Dumbar,64,cdumbarh5@discuz.net,United States,11054,red,10/28/2022,202554.62
619,Stu,Harroll,35,sharrollh6@comcast.net,France,62036 CEDEX,red,2/2/2013,399522.38
620,Candie,Rickson,18,cricksonh7@elegantthemes.com,France,67504 CEDEX,green,7/30/2014,928908.39
621,Vi,Willden,57,vwilldenh8@ucla.edu,Mexico,63136,green,5/11/2019,576581.17
622,Thane,Antoniottii,50,tantoniottiih9@spiegel.de,France,83613 CEDEX,blue,6/11/2022,682173.41
623,Michell,Ranshaw,44,mranshawha@kickstarter.com,Canada,K1Y,green,10/12/2011,617042.5
624,Meagan,Menichino,61,mmenichinohb@myspace.com,France,59208 CEDEX,red,7/24/2020,31903.75
625,Carmon,Sheed,65,csheedhc@hibu.com,Canada,V2A,blue,5/25/2019,601249.57
626,Allene,Manjot,43,amanjothd@zdnet.com,France,44101 CEDEX 4,green,7/24/2013,556288.77
627,Alaine,Fosdyke,65,afosdykehe@yahoo.co.jp,United States,19810,green,3/7/2020,698951.61
628,Lazare,Skayman,27,lskaymanhf@de.vu,United States,70149,red,10/13/2021,583566.57
629,Kennedy,Balmer,29,kbalmerhg@imageshack.us,United States,77065,blue,2/17/2013,51489.62
630,Audie,Espley,64,aespleyhh@uiuc.edu,Canada,V6M,blue,2/25/2022,423982.03
631,Ursala,Gent,62,ugenthi@printfriendly.com,United States,76178,green,6/20/2014,922979.24
632,Cleopatra,Collinwood,59,ccollinwoodhj@answers.com,France,59007 CEDEX,red,5/9/2019,646021.9
633,Dwight,Garvill,61,dgarvillhk@chicagotribune.com,France,80146 CEDEX,blue,12/18/2015,430560.26
634,Wilie,Batter,27,wbatterhl@amazon.com,France,28034 CEDEX,blue,1/12/2013,929353.45
635,Claudina,Theodore,28,ctheodorehm@cam.ac.uk,United States,23237,blue,4/16/2017,647410.77
636,Neila,Roiz,20,nroizhn@nifty.com,Mexico,93995,blue,10/16/2015,349595.26
637,Selestina,Flageul,44,sflageulho@google.fr,United States,10469,red,1/27/2011,114115.27
638,Fredelia,Ahlf,44,fahlfhp@google.it,United States,10045,red,7/30/2018,771230.59
639,Merridie,Bontoft,45,mbontofthq@soup.io,United Kingdom,WC2H,blue,6/25/2012,575551.69
640,Francine,Alelsandrowicz,23,falelsandrowiczhr@miibeian.gov.cn,United States,95138,green,8/22/2018,405523.95
641,Clay,Bartolacci,39,cbartolaccihs@guardian.co.uk,Canada,T5G,blue,7/28/2010,443758.15
642,Matelda,Dreelan,21,mdreelanht@lycos.com,France,67137 CEDEX,red,11/14/2020,473574.42
643,Raoul,Fawbert,46,rfawberthu@ibm.com,United States,23663,green,2/13/2013,993518.35
644,Mata,Keogh,19,mkeoghhv@nyu.edu,Canada,G3M,red,10/4/2017,359611.92
645,Demetria,Burdekin,19,dburdekinhw@posterous.com,Germany,41199,blue,5/6/2013,220480.74
646,Tally,Domenget,61,tdomengethx@usda.gov,Mexico,47670,blue,7/21/2016,21101.03
647,Margret,Neave,35,mneavehy@cafepress.com,United States,94291,blue,4/2/2010,223165.4
648,Charley,Stallard,52,cstallardhz@barnesandnoble.com,United States,50369,blue,2/18/2013,550453.94
649,Loren,Evitt,37,levitti0@imageshack.us,United States,63131,red,2/21/2022,648589.31
650,Andy,Cradey,59,acradeyi1@drupal.org,France,44004 CEDEX 1,blue,3/6/2013,355143.54
651,Fredrick,MacCrackan,47,fmaccrackani2@1und1.de,United States,80945,green,2/6/2014,488253.73
652,Padget,Huccaby,27,phuccabyi3@so-net.ne.jp,Mexico,45306,red,5/18/2010,272213.02
653,Rebeka,Poulden,26,rpouldeni4@walmart.com,United States,72215,green,12/5/2017,319114.08
654,Willa,Apps,27,wappsi5@imageshack.us,France,25057 CEDEX,green,12/16/2010,273204.18
655,Bren,Gutierrez,25,bgutierrezi6@ebay.co.uk,France,79204 CEDEX,red,6/26/2011,674369.16
656,Florenza,Moorman,44,fmoormani7@google.de,Mexico,93470,red,7/20/2011,457497.29
657,Jeannie,Boland,37,jbolandi8@chicagotribune.com,United States,37220,green,4/23/2012,800625.9
658,Reggie,Laurant,56,rlauranti9@edublogs.org,United States,68505,green,1/3/2014,982203.09
659,Karel,Vasilyev,27,kvasilyevia@abc.net.au,Canada,T1K,red,5/23/2020,292877.39
660,Somerset,Duesberry,65,sduesberryib@webnode.com,United States,85010,blue,7/13/2021,589332.94
661,Alix,Dows,33,adowsic@businessinsider.com,France,59640,green,10/9/2012,70307.06
662,Jacklyn,Glancy,22,jglancyid@nsw.gov.au,France,69902 CEDEX 20,red,3/21/2014,618579.6
663,Dawna,Vigors,39,dvigorsie@aol.com,France,59640,green,8/27/2013,209362.18
664,Inger,Crankhorn,43,icrankhornif@printfriendly.com,France,67080 CEDEX,blue,11/7/2012,911789.2
665,Georgianne,Cunio,61,gcunioig@merriam-webster.com,United States,63121,red,4/17/2019,976999.8
666,Delphine,Biles,43,dbilesih@ezinearticles.com,United States,72118,blue,9/15/2010,546257.8
667,Lynn,Bushen,38,lbushenii@tuttocitta.it,France,13841 CEDEX,green,3/8/2022,249345.33
668,Thatcher,Elphey,50,telpheyij@canalblog.com,France,75151 CEDEX 03,red,7/17/2021,931269.08
669,Scotti,MacCawley,47,smaccawleyik@bloglines.com,Mexico,29913,red,8/29/2016,908874.65
670,Dorthea,Privett,27,dprivettil@hibu.com,Canada,N8M,red,4/13/2022,644960.68
671,Frederica,Adacot,57,fadacotim@squidoo.com,Canada,K6K,blue,1/19/2022,513919.16
672,Sly,Quarless,41,squarlessin@unicef.org,France,76804 CEDEX,red,5/27/2021,979679.15
673,Tasha,Kleynermans,60,tkleynermansio@altervista.org,United States,94154,blue,10/27/2018,761465.84
674,Linnea,Whitmell,22,lwhitmellip@techcrunch.com,France,13245 CEDEX 04,blue,3/29/2017,532353.48
675,Laurent,Fayne,30,lfayneiq@google.com.br,United States,63136,red,5/17/2018,888703.93
676,Sianna,Rankine,27,srankineir@nih.gov,Canada,L2T,blue,12/29/2012,591633.47
677,Tyrus,Schouthede,28,tschouthedeis@lycos.com,Germany,04109,green,12/29/2015,574685.93
678,Miles,Broggini,56,mbrogginiit@wix.com,Canada,J3V,green,3/31/2022,522071.18
679,Ammamaria,Innocent,22,ainnocentiu@home.pl,France,67961 CEDEX 9,red,6/8/2016,802039.36
680,Desdemona,Stocken,64,dstockeniv@barnesandnoble.com,France,61104 CEDEX,blue,8/5/2020,77995.78
681,Ciro,O'Halleghane,61,cohalleghaneiw@netvibes.com,United States,87105,green,11/25/2010,835433.88
682,Marcelle,Battaille,40,mbattailleix@rambler.ru,France,83514 CEDEX,blue,12/22/2019,924259.54
683,Augusta,Dales,32,adalesiy@nps.gov,United States,49444,green,12/30/2010,829997.9
684,Rossy,Radbourn,50,rradbourniz@simplemachines.org,United States,33884,red,1/7/2015,548794.09
685,Brande,Beavington,52,bbeavingtonj0@soup.io,France,20292 CEDEX,blue,10/23/2022,820148.44
686,Valerye,Pering,65,vperingj1@smugmug.com,France,85164 CEDEX,red,8/7/2018,427275.09
687,Evey,Elener,34,eelenerj2@istockphoto.com,United States,34745,red,2/3/2015,966655.28
688,Kippie,Stuckey,45,kstuckeyj3@fc2.com,France,94852 CEDEX,red,10/21/2014,353699.32
689,Anya,Pennetti,28,apennettij4@mapy.cz,France,79204 CEDEX,green,9/7/2014,423548.81
690,Darb,Doiley,40,ddoileyj5@google.it,Mexico,51690,blue,5/30/2014,693802.65
691,Gizela,Liversidge,63,gliversidgej6@psu.edu,France,31044 CEDEX 9,blue,11/4/2022,578655.31
692,Nani,Green,46,ngreenj7@discuz.net,United States,66611,blue,11/30/2022,153095.74
693,Arabela,Rizzi,45,arizzij8@google.ca,United States,53405,red,12/8/2010,564458.18
694,Gabriello,Jacobsz,54,gjacobszj9@mtv.com,Canada,L8N,blue,2/4/2015,450307.4
695,Piggy,Staig,57,pstaigja@omniture.com,United States,67210,green,1/5/2011,397700.84
696,Jemima,Blenkiron,44,jblenkironjb@china.com.cn,France,84042 CEDEX 9,green,8/18/2015,654004.37
697,Silvio,Wolpert,55,swolpertjc@icio.us,United States,89115,blue,10/18/2013,844768.79
698,Shepperd,Carter,22,scarterjd@dedecms.com,United States,44505,green,9/19/2016,492097.17
699,Timotheus,MacPhaden,45,tmacphadenje@w3.org,Mexico,56700,red,11/3/2018,564855.37
700,Dael,Cornelis,49,dcornelisjf@shutterfly.com,United States,19714,blue,10/12/2014,738780.49
701,Allis,Wooff,29,awooffjg@surveymonkey.com,France,91077 CEDEX,blue,3/23/2022,98154.46
702,Truda,Wadwell,32,twadwelljh@go.com,Mexico,14260,red,8/4/2021,173652.04
703,Marilee,Tod,50,mtodji@spiegel.de,Mexico,36951,red,10/3/2018,598303.33
704,Charley,Tidy,42,ctidyjj@storify.com,Canada,G6B,blue,3/10/2016,800231.77
705,Vinny,Fasse,49,vfassejk@ehow.com,United States,85067,blue,10/17/2018,364862.74
706,Genia,Dommerque,64,gdommerquejl@gravatar.com,Canada,T5Y,red,7/20/2010,809704.05
707,Codee,Stockall,59,cstockalljm@vinaora.com,France,62259 CEDEX,green,3/7/2013,960860.83
708,Schuyler,Allain,22,sallainjn@phpbb.com,France,93737 CEDEX 9,red,1/30/2013,45471.82
709,Wilbur,Goldup,44,wgoldupjo@meetup.com,France,74009 CEDEX,red,7/9/2021,84733.18
710,Kipp,Foan,52,kfoanjp@wordpress.com,United States,70116,red,5/23/2019,225920.24
711,Janet,Weare,61,jwearejq@cmu.edu,United States,65105,green,6/10/2017,217944.99
712,Nadiya,Eblein,18,nebleinjr@yahoo.co.jp,United States,10150,blue,11/13/2014,157193.96
713,Arleen,Peddowe,19,apeddowejs@addtoany.com,United States,70593,red,1/5/2019,341023.89
714,Theresa,Matchitt,36,tmatchittjt@slate.com,Mexico,91716,red,1/8/2019,376998.39
715,Stan,Adiscot,59,sadiscotju@example.com,United States,84170,red,2/6/2019,644570.44
716,Gusty,Gherardini,39,ggherardinijv@sbwire.com,France,69469 CEDEX 06,red,8/20/2012,887475.11
717,Em,Cristobal,21,ecristobaljw@goo.gl,Mexico,96818,red,4/23/2018,375126.88
718,Knox,Risman,19,krismanjx@yahoo.co.jp,United States,78278,blue,9/30/2017,730229.09
719,Kass,Mamwell,27,kmamwelljy@shop-pro.jp,Mexico,48966,red,11/6/2021,266645.48
720,Vince,Krzyzowski,44,vkrzyzowskijz@sina.com.cn,France,68264 CEDEX,red,1/9/2022,96053.92
721,Lettie,Coggings,57,lcoggingsk0@hubpages.com,United States,99599,red,4/20/2012,244599.19
722,Candie,Sevier,30,csevierk1@aboutads.info,United States,37215,green,11/29/2022,566484.58
723,Joachim,McGaugey,43,jmcgaugeyk2@ow.ly,Germany,22041,blue,3/23/2012,676930.33
724,Etti,O' Kelleher,29,eokelleherk3@mediafire.com,United States,90071,blue,4/15/2020,839633.17
725,Una,Danels,28,udanelsk4@umich.edu,Mexico,30479,green,7/13/2012,98603.97
726,Roderic,Ovitz,29,rovitzk5@wikipedia.org,France,93144 CEDEX,blue,12/12/2019,321438.54
727,Dallas,Rabier,25,drabierk6@wordpress.com,France,24053 CEDEX,red,10/20/2019,311823.82
728,Morlee,Benjefield,65,mbenjefieldk7@jigsy.com,France,84304 CEDEX,red,3/31/2011,652827.12
729,Hilary,Stitt,32,hstittk8@sbwire.com,United States,77070,green,5/5/2015,125628.82
730,Dottie,Vigus,18,dvigusk9@ox.ac.uk,United States,98682,red,9/19/2010,455167.31
731,Quentin,Tripett,50,qtripettka@adobe.com,France,33709 CEDEX,red,3/18/2017,145171.33
732,Janeen,Durbin,37,jdurbinkb@discuz.net,United States,93704,blue,1/10/2015,810971.87
733,Nappie,Stoffer,59,nstofferkc@auda.org.au,Canada,J9P,green,8/16/2022,176323.53
734,Von,Velte,52,vveltekd@i2i.jp,France,62193 CEDEX,blue,1/28/2017,228669.75
735,Lanita,Boyack,32,lboyackke@liveinternet.ru,United States,37131,green,11/16/2011,393985.0
736,Peta,Robart,46,probartkf@senate.gov,Mexico,48040,green,9/24/2021,520750.56
737,Herbert,Arrighi,54,harrighikg@nydailynews.com,Canada,N6C,blue,9/5/2016,420088.97
738,Urban,Hunnywell,47,uhunnywellkh@google.ru,France,60022 CEDEX,red,9/25/2014,137993.76
739,Wells,Deverell,63,wdeverellki@cdc.gov,France,76821 CEDEX,blue,2/5/2012,60667.65
740,Ches,Burchett,18,cburchettkj@gizmodo.com,United States,79105,green,3/3/2016,999028.68
741,Chrissy,Doale,56,cdoalekk@sakura.ne.jp,United States,31605,blue,1/5/2018,14480.17
742,Helen-elizabeth,Crecy,65,hcrecykl@wix.com,France,78014 CEDEX,red,12/5/2012,169033.2
743,Grange,Filchagin,41,gfilchaginkm@deviantart.com,France,50309 CEDEX,red,4/28/2016,737487.03
744,Libbi,Gowdy,28,lgowdykn@pagesperso-orange.fr,France,95154 CEDEX,green,4/30/2016,956950.52
745,Udall,Atger,29,uatgerko@ezinearticles.com,United States,80249,red,3/15/2021,55801.25
746,Templeton,Vesty,28,tvestykp@ox.ac.uk,Canada,V1K,green,10/23/2021,242377.17
747,Barret,Challender,58,bchallenderkq@wisc.edu,France,77193 CEDEX,green,12/9/2012,526163.03
748,Gaile,Frudd,46,gfruddkr@jugem.jp,United States,89714,blue,3/4/2010,989705.21
749,Rutledge,McLucas,32,rmclucasks@loc.gov,Germany,60435,green,4/6/2010,554655.71
750,Meghann,Ruperti,51,mrupertikt@comcast.net,United States,32825,green,1/28/2011,429618.21
751,Batsheva,Arrell,64,barrellku@eventbrite.com,United States,75323,green,4/24/2019,457739.75
752,Kerstin,Gwyther,31,kgwytherkv@google.it,France,63964 CEDEX 9,red,5/22/2012,296543.07
753,Katine,Purshouse,29,kpurshousekw@ed.gov,Mexico,25290,green,6/8/2012,603550.96
754,Evyn,Ackroyd,27,eackroydkx@yellowbook.com,Mexico,49274,blue,8/1/2012,592892.6
755,Amerigo,Ramelot,19,aramelotky@hp.com,Mexico,61150,green,2/9/2011,908213.6
756,Tory,Goseling,64,tgoselingkz@yellowbook.com,Mexico,93995,green,10/18/2017,532226.98
757,Pall,McKerron,19,pmckerronl0@chronoengine.com,France,26907 CEDEX 9,red,9/18/2015,16551.97
758,Melamie,Kohrt,25,mkohrtl1@amazonaws.com,Mexico,93828,red,4/19/2017,943752.63
759,Morton,Lynes,54,mlynesl2@tripod.com,France,33010 CEDEX,red,5/4/2015,878950.57
760,Charmine,Shawyers,30,cshawyersl3@opera.com,France,07209 CEDEX,red,5/8/2019,305224.3
761,Freda,MacGall,47,fmacgalll4@biblegateway.com,Mexico,95643,green,1/20/2015,79452.75
762,Florinda,Clemendet,21,fclemendetl5@bigcartel.com,United States,32230,blue,4/26/2018,433422.28
763,Devinne,Cardo,45,dcardol6@mapy.cz,France,69604 CEDEX,blue,3/7/2015,129870.67
764,Annecorinne,Goroni,18,agoronil7@eepurl.com,Mexico,47670,green,11/6/2014,535801.27
765,Mattias,Clemenza,51,mclemenzal8@typepad.com,France,44911 CEDEX 9,red,2/20/2019,455944.45
766,Thorn,Seeney,50,tseeneyl9@github.com,United States,74184,red,8/23/2019,794554.68
767,Leann,Bulman,22,lbulmanla@histats.com,Canada,J6W,red,9/9/2016,625862.07
768,Gabie,Almeida,62,galmeidalb@nyu.edu,France,81506 CEDEX,blue,10/26/2021,169627.7
769,Cordell,Legging,56,clegginglc@skype.com,France,93187 CEDEX,green,3/18/2012,442096.41
770,Jerald,Baiss,64,jbaissld@webeden.co.uk,Canada,V1L,green,5/12/2014,159749.0
771,Zachariah,Balsdon,30,zbalsdonle@amazon.co.uk,France,13382 CEDEX 13,red,2/17/2019,482161.12
772,Martino,Hughs,52,mhughslf@army.mil,United States,33615,red,3/18/2020,503243.79
773,Corny,Beazer,19,cbeazerlg@tinyurl.com,France,84964 CEDEX,blue,2/28/2012,714247.73
774,Molli,Pannett,62,mpannettlh@weebly.com,France,27109 CEDEX,green,8/1/2018,76017.58
775,Ola,Kettle,60,okettleli@japanpost.jp,United States,10045,blue,12/19/2013,509951.07
776,Julie,Crathern,30,jcrathernlj@bandcamp.com,Canada,V7Y,red,2/20/2012,252501.37
777,Deloris,Payfoot,31,dpayfootlk@businessweek.com,Canada,V9L,red,12/17/2018,215957.73
778,Bobbye,Shevell,49,bshevellll@engadget.com,France,58404 CEDEX,blue,8/7/2014,459734.42
779,Rudolfo,Sisnett,25,rsisnettlm@usatoday.com,France,33010 CEDEX,green,3/13/2021,911298.17
780,Miranda,Ickovicz,29,mickoviczln@amazon.co.uk,France,91309 CEDEX,green,5/29/2020,55725.67
781,Trey,Timlett,38,ttimlettlo@xinhuanet.com,France,78020 CEDEX,green,12/6/2021,330123.43
782,Serge,Flitcroft,29,sflitcroftlp@chronoengine.com,France,78294 CEDEX,red,4/18/2012,647667.79
783,Chilton,Brodie,44,cbrodielq@wikipedia.org,United States,33129,red,12/5/2021,400746.5
784,Dilly,Dargie,35,ddargielr@dropbox.com,United States,10160,blue,9/3/2011,207523.65
785,Chandra,Robyns,38,crobynsls@rediff.com,United States,98158,red,10/13/2022,761222.6
786,Nicol,Rouby,50,nroubylt@noaa.gov,Canada,J8H,red,8/15/2010,33367.23
787,Niki,Welford,21,nwelfordlu@dyndns.org,United States,70593,blue,11/26/2015,809098.62
788,Lexy,Farryn,24,lfarrynlv@etsy.com,Canada,G6L,red,1/6/2010,98130.7
789,Hobey,Ing,25,hinglw@w3.org,United States,25775,green,8/28/2013,822613.12
790,Earvin,Hartland,37,ehartlandlx@businessweek.com,France,60309 CEDEX,red,12/6/2011,819726.72
791,Giacomo,Diano,32,gdianoly@zdnet.com,France,92959 CEDEX,red,4/28/2019,807342.15
792,Asia,Ochterlony,27,aochterlonylz@sitemeter.com,Canada,J9E,red,6/20/2013,13292.39
793,Mark,Colvill,49,mcolvillm0@seattletimes.com,United States,85732,blue,4/27/2018,73197.76
794,Welch,Mulgrew,30,wmulgrewm1@tmall.com,France,17189 CEDEX,red,4/8/2021,757643.98
795,Melisa,Greeson,48,mgreesonm2@lycos.com,France,88504 CEDEX,red,5/14/2019,634611.4
796,Alessandra,Southby,51,asouthbym3@privacy.gov.au,France,75464 CEDEX 10,blue,6/13/2016,713443.71
797,Linnet,Courtin,21,lcourtinm4@oaic.gov.au,Mexico,91539,green,10/4/2018,915821.79
798,Piper,Rochelle,53,prochellem5@joomla.org,United States,16534,red,2/2/2015,378441.99
799,Marcile,Batteson,38,mbattesonm6@blogs.com,Mexico,47450,blue,9/20/2022,589480.74
800,Wood,Upward,55,wupwardm7@unicef.org,United Kingdom,GU32,red,4/30/2021,303010.29
801,Kane,Marshall,40,kmarshallm8@pcworld.com,France,01069 CEDEX 9,green,1/28/2017,226545.27
802,Humfried,Cluer,61,hcluerm9@gravatar.com,United States,85271,red,5/1/2021,65374.54
803,Garrott,Ewbanke,55,gewbankema@newsvine.com,Canada,N2L,red,9/1/2020,581495.88
804,Tessie,Gallagher,33,tgallaghermb@buzzfeed.com,Canada,E1C,red,6/25/2014,177028.05
805,Rinaldo,Terrans,22,rterransmc@ftc.gov,Mexico,40687,blue,10/25/2016,465295.35
806,Etta,Westfalen,59,ewestfalenmd@4shared.com,France,95194 CEDEX,green,1/16/2016,811919.12
807,Dasha,Halahan,59,dhalahanme@rambler.ru,Canada,A0A,red,6/1/2012,681867.12
808,Paige,Caygill,62,pcaygillmf@intel.com,France,69303 CEDEX 07,blue,10/29/2015,402668.47
809,Tootsie,Arenson,36,tarensonmg@ifeng.com,France,39409 CEDEX,red,4/14/2015,339779.62
810,Starla,MacTrustey,51,smactrusteymh@delicious.com,France,69206 CEDEX 01,blue,6/4/2020,222577.05
811,Neala,Caldairou,56,ncaldairoumi@deliciousdays.com,France,72015 CEDEX 2,blue,2/9/2011,248916.68
812,Dee,Kolakowski,60,dkolakowskimj@omniture.com,France,21072 CEDEX,green,4/6/2021,961051.16
813,Joan,Mival,51,jmivalmk@nydailynews.com,Canada,L2P,red,9/1/2019,412313.14
814,Lita,Clemenzo,33,lclemenzoml@loc.gov,United States,20167,red,10/6/2022,513572.72
815,Candida,Sorsby,57,csorsbymm@marketwatch.com,United States,77705,blue,4/9/2018,751381.02
816,Agretha,Trenchard,51,atrenchardmn@netscape.com,Canada,N5C,blue,2/18/2012,348834.26
817,Annalise,Klimashevich,40,aklimashevichmo@mozilla.org,France,67029 CEDEX 1,red,12/17/2019,278227.01
818,Sauveur,Kubik,29,skubikmp@china.com.cn,France,45922 CEDEX 9,blue,2/18/2013,953563.26
819,Roseann,Swancott,42,rswancottmq@state.gov,United States,37939,red,2/20/2016,49722.69
820,Ralph,Sherburn,44,rsherburnmr@mlb.com,United States,90831,green,8/22/2014,332271.9
821,Janeen,Thrift,30,jthriftms@devhub.com,Mexico,56199,red,5/27/2020,813704.91
822,Carmine,Heinle,53,cheinlemt@i2i.jp,Germany,38126,blue,4/5/2020,382506.21
823,Merola,Mawditt,38,mmawdittmu@tripod.com,United States,92668,green,7/19/2016,916590.68
824,Alecia,Archbald,59,aarchbaldmv@addthis.com,France,44004 CEDEX 1,red,6/22/2021,324548.15
825,Durant,Quilkin,57,dquilkinmw@ebay.co.uk,United Kingdom,OX7,red,2/25/2021,186304.25
826,Tammie,Tysall,44,ttysallmx@acquirethisname.com,United States,94297,blue,11/14/2012,35362.0
827,Vance,Desbrow,52,vdesbrowmy@imdb.com,United States,32314,blue,7/26/2017,409259.87
828,Caitlin,Shellsheere,25,cshellsheeremz@123-reg.co.uk,Canada,R7N,blue,10/5/2013,193223.51
829,Sibylla,Cargenven,62,scargenvenn0@linkedin.com,France,81506 CEDEX,red,4/3/2012,541655.13
830,Timoteo,Johansson,47,tjohanssonn1@ycombinator.com,Mexico,45310,blue,5/7/2015,727191.16
831,Philly,Tofful,54,ptoffuln2@cnbc.com,United States,61105,blue,7/4/2022,316642.84
832,Dottie,Ells,30,dellsn3@feedburner.com,United States,71105,blue,2/27/2015,494225.75
833,Bentlee,Bea,20,bbean4@unicef.org,France,64109 CEDEX,red,2/28/2019,319685.95
834,Myrilla,Gandey,43,mgandeyn5@ucoz.ru,United States,78759,green,7/27/2010,670367.08
835,August,Loveman,26,alovemann6@hhs.gov,Canada,J0J,blue,5/22/2017,519876.45
836,Dulciana,Clarridge,31,dclarridgen7@mashable.com,France,35605 CEDEX,blue,7/14/2018,590502.9
837,Candra,Lautie,32,clautien8@epa.gov,France,56209 CEDEX,green,6/16/2022,323881.05
838,Sallyann,McRamsey,62,smcramseyn9@marketwatch.com,Mexico,79783,blue,2/6/2019,30938.99
839,Maurits,Birkinshaw,30,mbirkinshawna@usnews.com,Canada,E1A,red,3/2/2020,968323.05
840,Cob,Best,28,cbestnb@about.com,France,38066 CEDEX 2,red,10/14/2016,661931.06
841,Aurelie,Odam,61,aodamnc@stumbleupon.com,Germany,42285,green,12/22/2013,14820.01
842,Patrizio,McGirr,52,pmcgirrnd@soup.io,France,93285 CEDEX,blue,4/15/2022,537414.7
843,Arvie,Cordner,32,acordnerne@discuz.net,Canada,M1C,blue,12/19/2019,228783.81
844,Jaquelyn,Glendinning,63,jglendinningnf@reference.com,United States,93584,red,3/3/2018,975162.96
845,Cristobal,Wrought,39,cwroughtng@joomla.org,France,56902 CEDEX 9,red,12/8/2019,954894.37
846,Ollie,Attkins,21,oattkinsnh@merriam-webster.com,France,54412 CEDEX,red,4/3/2018,59182.73
847,Betti,Duddridge,50,bduddridgeni@dagondesign.com,France,94809 CEDEX,green,4/17/2013,269156.85
848,Othilie,Domino,28,odominonj@wordpress.com,France,25215 CEDEX,blue,3/6/2012,858691.8
849,Kendal,Adamkiewicz,18,kadamkiewicznk@cloudflare.com,Mexico,75483,red,9/9/2014,964040.14
850,Darby,Stocker,42,dstockernl@unicef.org,Canada,K1G,red,11/14/2018,804675.59
851,Othello,Tinker,25,otinkernm@wikia.com,Germany,01156,green,5/26/2010,120896.81
852,Stacee,Jerzyk,47,sjerzyknn@hugedomains.com,Canada,G5H,red,11/4/2019,573264.53
853,Mackenzie,Cosgreave,20,mcosgreaveno@liveinternet.ru,France,75215 CEDEX 16,blue,4/10/2018,22092.61
854,Merilee,Cornhill,41,mcornhillnp@lycos.com,France,77602 CEDEX 3,green,3/14/2014,124695.34
855,Zebedee,Bonwell,62,zbonwellnq@linkedin.com,France,78424 CEDEX,red,10/15/2021,305638.31
856,Andee,Bock,23,abocknr@deviantart.com,France,59734 CEDEX,red,10/19/2018,536528.52
857,Vinnie,McCarrell,63,vmccarrellns@posterous.com,United States,76598,red,11/16/2015,151745.21
858,Lilia,Marsham,52,lmarshamnt@example.com,Canada,B2G,green,7/10/2012,544512.33
859,Kippie,Toffel,40,ktoffelnu@github.com,Canada,J7R,green,7/19/2012,130368.77
860,Jorgan,Gudgen,54,jgudgennv@nih.gov,United States,94273,green,9/13/2019,402061.16
861,Afton,Ferreri,24,aferrerinw@amazon.de,United States,73179,green,4/26/2018,106134.97
862,Janenna,Freegard,25,jfreegardnx@whitehouse.gov,United States,24040,green,1/26/2019,347382.61
863,Kenneth,Hunnywell,19,khunnywellny@accuweather.com,France,95021 CEDEX,red,11/27/2021,217924.82
864,Nora,Dresser,31,ndressernz@behance.net,United States,15220,green,8/24/2021,82328.65
865,Dacia,Eveleigh,57,develeigho0@diigo.com,France,13298 CEDEX 20,blue,2/6/2016,493681.27
866,Diane,Phelp,59,dphelpo1@spiegel.de,France,91914 CEDEX 9,red,10/18/2012,919896.66
867,Roselia,Beckett,18,rbecketto2@europa.eu,Canada,T7Z,green,1/28/2016,323621.63
868,Kala,Canwell,26,kcanwello3@independent.co.uk,France,34934 CEDEX 9,red,7/26/2019,75301.8
869,Burl,Worley,45,bworleyo4@amazon.co.jp,France,16999 CEDEX 9,green,2/15/2012,573236.56
870,Ingaberg,Joncic,23,ijoncico5@moonfruit.com,United States,15274,blue,7/5/2016,160844.4
871,Bunny,Girardez,45,bgirardezo6@ebay.co.uk,United States,32868,blue,2/7/2011,768261.62
872,Joly,Cheatle,28,jcheatleo7@creativecommons.org,France,59865 CEDEX 9,green,10/4/2016,959155.69
873,Adele,Durnill,44,adurnillo8@psu.edu,United States,60663,blue,6/8/2014,13102.86
874,Pammy,Sutherns,60,psuthernso9@yellowpages.com,France,76029 CEDEX,red,8/23/2021,357170.44
875,Bard,Haskew,31,bhaskewoa@eventbrite.com,United States,20067,blue,3/19/2018,854876.35
876,Gabrielle,Eddisforth,19,geddisforthob@dmoz.org,France,62055 CEDEX,green,9/17/2010,292728.61
877,Anastasie,Tomaszewski,42,atomaszewskioc@cbslocal.com,Mexico,60340,blue,2/7/2021,385882.07
878,Stoddard,Bodd,58,sboddod@washingtonpost.com,United States,63169,green,9/10/2012,966809.32
879,Lanni,Eiler,33,leileroe@posterous.com,Canada,N3Y,green,10/31/2013,775055.88
880,Concettina,Camoys,22,ccamoysof@mapquest.com,United States,88519,red,10/1/2012,714252.52
881,Menard,Dunphie,54,mdunphieog@virginia.edu,Mexico,39965,red,3/12/2010,61785.64
882,Gae,Yancey,38,gyanceyoh@yellowbook.com,United States,40596,blue,7/17/2011,857564.34
883,Sasha,Corter,38,scorteroi@dailymotion.com,Mexico,72089,blue,7/22/2015,199792.89
884,Dani,Antonucci,41,dantonuccioj@rambler.ru,France,92061 CEDEX,green,5/21/2014,435932.98
885,Curr,Cino,21,ccinook@mediafire.com,France,13841 CEDEX,blue,8/6/2016,841859.62
886,Joyous,Fossord,36,jfossordol@networksolutions.com,Canada,G6W,red,3/14/2012,922725.32
887,Franky,Svanetti,41,fsvanettiom@eventbrite.com,Mexico,87024,green,11/3/2015,690246.07
888,Allie,Radage,20,aradageon@g.co,France,51361 CEDEX,blue,7/13/2010,772122.96
889,Aridatha,Chrichton,34,achrichtonoo@techcrunch.com,France,92154 CEDEX,green,6/30/2010,688138.71
890,Anissa,Pendell,41,apendellop@tamu.edu,Canada,L4P,green,5/2/2022,268970.29
891,Velma,Beamiss,33,vbeamissoq@marriott.com,United States,28210,green,2/6/2010,942231.31
892,Trstram,Normant,53,tnormantor@woothemes.com,Canada,J7Z,green,2/18/2015,474346.34
893,Ilysa,Ingreda,42,iingredaos@nba.com,Mexico,14449,green,5/9/2019,180324.22
894,Joelie,Speeks,39,jspeeksot@google.fr,France,78020 CEDEX,blue,10/22/2018,742118.49
895,Greta,Szanto,19,gszantoou@ftc.gov,Mexico,54932,green,12/14/2012,199800.59
896,Benedikta,Wraight,23,bwraightov@surveymonkey.com,France,77004 CEDEX,green,6/23/2014,34925.98
897,Guillema,Melsom,18,gmelsomow@flickr.com,France,77544 CEDEX,blue,9/15/2019,909460.45
898,Billye,Huffey,31,bhuffeyox@cdc.gov,Mexico,87140,green,11/1/2022,661970.0
899,Donnamarie,Keri,20,dkerioy@ftc.gov,France,75345 CEDEX 07,green,12/20/2013,800426.94
900,Albie,O'Reilly,33,aoreillyoz@behance.net,Canada,J8Y,red,9/20/2014,212328.25
901,Rene,Dober,59,rdoberp0@disqus.com,France,24758 CEDEX,green,3/15/2021,784174.31
902,Angel,Rosenfelder,43,arosenfelderp1@blogtalkradio.com,Germany,20359,blue,3/12/2011,238045.4
903,Keven,Luck,38,kluckp2@blogspot.com,Germany,38126,blue,3/27/2021,995999.97
904,Andonis,Mattusov,58,amattusovp3@indiegogo.com,France,68264 CEDEX,green,5/21/2011,389037.03
905,Ninnetta,Balcers,31,nbalcersp4@wiley.com,United States,36205,green,11/4/2010,373498.06
906,Edward,Woolliams,33,ewoolliamsp5@meetup.com,Canada,V1Z,blue,2/13/2012,465686.9
907,Nickolaus,Chitson,62,nchitsonp6@github.io,France,69939 CEDEX 20,green,8/18/2020,932059.94
908,Robin,Jeffrey,27,rjeffreyp7@mediafire.com,United States,83727,red,11/8/2010,767991.1
909,Sibilla,Gabbat,63,sgabbatp8@japanpost.jp,United States,64190,green,1/4/2012,470706.8
910,Biron,Seavers,26,bseaversp9@youtube.com,France,26953 CEDEX 9,green,2/6/2012,403741.36
911,Viv,Boyd,41,vboydpa@fda.gov,United States,88519,blue,2/6/2010,441629.49
912,Allina,Brownlow,40,abrownlowpb@diigo.com,France,69649 CEDEX,blue,11/14/2022,275360.19
913,Cedric,Bransden,50,cbransdenpc@jiathis.com,France,36104 CEDEX,blue,7/1/2012,831722.99
914,Sacha,Kieff,18,skieffpd@behance.net,France,13348 CEDEX 20,green,12/28/2017,830718.44
915,Gris,Ramsell,29,gramsellpe@constantcontact.com,France,91199 CEDEX,blue,12/18/2016,145847.97
916,Mela,Seavers,39,mseaverspf@prlog.org,United States,77386,green,7/10/2018,779078.0
917,Eirena,Rubes,23,erubespg@wikispaces.com,United States,76121,blue,3/3/2018,90162.4
918,Jeanine,Salerg,41,jsalergph@economist.com,France,26009 CEDEX,blue,7/3/2012,72102.43
919,Federico,Fakes,38,ffakespi@google.fr,United States,60505,red,6/29/2018,620510.48
920,Sarene,Basset,57,sbassetpj@eventbrite.com,United States,40293,green,12/24/2019,403868.4
921,Becka,Reeday,36,breedaypk@eventbrite.com,United States,14205,red,7/3/2020,855080.64
922,Teriann,Paullin,59,tpaullinpl@unicef.org,United States,55417,blue,12/31/2021,10191.43
923,Ernestus,McFee,50,emcfeepm@economist.com,Germany,13509,green,12/22/2010,27814.4
924,Lockwood,Burroughes,41,lburroughespn@ezinearticles.com,United States,73179,green,2/19/2019,486065.16
925,Bobina,Sand,20,bsandpo@ow.ly,France,75808 CEDEX 17,red,1/3/2013,272125.29
926,Michael,Pighills,18,mpighillspp@cam.ac.uk,France,42505 CEDEX,red,2/21/2015,104914.0
927,Stesha,Malcolmson,46,smalcolmsonpq@mozilla.org,France,75522 CEDEX 11,red,2/18/2012,160449.87
928,Suzy,Brosi,60,sbrosipr@freewebs.com,France,67013 CEDEX,blue,3/6/2021,186112.14
929,Regen,Kornyakov,50,rkornyakovps@51.la,France,76821 CEDEX,blue,12/9/2017,622107.29
930,Thornie,Maylam,51,tmaylampt@icio.us,United States,06510,green,11/26/2021,512846.08
931,Francklyn,Marrill,61,fmarrillpu@surveymonkey.com,United States,83727,green,9/6/2013,743607.54
932,Kendell,Derwin,31,kderwinpv@freewebs.com,United States,21216,blue,9/29/2014,790835.03
933,Yolande,Harwell,20,yharwellpw@youtu.be,Canada,J6A,red,7/16/2014,391361.39
934,Rees,Deniseau,51,rdeniseaupx@last.fm,United States,07505,red,5/26/2017,348122.59
935,Richardo,Rapin,62,rrapinpy@dyndns.org,Mexico,30815,blue,9/15/2010,987888.35
936,Torrey,Bischof,28,tbischofpz@chicagotribune.com,United States,72209,green,1/14/2022,191093.17
937,Jenda,Askew,30,jaskewq0@google.co.jp,Canada,S0G,green,8/31/2022,866609.92
938,Marcela,Fanshaw,45,mfanshawq1@unblog.fr,France,60406 CEDEX,blue,1/6/2022,365953.31
939,Byram,De Domenico,51,bdedomenicoq2@arstechnica.com,France,50109 CEDEX,red,6/8/2014,405998.42
940,Nikkie,Tims,38,ntimsq3@hp.com,United States,76711,red,7/5/2017,439710.71
941,Brinn,Summerson,29,bsummersonq4@wiley.com,France,94852 CEDEX,blue,6/25/2015,609907.75
942,Sher,Goldstone,38,sgoldstoneq5@cisco.com,Germany,21037,red,12/7/2018,650462.65
943,Nicki,Cutts,61,ncuttsq6@nih.gov,Mexico,47849,red,6/20/2020,654954.58
944,Adela,Wands,36,awandsq7@wix.com,United States,79999,blue,10/12/2010,442416.07
945,Mercy,Oluwatoyin,24,moluwatoyinq8@flavors.me,Canada,J5K,blue,9/27/2010,659203.76
946,Bernardina,Howsan,59,bhowsanq9@washingtonpost.com,United States,92844,blue,3/12/2016,667068.18
947,Cobb,Attlee,34,cattleeqa@admin.ch,United States,84115,green,11/11/2022,253125.95
948,Tammara,Follit,47,tfollitqb@nih.gov,United States,92835,blue,12/24/2020,943655.45
949,Jonathon,Housley,55,jhousleyqc@etsy.com,United States,63136,red,1/30/2022,329549.57
950,Anatol,O'Fihily,20,aofihilyqd@cmu.edu,United States,19125,green,10/27/2020,453743.72
951,Robyn,Lenden,30,rlendenqe@domainmarket.com,France,21040 CEDEX,blue,4/21/2019,675792.07
952,Wallace,Alston,65,walstonqf@tripod.com,Mexico,81806,blue,5/4/2019,790114.91
953,Sancho,Binestead,24,sbinesteadqg@dyndns.org,Germany,80804,blue,6/29/2012,366773.92
954,Randolph,McComas,63,rmccomasqh@slideshare.net,France,21704 CEDEX,green,7/20/2017,205747.33
955,Terrie,Angus,21,tangusqi@feedburner.com,France,07304 CEDEX,red,9/1/2021,786932.72
956,Claudianus,Pithcock,19,cpithcockqj@g.co,France,86083 CEDEX 9,red,2/21/2016,954289.21
957,Noellyn,Haggerwood,46,nhaggerwoodqk@biglobe.ne.jp,United States,92662,blue,4/7/2013,306799.09
958,Marge,Gordon-Giles,56,mgordongilesql@mediafire.com,France,71332 CEDEX,red,10/13/2015,231822.05
959,Alistair,Coole,49,acooleqm@freewebs.com,France,34934 CEDEX 9,blue,11/26/2010,556014.84
960,Gustav,Kareman,54,gkaremanqn@addthis.com,France,14074 CEDEX 5,green,10/29/2021,237272.82
961,Drud,Melan,28,dmelanqo@msu.edu,France,38164 CEDEX,red,3/8/2011,640885.33
962,Marv,Vowells,19,mvowellsqp@liveinternet.ru,Mexico,51462,green,2/8/2018,418650.8
963,Melloney,Lindsey,33,mlindseyqq@pen.io,Canada,V6Y,green,10/22/2021,47521.58
964,Rog,Robbe,65,rrobbeqr@fema.gov,Canada,L8N,blue,8/9/2019,86179.65
965,Gaye,Dallaway,26,gdallawayqs@typepad.com,United States,92110,red,12/22/2011,928532.03
966,Lizabeth,Fauning,20,lfauningqt@reddit.com,France,34940 CEDEX 9,blue,4/6/2016,29066.34
967,Adrian,Monnoyer,41,amonnoyerqu@dot.gov,United Kingdom,NN11,blue,2/11/2012,699776.1
968,Sayre,De Morena,57,sdemorenaqv@epa.gov,France,75837 CEDEX 17,green,10/29/2022,302788.22
969,Erich,Werrilow,37,ewerrilowqw@usnews.com,Canada,L6G,blue,11/5/2022,354344.46
970,Erhard,Provest,43,eprovestqx@furl.net,France,69902 CEDEX 20,blue,7/4/2014,32257.7
971,Myriam,Spurway,25,mspurwayqy@quantcast.com,France,80048 CEDEX 1,red,7/18/2017,60208.97
972,Ardys,Tzarkov,46,atzarkovqz@apache.org,France,13662 CEDEX,blue,7/16/2022,915818.37
973,Langsdon,Gwinn,52,lgwinnr0@dropbox.com,France,59002 CEDEX,blue,1/7/2022,953408.72
974,Mitchell,Dunbobin,62,mdunbobinr1@china.com.cn,France,76069 CEDEX,blue,5/14/2015,971841.17
975,Geordie,Sieve,33,gsiever2@un.org,Mexico,38477,red,5/4/2017,775553.2
976,Viva,Vayne,24,vvayner3@facebook.com,United Kingdom,NG22,red,3/13/2015,130919.75
977,Kira,Grinham,35,kgrinhamr4@cloudflare.com,France,67098 CEDEX 2,red,1/6/2021,13511.0
978,Maitilde,Simanek,60,msimanekr5@gravatar.com,France,21083 CEDEX 9,red,5/8/2013,248037.84
979,Jonathon,Merkel,20,jmerkelr6@weebly.com,France,64080 CEDEX,blue,10/3/2012,55807.34
980,Amelia,Bremmell,43,abremmellr7@ovh.net,Canada,P5E,red,8/6/2012,427755.26
981,Huntlee,Brant,34,hbrantr8@sbwire.com,Mexico,37420,blue,10/10/2019,365075.49
982,Randolf,Caunce,27,rcauncer9@bbb.org,Mexico,38900,green,5/9/2013,503266.09
983,Lari,McEntee,21,lmcenteera@squarespace.com,Mexico,95600,red,6/11/2016,187305.37
984,Curtice,Knotte,43,cknotterb@ycombinator.com,France,68134 CEDEX,green,1/21/2015,15689.47
985,Henrie,Wickie,42,hwickierc@cnbc.com,Canada,G5H,red,4/18/2017,403728.15
986,Almeta,Tolfrey,45,atolfreyrd@disqus.com,Canada,J3V,green,12/25/2017,30819.3
987,Felipe,Youthed,34,fyouthedre@hexun.com,United States,10170,red,5/1/2012,458939.63
988,Filippo,Lambirth,39,flambirthrf@sina.com.cn,United States,39204,green,5/28/2014,112409.43
989,Marleah,Daykin,33,mdaykinrg@example.com,France,06721 CEDEX,red,8/29/2014,246165.91
990,Eran,McSperron,43,emcsperronrh@yellowpages.com,United States,62764,green,10/14/2020,5667.79
991,Deana,Deverock,33,ddeverockri@google.ca,United Kingdom,PR1,red,6/28/2010,780956.85
992,Ivor,Judson,56,ijudsonrj@bloglovin.com,France,14040 CEDEX 4,green,1/15/2012,542661.22
993,Jecho,Gamlin,18,jgamlinrk@wikipedia.org,France,67704 CEDEX,green,11/19/2011,152963.55
994,Darbee,Okell,40,dokellrl@yale.edu,France,13269 CEDEX 08,blue,9/23/2015,279257.78
995,Kati,Connow,24,kconnowrm@nhs.uk,Canada,V7W,blue,1/19/2022,122628.02
996,Heath,O'Lahy,23,holahyrn@dedecms.com,Canada,J9L,red,5/4/2021,947732.71
997,Kaela,Wiley,62,kwileyro@twitter.com,United Kingdom,BD7,green,10/28/2018,473999.89
998,Kaspar,Hollingsby,22,khollingsbyrp@gov.uk,France,75215 CEDEX 16,green,4/30/2020,529683.27
999,Kendrick,Groom,44,kgroomrq@unesco.org,United States,31165,green,8/19/2022,662918.3
1000,Leonardo,Dandy,39,ldandyrr@youku.com,Canada,V2A,green,6/28/2011,453823.02
