agent_id,first_name,last_name,age,email,country,postal_code,favorite_color,hire_date,sales_volume
1,Gustavus,Keel,20,gkeel0@hatena.ne.jp,France,51361 CEDEX,blue,1/18/2010,742922.22
2,Errol,Gatsby,41,egatsby1@dell.com,France,60506 CEDEX,blue,12/20/2012,972122.34
3,Pen,Kauschke,50,pkauschke2@ed.gov,France,92154 CEDEX,blue,5/21/2014,185545.53
4,Filberto,Brumpton,65,fbrumpton3@utexas.edu,France,68064 CEDEX 3,green,7/8/2018,242703.9
5,Guendolen,Wolfenden,29,gwolfenden4@ustream.tv,United States,23504,green,4/19/2021,880999.75
6,Caterina,Smeeton,33,csmeeton5@flickr.com,Mexico,58337,green,12/24/2012,136347.8
7,Kareem,Sillick,48,ksillick6@hugedomains.com,France,92742 CEDEX,red,11/16/2011,310368.61
8,Carly,McTiernan,63,cmctiernan7@addtoany.com,United States,93106,red,12/6/2022,718189.07
9,Ronnie,Brane,43,rbrane8@cpanel.net,Canada,M5G,blue,5/30/2011,180798.93
10,Liv,Moncreiff,22,lmoncreiff9@livejournal.com,Mexico,36350,red,11/28/2018,962670.47
11,Averill,Sinnie,29,asinniea@salon.com,United States,75310,green,12/26/2015,757593.94
12,Shelden,Copp,31,scoppb@umich.edu,United States,30130,blue,1/9/2011,87346.64
13,Grata,Graeser,39,ggraeserc@reuters.com,France,94865 CEDEX,red,8/14/2020,261660.68
14,Aleda,Oswal,59,aoswald@epa.gov,Canada,G9A,blue,9/16/2011,503587.03
15,Giraldo,Rolf,36,grolfe@vimeo.com,United States,43240,red,11/16/2012,945333.38
16,Augustin,Gainsborough,51,againsboroughf@amazon.co.uk,United States,33811,red,7/14/2012,664398.65
17,Tana,Ramiro,30,tramirog@usatoday.com,France,73104 CEDEX,green,4/28/2017,705177.2
18,Rob,Dillingston,32,rdillingstonh@dell.com,France,82104 CEDEX,red,12/7/2015,721851.99
19,Sandor,Waterhous,29,swaterhousi@seattletimes.com,Canada,V9C,blue,9/26/2014,449782.7
20,Phillida,McPhee,32,pmcpheej@pagesperso-orange.fr,France,69924 CEDEX,red,4/17/2010,786418.38
21,Kirby,Chinn,41,kchinnk@typepad.com,Canada,M2J,red,6/28/2016,550579.28
22,Yvon,McGarva,20,ymcgarval@ow.ly,France,54046 CEDEX,red,8/31/2011,736382.67
23,Merrili,Bleddon,62,mbleddonm@over-blog.com,United States,33330,red,10/4/2011,147147.07
24,Bobbe,Faircliff,63,bfaircliffn@mac.com,France,59073 CEDEX 1,green,6/12/2020,304146.53
25,Idalia,Tabary,33,itabaryo@youku.com,France,31678 CEDEX,green,3/9/2020,504497.95
26,Cari,Savatier,31,csavatierp@java.com,France,91424 CEDEX,green,12/2/2010,73255.17
27,Belvia,Gwinnell,31,bgwinnellq@pbs.org,United States,75323,red,9/25/2016,25275.79
28,Zahara,Lory,58,zloryr@webmd.com,France,24212 CEDEX,green,8/27/2020,782736.55
29,Arlie,Randalston,37,arandalstons@naver.com,United States,77346,green,6/17/2020,268137.84
30,Randi,Capelen,64,rcapelent@angelfire.com,United Kingdom,CT16,green,5/19/2019,664082.95
31,Andie,Burdin,20,aburdinu@senate.gov,France,25057 CEDEX,green,7/25/2022,688367.84
32,Jacklyn,Fansy,58,jfansyv@rediff.com,France,91821 CEDEX,red,6/28/2018,778247.65
33,Kennan,Roskeilly,41,kroskeillyw@drupal.org,Canada,V1E,green,10/24/2014,474977.85
34,Wynnie,Eim,50,weimx@alexa.com,United States,64054,red,8/25/2022,435499.92
35,Koo,Pietrzak,33,kpietrzaky@google.co.uk,Canada,N0K,blue,8/7/2016,732145.22
36,Patty,Beccles,49,pbecclesz@hp.com,France,84504 CEDEX,blue,6/21/2017,244624.65
37,Peirce,Gibbett,23,pgibbett10@washington.edu,United States,75062,blue,8/28/2011,303203.03
38,Verne,Giacomucci,41,vgiacomucci11@ezinearticles.com,Canada,J2N,red,10/19/2019,653579.39
39,Finley,Auguste,29,fauguste12@naver.com,United States,34985,red,11/15/2016,12403.54
40,Arlana,Lamprecht,41,alamprecht13@google.com,United States,11210,green,10/19/2017,573158.47
41,Bone,Gladhill,60,bgladhill14@about.me,Mexico,47216,red,4/7/2015,584621.43
42,Erick,Raun,18,eraun15@samsung.com,United States,91841,blue,11/23/2010,977826.49
43,Arlen,Maytum,35,amaytum16@angelfire.com,Canada,J6N,green,3/12/2015,144200.07
44,Florette,Heare,35,fheare17@fastcompany.com,France,59425 CEDEX,red,3/5/2011,381024.49
45,Northrop,Gaisford,60,ngaisford18@squarespace.com,Mexico,52600,green,11/15/2015,442872.6
46,Friederike,Yerrill,25,fyerrill19@simplemachines.org,France,33394 CEDEX,red,8/14/2014,399711.76
47,Annie,Bynert,37,abynert1a@ycombinator.com,France,92782 CEDEX 9,green,2/18/2013,9410.12
48,Tiffanie,Holme,64,tholme1b@mozilla.org,Mexico,93605,blue,9/29/2011,50831.62
49,Debby,Leeds,62,dleeds1c@mashable.com,France,13662 CEDEX,green,6/9/2011,583958.52
50,Robbi,Champkins,60,rchampkins1d@lulu.com,United States,30096,red,4/20/2015,743534.47
51,Bone,Wooderson,54,bwooderson1e@amazon.co.jp,France,60506 CEDEX,green,11/24/2019,625040.04
52,Tynan,Folini,28,tfolini1f@go.com,Canada,Y1A,red,6/9/2011,753876.62
53,Tomi,Cowin,63,tcowin1g@rediff.com,France,67039 CEDEX 2,blue,9/5/2016,422584.09
54,Bert,Bargh,61,bbargh1h@imdb.com,Canada,L9T,blue,3/23/2018,505024.22
55,Fabiano,Hadkins,18,fhadkins1i@pinterest.com,United States,73119,green,4/27/2012,585985.65
56,Beverley,Harbach,31,bharbach1j@yandex.ru,United Kingdom,LE15,green,11/13/2018,275045.22
57,Cornie,Darbishire,20,cdarbishire1k@instagram.com,France,33324 CEDEX,green,3/7/2012,353969.97
58,Sigrid,Franciskiewicz,19,sfranciskiewicz1l@loc.gov,United States,80262,red,11/23/2020,62541.43
59,Erick,Scowcraft,38,escowcraft1m@facebook.com,France,92980 CEDEX,blue,4/16/2020,451775.73
60,Roseann,Howcroft,60,rhowcroft1n@yellowbook.com,France,12020 CEDEX 9,green,1/23/2020,192981.59
61,Korney,Colbron,34,kcolbron1o@istockphoto.com,United States,31914,blue,10/24/2013,652704.66
62,Brod,Cecchi,22,bcecchi1p@bluehost.com,France,92924 CEDEX,blue,5/23/2022,234359.47
63,Winifred,Clipsham,34,wclipsham1q@theglobeandmail.com,United States,14614,green,2/14/2014,333381.99
64,Mano,Tearny,37,mtearny1r@washingtonpost.com,France,88204 CEDEX,blue,3/28/2020,277242.75
65,Kandy,Serotsky,28,kserotsky1s@ehow.com,United States,32830,green,1/2/2013,487939.98
66,Deb,Lambdin,33,dlambdin1t@xing.com,France,75582 CEDEX 12,blue,6/29/2014,52178.0
67,Eadith,Lennard,65,elennard1u@sun.com,France,94149 CEDEX,red,4/14/2016,360623.94
68,Cathie,Oulett,59,coulett1v@gravatar.com,France,42055 CEDEX 2,green,11/5/2016,985264.22
69,Cooper,Melly,46,cmelly1w@timesonline.co.uk,Mexico,88925,blue,2/26/2019,717787.95
70,Rustin,Ferrarone,46,rferrarone1x@si.edu,United States,34479,green,11/29/2020,99807.05
71,Margarethe,Gloster,57,mgloster1y@so-net.ne.jp,United States,23285,red,1/21/2011,111653.64
72,Maurene,Ciottoi,54,mciottoi1z@amazon.com,Canada,T8H,red,3/15/2018,855667.8
73,Kit,Hairon,23,khairon20@blogspot.com,Canada,V2T,green,6/11/2018,9454.07
74,Bertie,Sizland,49,bsizland21@over-blog.com,France,92787 CEDEX 9,red,3/6/2021,605919.05
75,Bette,Kielt,27,bkielt22@craigslist.org,United States,33169,blue,10/11/2014,847013.05
76,Guenna,Oland,34,goland23@alibaba.com,France,46004 CEDEX 9,green,8/8/2018,107332.97
77,Elijah,Scrine,37,escrine24@virginia.edu,France,16104 CEDEX,blue,9/29/2015,825116.08
78,Lissie,Gaunson,44,lgaunson25@jimdo.com,France,25045 CEDEX,blue,1/18/2019,379446.71
79,Renard,Bittlestone,60,rbittlestone26@examiner.com,United States,30130,red,9/29/2022,469201.79
80,Priscella,Keers,57,pkeers27@mtv.com,United States,78220,red,10/18/2011,826468.29
81,Percival,Masser,47,pmasser28@xinhuanet.com,United Kingdom,RG20,green,9/22/2010,34897.89
82,Luca,Skipping,44,lskipping29@g.co,United States,21281,green,12/8/2019,720229.4
83,Jedd,MacFarlane,19,jmacfarlane2a@aol.com,Canada,T4L,green,11/25/2019,903909.54
84,Jessamyn,Liver,53,jliver2b@youku.com,France,95874 CEDEX,red,5/30/2016,307381.68
85,Risa,Skalls,24,rskalls2c@diigo.com,Canada,J8Y,green,10/12/2021,578055.13
86,Martainn,Rubinovitsch,26,mrubinovitsch2d@answers.com,Canada,C1B,blue,12/24/2012,716067.27
87,Marcela,Murfill,30,mmurfill2e@auda.org.au,Canada,H3G,red,3/5/2016,990906.45
88,Stanton,D'Abbot-Doyle,32,sdabbotdoyle2f@illinois.edu,France,92144 CEDEX,red,7/4/2014,672647.44
89,Jerrilee,Boucher,47,jboucher2g@amazon.co.uk,United States,94611,green,3/21/2020,691409.33
90,Janaye,Aleksandrikin,64,jaleksandrikin2h@networkadvertising.org,United States,14905,red,1/11/2022,417710.28
91,Jonell,Joselevitz,40,jjoselevitz2i@who.int,Mexico,92015,blue,1/20/2010,145633.28
92,Ode,MacKaile,27,omackaile2j@webmd.com,France,53022 CEDEX 9,blue,6/15/2022,263340.28
93,Gabriello,Creer,49,gcreer2k@google.es,France,66605 CEDEX,blue,10/5/2018,641351.89
94,Adolphus,Mulholland,41,amulholland2l@posterous.com,France,18104 CEDEX,blue,6/22/2010,390006.27
95,Amii,Lanfranchi,55,alanfranchi2m@icio.us,United States,33355,blue,12/29/2016,485297.3
96,Donna,Corragan,21,dcorragan2n@vk.com,France,69395 CEDEX 03,red,7/11/2014,329876.93
97,Rickard,Folland,42,rfolland2o@hc360.com,United Kingdom,M14,green,4/26/2013,942079.76
98,Edgar,Pedersen,45,epedersen2p@msu.edu,France,69154 CEDEX,blue,1/26/2021,614310.85
99,Hank,Clotworthy,60,hclotworthy2q@whitehouse.gov,United States,34745,red,9/5/2016,449042.53
100,Karly,Simants,64,ksimants2r@mediafire.com,France,92709 CEDEX,green,10/15/2011,17796.25
101,Jacquelin,Humbee,57,jhumbee2s@seattletimes.com,France,29825 CEDEX 9,green,4/29/2012,635258.59
102,Briana,Dewdeny,58,bdewdeny2t@yolasite.com,United States,85010,green,4/2/2020,514856.22
103,Freemon,Makey,55,fmakey2u@printfriendly.com,Germany,04317,green,7/21/2010,524672.99
104,Lucy,Kirgan,40,lkirgan2v@constantcontact.com,United States,77095,red,5/29/2020,296755.58
105,Dita,Halward,28,dhalward2w@mozilla.org,Mexico,61570,red,3/8/2021,373636.64
106,Floris,Kyston,41,fkyston2x@utexas.edu,France,76086 CEDEX,green,8/27/2020,885015.07
107,Shay,O'Sheils,60,sosheils2y@wufoo.com,France,28901 CEDEX 9,green,8/23/2021,225275.65
108,Belinda,Sowley,27,bsowley2z@quantcast.com,Canada,J5K,red,4/6/2015,861074.72
109,Abbot,Horder,51,ahorder30@nytimes.com,Canada,T8C,red,9/25/2017,795827.7
110,Rubetta,Dowyer,49,rdowyer31@altervista.org,United States,33686,green,10/28/2012,183414.08
111,Bertie,BURWIN,41,bburwin32@bbc.co.uk,Canada,B3T,blue,4/3/2017,816133.84
112,Aleece,Kinsey,39,akinsey33@phpbb.com,France,59961 CEDEX,red,10/6/2018,10471.37
113,Laurena,Sarvar,47,lsarvar34@creativecommons.org,United Kingdom,NG34,blue,5/8/2017,875840.16
114,Conney,Rubinsky,23,crubinsky35@hp.com,Mexico,95422,red,2/29/2016,390136.46
115,Rosabelle,Sex,48,rsex36@merriam-webster.com,France,78204 CEDEX,red,4/9/2020,995062.73
116,Tyrone,Mainds,55,tmainds37@tinypic.com,Mexico,36780,blue,10/24/2022,817832.01
117,Dwayne,Elves,41,delves38@china.com.cn,France,42604 CEDEX,green,2/3/2010,718054.39
118,Annadiana,Jacquemot,65,ajacquemot39@ning.com,France,56404 CEDEX,green,6/20/2015,254282.63
119,Ellette,Avraam,37,eavraam3a@amazon.de,Mexico,50695,red,9/24/2020,767447.06
120,Shanda,Porte,33,sporte3b@purevolume.com,France,13841 CEDEX,blue,8/17/2022,620642.48
121,Garth,Oels,44,goels3c@shop-pro.jp,Mexico,92905,green,5/19/2018,882662.14
122,Chip,Selborne,32,cselborne3d@e-recht24.de,Canada,E8K,blue,1/4/2019,682839.94
123,Shelley,Kimbury,20,skimbury3e@hc360.com,United States,53205,red,4/3/2019,297484.58
124,Gilli,Treneman,54,gtreneman3f@fda.gov,Mexico,29950,blue,11/1/2018,750100.4
125,Fonsie,Klebes,19,fklebes3g@sbwire.com,France,93335 CEDEX,green,1/27/2012,48414.16
126,Terrye,Qualtro,46,tqualtro3h@amazon.de,United States,30351,blue,12/4/2015,637880.67
127,Lindon,Duckitt,37,lduckitt3i@1688.com,France,94593 CEDEX 2,blue,8/7/2017,431599.7
128,Chev,Sertin,55,csertin3j@marriott.com,Canada,J3X,blue,1/2/2010,630149.06
129,Culley,Quickenden,33,cquickenden3k@shop-pro.jp,Canada,G8J,blue,2/11/2016,159211.66
130,Clayborne,Felce,43,cfelce3l@upenn.edu,France,31678 CEDEX,green,5/16/2016,170907.51
131,Alameda,Amar,19,aamar3m@seattletimes.com,Canada,M9L,blue,4/28/2016,743883.21
132,Valma,Creer,18,vcreer3n@google.fr,France,91959 CEDEX,red,6/1/2010,594319.77
133,Staci,Gloves,52,sgloves3o@theglobeandmail.com,Germany,23568,blue,6/30/2011,636199.36
134,Moselle,Dyka,62,mdyka3p@si.edu,France,71109 CEDEX,red,3/29/2011,675092.11
135,Beverie,Castelin,45,bcastelin3q@woothemes.com,France,44324 CEDEX 3,red,12/5/2016,927646.02
136,Manuel,O'Halleghane,62,mohalleghane3r@npr.org,France,30904 CEDEX 9,blue,9/24/2019,37896.35
137,Minne,Muldowney,39,mmuldowney3s@sitemeter.com,Mexico,88290,green,5/30/2019,797756.16
138,Ariela,Wrettum,32,awrettum3t@amazon.co.jp,Canada,M5L,green,5/12/2013,729356.13
139,Wandis,Scudders,59,wscudders3u@mlb.com,Canada,J9E,blue,1/10/2011,502165.97
140,Babb,Brosnan,37,bbrosnan3v@1688.com,United States,80241,green,10/7/2018,963862.81
141,Cirillo,Signorelli,22,csignorelli3w@indiatimes.com,France,88020 CEDEX,red,6/5/2014,318251.3
142,Roma,Duligall,31,rduligall3x@noaa.gov,Mexico,50625,blue,7/19/2019,1444.42
143,Gavin,Daughtrey,39,gdaughtrey3y@whitehouse.gov,United States,38150,red,12/21/2013,197570.05
144,Felicio,Banat,25,fbanat3z@webnode.com,Canada,A1N,green,7/26/2015,704727.96
145,Lulu,Darco,52,ldarco40@businesswire.com,United States,94627,red,6/3/2019,303477.36
146,Mariele,Kingsnod,45,mkingsnod41@sogou.com,Mexico,41821,blue,6/3/2015,581060.51
147,Fonzie,Antonognoli,19,fantonognoli42@mlb.com,Canada,L2V,red,2/16/2022,371983.63
148,Illa,Bools,47,ibools43@ezinearticles.com,France,73379 CEDEX,green,2/3/2013,827006.33
149,Catina,Blackburne,42,cblackburne44@time.com,United States,76711,blue,9/24/2012,852945.35
150,Eloise,Ferguson,36,eferguson45@rediff.com,Germany,81373,blue,3/5/2022,464424.48
151,Thibaut,Haddon,48,thaddon46@sina.com.cn,France,13503 CEDEX,green,6/29/2015,623686.66
152,Floyd,Paffley,32,fpaffley47@dagondesign.com,Canada,L9G,green,12/13/2020,131521.0
153,Doralin,Kielt,58,dkielt48@parallels.com,United States,40524,blue,11/1/2017,15017.25
154,Gianina,Luxon,23,gluxon49@yahoo.com,France,54204 CEDEX,red,11/19/2017,711748.05
155,Kinna,Duprey,22,kduprey4a@mayoclinic.com,United States,75185,green,3/18/2013,777138.99
156,Lily,Collinson,23,lcollinson4b@t-online.de,France,92214 CEDEX,red,12/31/2014,664205.79
157,Margaret,Sartain,64,msartain4c@tmall.com,Mexico,40914,blue,10/24/2010,748569.21
158,Antonella,Bernardt,28,abernardt4d@163.com,Canada,V5A,red,11/2/2019,647859.39
159,Karilynn,Jencken,49,kjencken4e@so-net.ne.jp,United States,44505,green,4/20/2015,394391.36
160,Lelah,Sute,37,lsute4f@deliciousdays.com,France,75374 CEDEX 08,red,12/8/2012,151316.88
161,Candice,Lamlin,26,clamlin4g@google.nl,United States,57193,red,2/27/2011,303584.87
162,Ibrahim,Kynton,26,ikynton4h@mysql.com,France,77986 CEDEX,green,7/29/2013,318227.62
163,Glennie,Bousfield,53,gbousfield4i@clickbank.net,France,20403 CEDEX,blue,1/21/2017,544829.71
164,Esme,Cawley,62,ecawley4j@ehow.com,Germany,04109,blue,2/24/2021,578982.98
165,Maximo,Scougal,57,mscougal4k@nationalgeographic.com,France,13681 CEDEX,green,11/4/2014,511047.39
166,Scot,Harral,25,sharral4l@thetimes.co.uk,Canada,P0T,red,6/12/2011,302606.71
167,Janel,Greenrde,62,jgreenrde4m@printfriendly.com,France,78718 CEDEX,green,1/1/2021,460369.26
168,Thomasa,Itzkovici,31,titzkovici4n@livejournal.com,France,34186 CEDEX 4,red,4/5/2021,883133.16
169,Lizabeth,Skeldon,41,lskeldon4o@linkedin.com,France,38030 CEDEX 2,red,5/20/2021,495821.99
170,Delly,Einchcombe,65,deinchcombe4p@macromedia.com,United States,22301,blue,9/8/2013,144357.91
171,Isa,Latey,55,ilatey4q@linkedin.com,United States,95852,red,12/16/2021,112168.29
172,Vere,Dumberrill,24,vdumberrill4r@myspace.com,Mexico,58095,green,3/13/2018,147562.85
173,Glynn,Rosenstock,32,grosenstock4s@over-blog.com,Mexico,82153,red,6/16/2012,452126.92
174,Justinn,Luttgert,23,jluttgert4t@columbia.edu,Canada,B3S,red,12/5/2014,269417.74
175,Pru,Tocknell,24,ptocknell4u@latimes.com,Canada,J6W,green,9/15/2011,450515.27
176,Lorenzo,Parken,49,lparken4v@aol.com,France,13219 CEDEX 02,green,9/12/2017,657942.62
177,Isacco,Ussher,64,iussher4w@zimbio.com,United States,32885,blue,3/30/2014,489200.14
178,Ryann,Sinncock,38,rsinncock4x@blogtalkradio.com,United States,39204,blue,7/1/2018,353104.81
179,Jay,Yashaev,53,jyashaev4y@scientificamerican.com,France,67928 CEDEX 9,blue,10/15/2018,888997.01
180,Austin,Lages,26,alages4z@slashdot.org,United States,89706,blue,9/16/2022,941681.39
181,Colene,Hallwood,62,challwood50@xing.com,France,57032 CEDEX 01,blue,6/14/2010,140247.2
182,Meredith,Ginni,40,mginni51@cpanel.net,Canada,M9R,red,12/4/2020,529071.41
183,Francene,Field,56,ffield52@timesonline.co.uk,France,94414 CEDEX,red,10/16/2020,920951.0
184,Tabbitha,Phillip,54,tphillip53@pagesperso-orange.fr,Canada,H4S,red,9/4/2011,487634.73
185,Vlad,Mucci,21,vmucci54@deviantart.com,Mexico,94324,green,5/11/2011,414238.42
186,Blaine,Simenet,60,bsimenet55@netvibes.com,Canada,N3T,green,12/2/2019,8843.56
187,Burr,MacDiarmond,32,bmacdiarmond56@sphinn.com,France,30904 CEDEX 9,red,7/19/2020,529914.9
188,Aubree,Stears,64,astears57@com.com,France,93214 CEDEX,green,6/19/2012,617937.59
189,Cathlene,Duham,28,cduham58@bloglines.com,France,64080 CEDEX,blue,4/15/2011,297334.08
190,Michale,Nicklinson,21,mnicklinson59@vk.com,Canada,A1N,blue,3/14/2011,158713.36
191,Kare,Buckner,49,kbuckner5a@bing.com,France,24212 CEDEX,green,9/27/2021,481200.11
192,Allys,Blazic,47,ablazic5b@house.gov,Mexico,93995,green,4/9/2013,554747.24
193,Hobie,Iglesiaz,21,higlesiaz5c@mozilla.com,United States,60630,green,6/2/2021,735666.47
194,Darin,Sones,60,dsones5d@nps.gov,United States,15286,blue,10/28/2019,425652.68
195,Florina,Cowlas,36,fcowlas5e@wisc.edu,United States,92127,red,12/5/2012,751990.68
196,Reuben,Calbrathe,60,rcalbrathe5f@gov.uk,France,74944 CEDEX,blue,3/26/2013,470181.82
197,Madelin,Simecek,37,msimecek5g@miitbeian.gov.cn,Canada,M5E,green,4/7/2015,662316.8
198,Roderick,Ladell,54,rladell5h@archive.org,France,40025 CEDEX,green,11/16/2020,717754.17
199,Temp,Adger,41,tadger5i@webs.com,Germany,22339,blue,9/3/2019,550282.72
200,Starlene,Roby,32,sroby5j@cbsnews.com,Canada,L1Z,green,3/11/2016,724984.53
201,Myranda,Bullocke,18,mbullocke5k@blog.com,United States,73124,green,4/30/2010,513768.06
202,Ronni,Colbeck,31,rcolbeck5l@cpanel.net,Mexico,83448,blue,3/13/2016,319266.34
203,Cecile,Bussel,36,cbussel5m@berkeley.edu,Mexico,96818,red,11/3/2012,51324.9
204,Arlee,Oager,37,aoager5n@umich.edu,United Kingdom,NN11,red,4/2/2022,463869.08
205,Grady,Truelove,23,gtruelove5o@dyndns.org,Germany,22041,red,7/7/2012,381813.06
206,Casie,Bare,61,cbare5p@statcounter.com,France,45933 CEDEX 9,green,10/26/2015,59176.92
207,Genny,Groomebridge,38,ggroomebridge5q@quantcast.com,France,91309 CEDEX,green,3/2/2020,49928.41
208,Falkner,Backsal,57,fbacksal5r@indiatimes.com,France,80048 CEDEX 1,red,10/11/2018,578782.46
209,Cherish,Magister,28,cmagister5s@npr.org,Germany,59071,red,9/9/2021,92923.4
210,Elwood,Rouzet,58,erouzet5t@wikimedia.org,Mexico,92934,green,1/12/2015,829380.72
211,Monah,Fryett,44,mfryett5u@unblog.fr,France,72004 CEDEX 1,green,10/14/2013,813348.92
212,Killian,Cressy,34,kcressy5v@globo.com,France,79031 CEDEX 9,green,6/7/2010,433548.04
213,Loren,Cosgrave,19,lcosgrave5w@mapy.cz,United States,15274,green,11/25/2018,379566.75
214,Ramon,Simioli,44,rsimioli5x@hc360.com,France,16904 CEDEX 9,green,9/2/2015,398198.8
215,Othella,Skerme,54,oskerme5y@trellian.com,France,59055 CEDEX 1,blue,9/21/2010,216020.08
216,Margaretha,Leyninye,19,mleyninye5z@about.me,Mexico,92934,red,12/5/2013,511523.03
217,Robina,Allatt,26,rallatt60@blinklist.com,United States,23237,green,4/26/2018,683230.79
218,Dur,Colmore,20,dcolmore61@amazon.co.uk,United States,98687,green,1/26/2020,635621.33
219,Whitney,Vany,39,wvany62@soundcloud.com,France,94598 CEDEX 2,blue,3/19/2016,81919.96
220,Baudoin,Barbier,19,bbarbier63@ebay.com,France,45004 CEDEX 1,blue,4/11/2022,23116.11
221,Ky,Walbrun,52,kwalbrun64@wufoo.com,Germany,60325,red,3/22/2015,920967.41
222,Rahel,Gowler,65,rgowler65@sogou.com,United States,10155,blue,5/15/2015,256686.96
223,Janifer,Borge,35,jborge66@prweb.com,United States,79934,blue,6/3/2011,902921.93
224,Helene,Degli Abbati,48,hdegliabbati67@arizona.edu,France,31244 CEDEX,red,7/14/2020,832189.98
225,Lauritz,Jamson,39,ljamson68@blogspot.com,France,49023 CEDEX 02,blue,12/14/2021,342902.74
226,Quintana,Apedaile,19,qapedaile69@creativecommons.org,France,73216 CEDEX,blue,4/15/2012,697067.2
227,Christiane,Michie,47,cmichie6a@theglobeandmail.com,France,53085 CEDEX 9,red,7/27/2021,199707.39
228,Iolande,Plevin,62,iplevin6b@about.com,United States,55905,blue,10/16/2016,892854.97
229,Carilyn,Kennington,60,ckennington6c@google.co.uk,United States,79171,green,11/25/2013,486561.97
230,Virgina,Hedon,52,vhedon6d@dion.ne.jp,United States,15274,red,1/2/2019,465881.82
231,Amabel,Mushet,27,amushet6e@g.co,Germany,34132,green,10/10/2014,255198.84
232,Floyd,Leere,57,fleere6f@nifty.com,Germany,12045,blue,9/23/2014,740586.95
233,Bobbi,Tatum,45,btatum6g@dailymotion.com,Canada,L3R,green,4/6/2015,215784.94
234,Barnie,Spinola,21,bspinola6h@disqus.com,United States,95113,blue,1/13/2017,902934.29
235,Lind,Gleader,44,lgleader6i@nps.gov,Canada,T7E,green,9/12/2017,997089.76
236,Loy,Gilcrist,48,lgilcrist6j@nps.gov,France,67975 CEDEX 9,red,5/26/2018,943354.52
237,Rozanne,Campa,53,rcampa6k@marketwatch.com,Canada,P0W,green,6/8/2010,570210.24
238,Baxy,Jelf,58,bjelf6l@biblegateway.com,France,59652 CEDEX,blue,11/27/2012,233001.49
239,Ulberto,Garretson,40,ugarretson6m@is.gd,Mexico,85936,red,2/24/2013,655164.5
240,Sheffie,Stucksbury,20,sstucksbury6n@biglobe.ne.jp,United States,60686,green,7/14/2022,984470.54
241,Marvin,de Cullip,20,mdecullip6o@jigsy.com,France,37032 CEDEX 1,green,11/4/2021,333523.7
242,Sean,Passo,39,spasso6p@example.com,Germany,90480,blue,12/18/2020,951602.52
243,Timi,Willment,18,twillment6q@themeforest.net,France,46091 CEDEX 9,green,6/17/2011,876860.66
244,Roxine,Vynehall,49,rvynehall6r@dedecms.com,Mexico,41640,blue,10/14/2011,939322.9
245,Elwira,Gibbard,42,egibbard6s@macromedia.com,Mexico,89888,blue,2/27/2021,329749.0
246,Tymothy,Mould,42,tmould6t@nbcnews.com,United States,98185,red,5/12/2012,110418.91
247,Monte,Noad,57,mnoad6u@feedburner.com,Canada,T7A,red,9/12/2021,75603.08
248,Kahaleel,Cereceres,64,kcereceres6v@mayoclinic.com,United States,77806,red,12/20/2019,301661.35
249,Evy,Flynn,51,eflynn6w@slideshare.net,Mexico,40068,green,7/28/2011,361974.38
250,Vivyanne,Napton,34,vnapton6x@usnews.com,France,69206 CEDEX 01,red,6/28/2012,517661.54
251,Kelsi,Bambrough,63,kbambrough6y@businesswire.com,United States,22111,blue,5/14/2018,280521.36
252,Karel,Froude,39,kfroude6z@zimbio.com,France,79083 CEDEX 9,red,1/27/2011,38095.54
253,Kris,Nuton,59,knuton70@indiatimes.com,France,30011 CEDEX 4,blue,7/15/2013,992424.91
254,Nev,Moorton,19,nmoorton71@nasa.gov,France,51012 CEDEX,red,2/19/2018,469019.48
255,Geoffry,Mawne,51,gmawne72@networksolutions.com,United Kingdom,WF9,blue,6/8/2021,718702.98
256,Wallace,Guyonnet,18,wguyonnet73@ask.com,United States,92165,red,7/17/2020,54345.84
257,Sherm,Gilloran,55,sgilloran74@telegraph.co.uk,United States,46406,blue,4/13/2016,278108.06
258,Wendy,Gianneschi,26,wgianneschi75@google.es,United States,07505,blue,11/22/2021,740960.09
259,Case,Mowle,31,cmowle76@upenn.edu,United States,58122,red,6/15/2012,561051.09
260,Jacki,Tancock,21,jtancock77@sakura.ne.jp,Canada,V9C,red,1/3/2012,593076.04
261,Antonietta,Conquest,23,aconquest78@meetup.com,Canada,T9C,blue,6/15/2014,435582.47
262,Tait,Whinray,53,twhinray79@aboutads.info,Mexico,30560,blue,11/12/2012,621943.61
263,Seymour,Matchitt,54,smatchitt7a@pbs.org,Canada,L3R,green,11/21/2013,966334.06
264,Jacquelin,Chatan,33,jchatan7b@uol.com.br,Mexico,29970,red,8/17/2013,97753.95
265,Cooper,Impson,41,cimpson7c@4shared.com,United States,20220,blue,8/23/2013,116201.31
266,Bartholomeo,Owbrick,39,bowbrick7d@google.com,France,34114 CEDEX,blue,3/7/2010,947557.85
267,Marlo,Lambourn,57,mlambourn7e@cdc.gov,Mexico,30853,red,12/7/2018,263211.96
268,Letitia,Maidens,19,lmaidens7f@wikispaces.com,Canada,L1X,red,4/26/2017,422431.11
269,Normie,Stammler,52,nstammler7g@printfriendly.com,France,36009 CEDEX,green,9/13/2019,813925.93
270,Kahaleel,Wind,52,kwind7h@sciencedaily.com,France,79031 CEDEX 9,green,8/22/2019,35353.14
271,Joane,Rainbird,43,jrainbird7i@odnoklassniki.ru,Canada,L6J,blue,4/24/2022,717447.48
272,Dorris,Trowsdall,62,dtrowsdall7j@bloglines.com,France,75345 CEDEX 07,blue,5/28/2014,202996.65
273,Giana,Piggford,54,gpiggford7k@mac.com,United States,60652,red,5/26/2020,529682.44
274,Lida,Bardey,49,lbardey7l@twitter.com,France,95319 CEDEX,green,6/12/2019,367511.54
275,Augustine,O'Hern,57,aohern7m@gravatar.com,United States,43610,red,10/27/2010,545905.17
276,Cyndy,Colebourn,21,ccolebourn7n@discovery.com,United States,92132,green,9/28/2010,923449.92
277,Freeland,Sermin,43,fsermin7o@foxnews.com,United States,66617,red,2/3/2019,507532.14
278,Corrinne,Hammon,65,chammon7p@sphinn.com,United States,47405,red,9/28/2022,509663.69
279,Raleigh,Boughton,28,rboughton7q@chronoengine.com,France,24004 CEDEX,green,8/11/2010,427739.42
280,Codee,Aveline,46,caveline7r@domainmarket.com,France,17209 CEDEX,blue,3/26/2018,926315.1
281,Solomon,Doman,19,sdoman7s@printfriendly.com,United Kingdom,SY4,green,10/14/2016,658746.3
282,Reamonn,Burns,50,rburns7t@deliciousdays.com,United States,63150,green,12/19/2010,443103.56
283,Waiter,Brandsma,44,wbrandsma7u@jugem.jp,United States,30351,blue,11/28/2013,491811.36
284,Bryce,Newling,40,bnewling7v@sun.com,United States,95852,red,2/8/2022,813623.83
285,Belia,Bruhnicke,23,bbruhnicke7w@xing.com,France,92974 CEDEX,blue,11/13/2021,439371.23
286,Arlyne,Elsie,22,aelsie7x@dot.gov,France,06403 CEDEX,red,9/6/2015,300713.26
287,Raychel,Scandrite,22,rscandrite7y@google.de,France,67214 CEDEX,red,5/1/2015,732403.34
288,Mill,Pendell,39,mpendell7z@icio.us,United States,50362,green,2/11/2022,456893.6
289,Kellsie,Cahani,42,kcahani80@tripod.com,Mexico,54455,green,8/17/2013,610322.69
290,Viki,Chitham,60,vchitham81@amazon.co.uk,France,95046 CEDEX 1,blue,1/2/2020,300712.12
291,Shalom,Buttle,58,sbuttle82@theatlantic.com,France,68004 CEDEX,blue,2/15/2011,673860.31
292,Way,Edleston,26,wedleston83@yale.edu,Canada,H9X,blue,5/18/2013,771182.95
293,Jacynth,Bulled,57,jbulled84@cnet.com,Germany,70180,red,10/26/2016,606511.48
294,Jenna,Beckhouse,24,jbeckhouse85@vkontakte.ru,Mexico,94723,blue,1/12/2017,935588.42
295,Blanch,Dineen,24,bdineen86@ovh.net,United Kingdom,M14,blue,9/23/2017,334400.33
296,Perry,Taaffe,61,ptaaffe87@biglobe.ne.jp,United States,48258,green,6/3/2018,763300.5
297,Giorgia,Vaun,26,gvaun88@nymag.com,United States,60652,red,5/9/2021,240839.37
298,Gilberta,Scroxton,20,gscroxton89@livejournal.com,United States,10039,red,5/13/2016,515802.72
299,Antonino,Pepper,58,apepper8a@prlog.org,Canada,L4E,red,4/22/2020,836500.57
300,Miran,Oakes,63,moakes8b@gmpg.org,United States,60567,green,12/15/2017,658894.49
301,Ophelia,Altofts,35,oaltofts8c@ezinearticles.com,France,20184 CEDEX 1,blue,8/24/2011,445710.3
302,Reuben,Edgeler,34,redgeler8d@amazon.co.jp,Canada,V1R,green,6/9/2012,11284.01
303,Ann,Lossman,26,alossman8e@state.gov,France,92521 CEDEX,blue,7/18/2022,792638.63
304,Samuel,Empringham,34,sempringham8f@de.vu,Canada,L8N,blue,5/14/2013,634562.49
305,Rickard,Ranklin,53,rranklin8g@ucoz.com,United States,92835,blue,2/25/2020,294146.28
306,Tracey,Bradley,58,tbradley8h@com.com,United States,90831,red,2/20/2015,531789.44
307,Boniface,Sentinella,42,bsentinella8i@harvard.edu,Mexico,66410,blue,10/6/2020,481972.28
308,Bernete,Mesnard,44,bmesnard8j@gravatar.com,France,39409 CEDEX,green,2/26/2022,719950.73
309,Shay,Daily,51,sdaily8k@independent.co.uk,United States,32244,red,4/9/2020,308852.35
310,Leland,Gammill,31,lgammill8l@soundcloud.com,France,91424 CEDEX,red,11/8/2012,261003.98
311,Cele,Lansdowne,43,clansdowne8m@spiegel.de,Mexico,50625,blue,11/27/2014,317849.36
312,Marwin,Kleinstub,57,mkleinstub8n@epa.gov,Canada,B1V,blue,1/24/2010,157678.42
313,Angelo,Issett,51,aissett8o@diigo.com,United States,22313,green,11/26/2013,965250.06
314,Yolande,Lawrie,50,ylawrie8p@nationalgeographic.com,France,93691 CEDEX,blue,9/8/2020,922404.36
315,Bernadine,Torrans,22,btorrans8q@vinaora.com,United States,61105,green,10/12/2017,997151.58
316,Gerick,Drummer,46,gdrummer8r@google.co.jp,Canada,L2J,green,6/7/2021,238081.0
317,Allissa,Melliard,65,amelliard8s@multiply.com,Canada,V6Z,red,6/24/2017,791398.59
318,Eugine,O'Cannan,19,eocannan8t@cdc.gov,Mexico,40050,green,8/2/2013,84058.57
319,Haily,Starsmeare,49,hstarsmeare8u@multiply.com,Canada,T4S,red,4/13/2018,69445.75
320,Prinz,Mengue,53,pmengue8v@acquirethisname.com,Canada,S9A,blue,5/14/2017,591472.99
321,Carolina,Padly,21,cpadly8w@who.int,France,07509 CEDEX,red,1/27/2020,739390.76
322,Lacy,Scales,27,lscales8x@seesaa.net,United States,14652,blue,11/5/2010,718682.66
323,Rudolph,Carillo,24,rcarillo8y@accuweather.com,France,42704 CEDEX,blue,2/2/2012,246705.43
324,Derrik,Fahy,47,dfahy8z@shareasale.com,United States,31165,red,8/11/2010,562562.45
325,Cory,Endrizzi,62,cendrizzi90@japanpost.jp,United States,66160,red,3/24/2020,690915.01
326,Eldridge,Breakspear,21,ebreakspear91@cam.ac.uk,Canada,V1E,green,12/31/2011,628425.34
327,Jackqueline,Osbiston,23,josbiston92@cbc.ca,Canada,S9X,blue,11/30/2013,425901.07
328,Ario,MacCauley,55,amaccauley93@businessweek.com,United States,20167,blue,9/2/2018,109510.81
329,Nikolai,Braunle,60,nbraunle94@dmoz.org,United States,15240,green,2/12/2015,929938.15
330,Haywood,Kerin,24,hkerin95@archive.org,Germany,45886,red,1/1/2020,135557.48
331,Laural,Bernhardt,63,lbernhardt96@globo.com,United States,23509,red,6/3/2021,572869.15
332,Cristal,Leithgoe,26,cleithgoe97@si.edu,France,37404 CEDEX,blue,7/26/2012,638971.18
333,Gardiner,Saunter,54,gsaunter98@webs.com,United States,78726,blue,11/30/2013,42542.27
334,Bartlet,Colclough,46,bcolclough99@google.com,France,75902 CEDEX 15,blue,9/6/2017,988266.74
335,Fawnia,Rigate,57,frigate9a@reference.com,Mexico,94453,red,2/6/2014,418056.87
336,Pattie,Godsell,19,pgodsell9b@quantcast.com,France,91914 CEDEX 9,blue,5/19/2017,15511.51
337,Roddy,Mapson,58,rmapson9c@ebay.com,United States,92844,green,12/24/2011,880242.48
338,Valeda,Burbank,47,vburbank9d@mozilla.org,France,64704 CEDEX,green,7/20/2014,821172.28
339,Ker,Warby,45,kwarby9e@skype.com,United States,85072,blue,6/21/2022,444471.15
340,Brenden,Farfoot,36,bfarfoot9f@about.com,Germany,35687,red,7/15/2021,998207.12
341,Ashli,Robiot,55,arobiot9g@wordpress.org,France,13540,red,7/13/2020,644536.54
342,Cele,Grioli,25,cgrioli9h@vkontakte.ru,United States,02208,red,10/6/2021,327772.91
343,Lewie,Yannikov,56,lyannikov9i@hud.gov,Canada,G5J,red,11/18/2020,595674.73
344,Reagen,Swainson,28,rswainson9j@icq.com,United States,32575,blue,2/17/2019,873237.07
345,Sashenka,Acosta,44,sacosta9k@istockphoto.com,United States,45296,red,11/4/2010,175463.43
346,Keri,Tollett,31,ktollett9l@51.la,France,95061 CEDEX 1,blue,4/24/2019,364503.26
347,Onfroi,Lamplugh,54,olamplugh9m@dell.com,United States,84170,red,8/27/2013,173655.15
348,Zebedee,Torre,54,ztorre9n@redcross.org,Mexico,75200,blue,8/2/2014,872005.88
349,Merlina,Berthome,60,mberthome9o@symantec.com,United States,94250,blue,3/30/2021,922869.03
350,Kayne,Mountcastle,37,kmountcastle9p@mit.edu,Canada,T1P,green,5/24/2016,91945.38
351,Vickie,Blomfield,23,vblomfield9q@i2i.jp,United States,20784,red,4/29/2022,883474.67
352,Jasmine,Abys,55,jabys9r@ameblo.jp,Canada,G5Z,red,12/6/2015,119725.71
353,Dodie,Abrahamsson,59,dabrahamsson9s@zdnet.com,Mexico,84015,green,7/22/2012,860517.15
354,Ancell,Clausewitz,23,aclausewitz9t@techcrunch.com,United Kingdom,NN11,green,11/16/2019,895695.0
355,Ralina,Cockle,59,rcockle9u@indiatimes.com,Canada,V6L,blue,2/12/2020,325723.11
356,Evangelina,Leggs,61,eleggs9v@tumblr.com,United States,90045,blue,7/26/2017,270256.09
357,Rosalyn,Gurg,35,rgurg9w@whitehouse.gov,France,79031 CEDEX 9,red,9/10/2011,90058.98
358,Benny,Rishman,46,brishman9x@moonfruit.com,Mexico,58503,blue,3/25/2011,868134.71
359,Agustin,McCree,20,amccree9y@wsj.com,Canada,B3H,green,5/18/2017,407716.42
360,Ebonee,Standering,34,estandering9z@skype.com,Canada,V2X,green,9/28/2013,266763.05
361,Karolina,Kydde,47,kkyddea0@chronoengine.com,United States,81010,green,10/5/2022,460635.31
362,Nance,Cornillot,23,ncornillota1@digg.com,United States,10009,green,10/25/2019,300699.87
363,Ellswerth,Verrillo,49,everrilloa2@eepurl.com,Canada,J1A,blue,12/24/2017,960753.82
364,Sanderson,Bim,50,sbima3@amazon.de,United States,70187,green,2/20/2017,790485.09
365,Gilligan,Edmunds,40,gedmundsa4@prnewswire.com,Mexico,30478,blue,11/15/2019,840520.22
366,Kristal,Shuker,44,kshukera5@globo.com,France,60315 CEDEX 5,red,12/25/2013,988850.51
367,North,Orwin,31,norwina6@shinystat.com,Mexico,59762,red,11/24/2021,807675.25
368,Addie,Paliser,57,apalisera7@unesco.org,United States,40596,red,3/31/2021,991263.23
369,Anselma,Bedow,42,abedowa8@aol.com,France,87030 CEDEX 1,red,10/13/2017,940444.04
370,Juliann,Pontin,52,jpontina9@tmall.com,Canada,L9H,blue,8/18/2012,950207.22
371,Terrie,Siely,57,tsielyaa@miibeian.gov.cn,United States,33615,red,6/12/2020,175745.8
372,Horatio,Castro,56,hcastroab@delicious.com,Mexico,86350,blue,5/10/2017,124197.03
373,Skylar,Blackhall,34,sblackhallac@dedecms.com,France,64029 CEDEX 9,green,8/29/2019,704449.58
374,Kaja,Fust,65,kfustad@prlog.org,United States,80945,green,9/4/2019,776576.87
375,Olvan,Skakunas,38,oskakunasae@whitehouse.gov,France,34513 CEDEX,blue,12/23/2015,526038.3
376,Sumner,Phippin,26,sphippinaf@slashdot.org,Canada,N2Z,green,5/30/2015,525783.04
377,Addie,Pardoe,63,apardoeag@theglobeandmail.com,France,67039 CEDEX 2,red,7/10/2013,869805.12
378,Kaitlin,Gutherson,63,kguthersonah@amazon.co.jp,United States,34643,blue,9/3/2020,292093.14
379,Clair,Tieraney,19,ctieraneyai@mashable.com,Germany,06126,red,5/3/2015,529141.32
380,Faythe,Darrach,35,fdarrachaj@tuttocitta.it,Mexico,56564,red,7/25/2014,656661.42
381,Cori,O'Sullivan,26,cosullivanak@t.co,Canada,V6S,red,1/22/2010,189080.07
382,Charmaine,Abrashkov,23,cabrashkoval@sfgate.com,France,91821 CEDEX,red,6/14/2013,987976.94
383,Amie,Flieg,26,afliegam@blog.com,United States,73129,red,4/10/2011,133734.42
384,Brit,Byway,35,bbywayan@usnews.com,United States,10175,blue,12/14/2021,127368.3
385,Chantalle,Conlaund,27,cconlaundao@slate.com,France,14908 CEDEX 9,green,11/24/2013,776281.24
386,Alvan,Stove,61,astoveap@arizona.edu,United Kingdom,SN1,blue,1/9/2010,786547.9
387,Genna,Algar,21,galgaraq@prweb.com,Canada,J7R,blue,2/10/2020,333968.49
388,Joshuah,Milne,48,jmilnear@naver.com,Canada,A1N,red,6/23/2014,813632.81
389,Derrik,Innes,54,dinnesas@163.com,France,48005 CEDEX,blue,8/10/2020,597238.44
390,Christiana,Girdler,38,cgirdlerat@noaa.gov,France,75837 CEDEX 17,blue,8/19/2015,234416.71
391,Brockie,Albutt,29,balbuttau@list-manage.com,Canada,V2T,green,1/15/2013,285320.42
392,Gertrudis,Alastair,55,galastairav@creativecommons.org,Canada,K2R,blue,1/26/2021,594455.37
393,Ulysses,Haskins,40,uhaskinsaw@ucoz.ru,United States,33064,blue,1/7/2021,441404.21
394,Carlin,Feldberger,59,cfeldbergerax@europa.eu,Germany,04317,blue,5/22/2018,54153.61
395,Robert,Kohrding,29,rkohrdingay@csmonitor.com,France,39804 CEDEX,green,11/8/2013,258462.41
396,Tallulah,Barrus,36,tbarrusaz@wisc.edu,United States,47747,green,10/22/2018,927422.91
397,Nikola,Maidstone,63,nmaidstoneb0@nba.com,Canada,V4C,red,12/2/2016,797748.67
398,Markus,Greenin,56,mgreeninb1@simplemachines.org,Mexico,96980,blue,5/16/2010,196607.39
399,Tremain,Dacres,50,tdacresb2@wikimedia.org,Canada,N9V,blue,2/15/2014,602984.49
400,Tyrone,Avesque,20,tavesqueb3@seesaa.net,United States,15255,blue,3/4/2016,591770.32
401,Lazarus,Dannehl,48,ldannehlb4@adobe.com,France,14008 CEDEX 1,green,4/15/2014,715384.54
402,Lira,Zoppo,37,lzoppob5@tinyurl.com,United States,19141,green,9/15/2018,632593.09
403,Raf,Dunguy,65,rdunguyb6@phpbb.com,Canada,H5B,blue,10/25/2021,340500.53
404,Iorgo,Domegan,22,idomeganb7@amazon.com,United States,50393,red,6/3/2011,2629.15
405,Roseline,Yeatman,46,ryeatmanb8@mail.ru,France,93616 CEDEX,blue,6/7/2016,319492.53
406,Rebeka,Camsey,47,rcamseyb9@t-online.de,United States,77299,blue,2/23/2013,473166.34
407,Christiana,Mahood,47,cmahoodba@google.fr,Mexico,71605,red,8/15/2010,164357.44
408,Vilma,Ander,49,vanderbb@jalbum.net,Canada,L2A,green,12/27/2013,559470.22
409,Wain,Scoggin,47,wscogginbc@mysql.com,Mexico,75200,blue,2/13/2018,14679.68
410,Raoul,Tattersfield,47,rtattersfieldbd@bloomberg.com,United Kingdom,PH43,green,12/7/2020,658674.93
411,Hedvig,Gregoraci,40,hgregoracibe@flavors.me,United States,85383,red,5/21/2012,722426.51
412,Ade,Abrahamsohn,57,aabrahamsohnbf@phoca.cz,Mexico,61150,red,12/12/2012,303834.47
413,Livy,Yarr,30,lyarrbg@booking.com,United States,20784,blue,5/25/2018,706593.43
414,Nona,Gilvear,35,ngilvearbh@blog.com,Mexico,85227,blue,3/9/2020,248925.67
415,George,Oakinfold,39,goakinfoldbi@rakuten.co.jp,Mexico,72595,blue,4/15/2019,774043.0
416,Sandy,Goseling,44,sgoselingbj@ucla.edu,Canada,P7L,red,12/31/2020,711377.0
417,Paten,Rembrant,24,prembrantbk@wikipedia.org,France,64185 CEDEX,green,6/1/2012,352299.12
418,Roz,Boecke,36,rboeckebl@lycos.com,France,60477 CEDEX,red,1/1/2021,520662.61
419,Niccolo,Di Carlo,56,ndicarlobm@msn.com,United States,92170,green,2/26/2015,128772.91
420,Yasmin,Stoile,35,ystoilebn@samsung.com,Mexico,52060,green,4/16/2017,998586.23
421,Portia,Bride,60,pbridebo@phpbb.com,France,06234 CEDEX,red,3/4/2015,289713.84
422,Rossie,Crick,27,rcrickbp@odnoklassniki.ru,France,76404 CEDEX,green,12/21/2011,307517.66
423,Pattie,Grundy,64,pgrundybq@mashable.com,Mexico,96980,green,10/2/2011,89117.54
424,Rosalyn,Humpherson,47,rhumphersonbr@sourceforge.net,France,26109 CEDEX,green,1/27/2017,414635.51
425,Abraham,Agnew,55,aagnewbs@nifty.com,United States,39216,green,8/7/2015,612410.81
426,Abbey,Raddish,47,araddishbt@foxnews.com,France,93187 CEDEX,blue,10/20/2012,243267.45
427,Wilfrid,Helstrip,21,whelstripbu@deliciousdays.com,United States,32885,blue,3/17/2010,815307.87
428,Marylee,Carah,52,mcarahbv@meetup.com,France,95719 CEDEX 1,blue,9/26/2011,328542.26
429,Druci,Moyne,20,dmoynebw@dagondesign.com,United States,85215,green,11/27/2013,196249.69
430,Matthaeus,MacGiffin,21,mmacgiffinbx@facebook.com,France,92509 CEDEX,green,4/6/2017,842254.57
431,Hilarius,Comley,48,hcomleyby@tiny.cc,United States,48242,green,11/12/2019,218600.79
432,Emmie,Oslar,54,eoslarbz@sun.com,Canada,K7S,green,3/5/2017,706909.02
433,Wyatt,Hawken,27,whawkenc0@sciencedaily.com,United States,34479,red,2/12/2011,572943.67
434,Damon,McBoyle,65,dmcboylec1@e-recht24.de,United States,48126,green,4/20/2022,667685.92
435,Sharron,Bristow,18,sbristowc2@spiegel.de,France,30935 CEDEX 9,green,2/17/2022,743277.97
436,Dione,Lehrahan,23,dlehrahanc3@phpbb.com,Canada,L6R,red,12/2/2012,505007.38
437,Randy,McGaw,56,rmcgawc4@blog.com,Mexico,50695,red,9/15/2011,857619.05
438,Correy,Coggles,63,ccogglesc5@jimdo.com,France,38009 CEDEX 1,red,4/23/2013,301336.27
439,Valentin,Chew,64,vchewc6@nationalgeographic.com,France,29102 CEDEX,green,5/14/2013,328197.54
440,Germana,Meenan,39,gmeenanc7@merriam-webster.com,United States,85053,green,1/19/2015,881809.26
441,Ginelle,Labusch,22,glabuschc8@pbs.org,Mexico,45306,red,10/6/2020,825214.08
442,Gabriel,Blaney,23,gblaneyc9@infoseek.co.jp,United States,12210,blue,4/5/2014,523443.71
443,Thornton,Eaton,31,teatonca@arizona.edu,United States,98687,red,6/20/2012,950564.29
444,Upton,Bowkley,62,ubowkleycb@is.gd,United States,91199,red,11/25/2011,849749.9
445,Hewet,Dix,43,hdixcc@livejournal.com,France,89010 CEDEX,green,1/21/2013,926060.77
446,Elvira,Blockey,51,eblockeycd@harvard.edu,United States,19146,red,7/25/2013,941155.37
447,Darleen,Suttill,46,dsuttillce@linkedin.com,Mexico,25903,blue,4/6/2010,457925.66
448,Geralda,MacPherson,55,gmacphersoncf@furl.net,France,75509 CEDEX 15,blue,6/30/2015,706322.6
449,Lea,Aviss,35,lavisscg@hp.com,United States,28815,blue,2/3/2014,243692.51
450,Jermaine,Adds,20,jaddsch@fda.gov,France,10081 CEDEX,red,2/11/2015,490704.8
451,Minta,Onraet,52,monraetci@state.tx.us,Canada,K2R,red,10/26/2015,598007.41
452,Ernestus,Vallintine,56,evallintinecj@umn.edu,United States,32627,red,11/14/2014,533316.82
453,Sissy,Mulliss,56,smullissck@addtoany.com,United States,90030,green,1/4/2018,839762.21
454,Stacie,Charlick,46,scharlickcl@woothemes.com,France,83164 CEDEX,green,12/2/2018,930862.02
455,Kristal,Kiljan,53,kkiljancm@desdev.cn,France,77104 CEDEX,blue,11/28/2016,782256.55
456,Abbey,Outlaw,56,aoutlawcn@globo.com,United States,85010,red,4/23/2017,417964.46
457,Emylee,Mutton,28,emuttonco@qq.com,Mexico,93380,green,1/8/2021,580794.33
458,Phillip,Spieck,62,pspieckcp@comsenz.com,United States,77065,blue,3/8/2021,648533.74
459,Dan,Bosse,26,dbossecq@networkadvertising.org,Mexico,70317,blue,7/13/2014,781278.02
460,Humfrid,Tainton,21,htaintoncr@usa.gov,France,14109 CEDEX,green,7/18/2021,407329.39
461,Hendrik,Cranke,63,hcrankecs@latimes.com,Mexico,88680,red,12/21/2016,506635.72
462,Antoinette,Hoyles,35,ahoylesct@howstuffworks.com,Canada,N2L,red,7/14/2010,459455.76
463,Lanni,Hinchcliffe,27,lhinchcliffecu@businessinsider.com,France,75623 CEDEX 13,blue,4/26/2019,398258.74
464,Reynard,Billett,39,rbillettcv@bluehost.com,Mexico,39200,green,11/29/2020,407299.41
465,Marylinda,McKeowon,20,mmckeowoncw@nsw.gov.au,France,69639 CEDEX,blue,10/26/2022,543015.06
466,Franchot,Ewell,42,fewellcx@jimdo.com,France,83060 CEDEX,red,2/4/2011,88763.28
467,Lorne,McCrossan,44,lmccrossancy@ustream.tv,Germany,20249,green,11/17/2014,251289.48
468,Eldon,Jugging,33,ejuggingcz@loc.gov,United States,37995,green,11/10/2016,60825.26
469,Gail,Jotcham,49,gjotchamd0@trellian.com,United States,32868,red,9/4/2021,229924.85
470,Nelie,Gun,22,ngund1@mashable.com,United Kingdom,DL8,green,10/28/2015,415609.41
471,Layney,Bonaire,54,lbonaired2@phpbb.com,Canada,N9A,red,1/15/2010,112414.04
472,Kat,Tamblyn,31,ktamblynd3@msn.com,United States,33661,green,12/10/2014,100333.66
473,Samantha,Cutridge,41,scutridged4@devhub.com,United States,98405,blue,12/20/2020,687130.21
474,Lamar,Sparry,19,lsparryd5@icio.us,United States,98158,red,9/30/2021,901440.74
475,Lil,Besque,61,lbesqued6@ft.com,United States,30316,blue,9/23/2014,963729.17
476,Merell,McNab,45,mmcnabd7@posterous.com,United States,25331,red,4/12/2013,127024.79
477,Lita,Dineen,21,ldineend8@com.com,France,93462 CEDEX,blue,8/20/2014,608602.43
478,Llywellyn,Semmence,22,lsemmenced9@vimeo.com,Mexico,31803,blue,7/27/2015,443630.62
479,Alina,Gammett,19,agammettda@rambler.ru,France,21051 CEDEX,red,5/24/2010,460406.09
480,Caddric,Ciccarelli,34,cciccarellidb@time.com,Canada,J4N,blue,11/16/2010,579107.12
481,Packston,Primarolo,25,pprimarolodc@un.org,United States,10125,red,1/14/2015,780930.55
482,Silvio,Simioni,26,ssimionidd@icq.com,France,59034 CEDEX,red,12/11/2013,418725.26
483,Martguerita,Plinck,62,mplinckde@artisteer.com,France,75188 CEDEX 04,red,10/3/2022,204057.95
484,Titus,D'Antonio,41,tdantoniodf@t-online.de,Canada,P0M,red,4/12/2011,482536.76
485,Morena,Head,47,mheaddg@mapquest.com,Canada,B3S,red,3/12/2017,897220.34
486,Rozella,deKnevet,59,rdeknevetdh@comsenz.com,Mexico,91140,blue,6/28/2019,808051.49
487,Dorolisa,Isac,50,disacdi@1und1.de,United States,71213,blue,6/25/2015,253300.37
488,Ariana,Cornely,25,acornelydj@chicagotribune.com,Canada,G6L,blue,10/4/2014,238118.02
489,Zorah,Beasleigh,28,zbeasleighdk@rakuten.co.jp,Germany,60549,blue,10/25/2021,154253.98
490,Lisetta,Lathwood,28,llathwooddl@ucoz.com,Mexico,39130,red,2/17/2010,949307.39
491,Brier,Phidgin,18,bphidgindm@technorati.com,United States,60681,blue,7/10/2019,236782.12
492,Granthem,Fonteyne,26,gfonteynedn@surveymonkey.com,France,51054 CEDEX,blue,1/12/2020,856043.26
493,Fanechka,Calf,52,fcalfdo@cocolog-nifty.com,France,92324 CEDEX,red,2/25/2019,615178.27
494,Henderson,Laytham,55,hlaythamdp@stanford.edu,United States,10125,green,7/2/2020,444615.35
495,Hank,Mussotti,32,hmussottidq@mapquest.com,France,51039 CEDEX,blue,2/10/2014,656936.79
496,Modesta,Worge,62,mworgedr@google.cn,France,59425 CEDEX,green,8/20/2020,120478.27
497,Ollie,Geach,65,ogeachds@spotify.com,Mexico,36450,green,3/10/2015,478498.17
498,Karlyn,Holdey,62,kholdeydt@washington.edu,France,41355 CEDEX,blue,5/20/2022,817886.7
499,Ettie,Simmins,60,esimminsdu@europa.eu,France,25086 CEDEX 9,red,9/11/2014,385279.99
500,Alexa,Rodder,55,arodderdv@cdc.gov,Canada,T8H,green,3/11/2015,672205.72
501,Timothy,Korous,23,tkorousdw@ustream.tv,France,25045 CEDEX,blue,9/11/2016,523342.63
502,Elberta,Boast,23,eboastdx@clickbank.net,Germany,45149,green,9/14/2017,784790.4
503,Cecile,Muehler,29,cmuehlerdy@washingtonpost.com,Germany,70190,red,11/21/2017,461615.77
504,Justis,Trewhella,38,jtrewhelladz@tinyurl.com,United States,98405,blue,3/12/2020,99483.19
505,Terencio,Ardling,44,tardlinge0@amazon.de,France,92592 CEDEX,red,3/26/2015,328099.08
506,Warden,Easlea,18,weasleae1@networkadvertising.org,France,30006 CEDEX 4,blue,4/28/2014,930986.55
507,Ailee,Ninnoli,37,aninnolie2@prnewswire.com,France,33324 CEDEX,red,1/16/2021,653935.27
508,Jerrilyn,Ciottoi,20,jciottoie3@forbes.com,France,77304 CEDEX,red,8/13/2010,72782.74
509,Huberto,Hukins,58,hhukinse4@umich.edu,France,21083 CEDEX 9,green,9/15/2018,709676.24
510,Ema,Mostyn,49,emostyne5@nasa.gov,United States,41905,green,9/4/2015,108568.15
511,Ethelda,Revens,59,erevense6@imageshack.us,France,42355 CEDEX,blue,6/15/2010,89016.36
512,Ragnar,Votier,18,rvotiere7@utexas.edu,Mexico,95600,red,5/8/2013,633872.51
513,Holly-anne,Iorizzo,52,hiorizzoe8@fc2.com,France,31139 CEDEX,red,7/3/2012,894289.54
514,Demeter,Lumm,61,dlumme9@ibm.com,France,13456 CEDEX 13,red,1/9/2014,625424.99
515,Kari,Easbie,36,keasbieea@home.pl,France,68064 CEDEX 3,blue,1/15/2017,767675.22
516,Deva,Bolus,58,dboluseb@exblog.jp,France,91914 CEDEX 9,green,8/22/2017,2994.81
517,Spense,Croxon,27,scroxonec@kickstarter.com,United States,87201,green,1/3/2017,613782.85
518,Rivi,Antonutti,60,rantonuttied@wordpress.org,France,78345 CEDEX,red,4/29/2012,766999.14
519,Lorie,Bonett,27,lbonettee@webnode.com,France,69519 CEDEX,green,11/10/2017,218822.77
520,Corny,Plumbridge,59,cplumbridgeef@apple.com,France,92195 CEDEX,red,10/29/2021,689376.79
521,Emmalyn,Tapin,40,etapineg@photobucket.com,Mexico,26060,green,3/15/2021,712228.04
522,Moore,Pedroni,60,mpedronieh@tinyurl.com,France,31079 CEDEX 5,green,5/14/2014,195286.08
523,Nicolle,Jocic,25,njocicei@fda.gov,United States,94237,red,12/21/2011,442314.88
524,Torr,Buchanan,33,tbuchananej@hhs.gov,France,93209 CEDEX,green,11/15/2016,657119.25
525,Barbette,Hurley,34,bhurleyek@eepurl.com,Mexico,58140,green,9/25/2019,155643.6
526,Godfrey,Vynall,32,gvynallel@nationalgeographic.com,United States,06510,blue,8/29/2017,489393.55
527,Wynn,Kruschov,57,wkruschovem@behance.net,France,76040 CEDEX,green,12/22/2022,435661.64
528,Seumas,Snedden,31,ssneddenen@usa.gov,Germany,35687,green,11/16/2021,447557.03
529,Kinna,Barnhart,22,kbarnharteo@live.com,France,54046 CEDEX,red,3/11/2020,639463.06
530,Andra,Fearneley,44,afearneleyep@blogtalkradio.com,Germany,24118,red,3/20/2016,592782.33
531,Karlis,Sapey,41,ksapeyeq@nhs.uk,France,64185 CEDEX,green,8/5/2018,497312.63
532,Kory,Kenningham,30,kkenninghamer@illinois.edu,Canada,M5L,red,10/5/2021,951086.88
533,Livia,Eastwood,52,leastwoodes@sciencedaily.com,Mexico,95096,blue,11/11/2022,748888.29
534,Anitra,Kundert,45,akundertet@bloomberg.com,France,38244 CEDEX,blue,12/14/2011,528362.67
535,Othello,Arcase,35,oarcaseeu@google.com.au,United States,25709,blue,8/30/2020,275257.42
536,Kathleen,Walbrun,49,kwalbrunev@msu.edu,France,75643 CEDEX 13,red,7/16/2020,387293.47
537,Heath,Swindall,20,hswindallew@china.com.cn,France,76600,green,1/27/2019,982548.82
538,Hube,Fogden,34,hfogdenex@angelfire.com,Mexico,71122,red,5/3/2018,894637.68
539,Reuben,Gascoine,62,rgascoineey@booking.com,Canada,K1Y,blue,11/29/2010,173377.49
540,Minni,Slyme,43,mslymeez@ucsd.edu,Canada,M5T,blue,7/21/2020,823623.35
541,Taddeusz,Fomichyov,41,tfomichyovf0@xinhuanet.com,France,75853 CEDEX 17,green,11/12/2019,336025.51
542,Adolphe,Roark,60,aroarkf1@angelfire.com,United States,75379,blue,3/27/2017,575360.73
543,Grace,Astley,61,gastleyf2@bravesites.com,France,80104 CEDEX,green,6/6/2013,690208.79
544,Joanne,Topp,38,jtoppf3@go.com,France,92119 CEDEX,red,1/25/2014,851301.43
545,Beilul,McLorinan,64,bmclorinanf4@timesonline.co.uk,Mexico,25290,red,12/17/2020,182758.72
546,Rockwell,Gingedale,39,rgingedalef5@e-recht24.de,France,95072 CEDEX 1,green,1/6/2012,37827.83
547,Roselin,Splaven,24,rsplavenf6@facebook.com,Canada,G5N,blue,11/10/2014,805607.0
548,Cathee,Heggison,23,cheggisonf7@xinhuanet.com,France,59704 CEDEX,blue,3/27/2015,640183.39
549,Ronny,Sabathe,43,rsabathef8@arizona.edu,France,31201 CEDEX 2,red,3/7/2015,573925.9
550,Marilee,Claremont,31,mclaremontf9@moonfruit.com,United States,78764,red,7/4/2020,410975.31
551,Emmeline,Worge,51,eworgefa@topsy.com,United Kingdom,GL54,blue,12/30/2010,719472.34
552,Jennine,Hayesman,21,jhayesmanfb@surveymonkey.com,United States,78220,green,11/1/2020,77366.12
553,Esmaria,Pinckstone,42,epinckstonefc@csmonitor.com,Germany,09116,red,10/11/2016,508011.51
554,Gertruda,Moncur,59,gmoncurfd@wsj.com,Canada,N8M,red,4/4/2010,138496.35
555,Crysta,Calf,37,ccalffe@rediff.com,Canada,V6Z,green,6/23/2012,303038.46
556,Artemis,Janku,55,ajankuff@wix.com,Mexico,30800,green,11/12/2012,119551.35
557,Costa,Slides,27,cslidesfg@usatoday.com,Mexico,54932,red,5/1/2012,922230.93
558,Sadella,Tarbard,29,starbardfh@wordpress.com,France,75562 CEDEX 12,red,8/20/2019,614727.05
559,Fairleigh,Errington,18,ferringtonfi@va.gov,United States,94627,red,12/11/2016,759058.84
560,Mair,Moatt,20,mmoattfj@facebook.com,France,76418 CEDEX 9,red,5/26/2017,263831.48
561,Hobart,Shimman,65,hshimmanfk@netlog.com,Canada,J7R,red,11/23/2015,107271.66
562,Pall,Dobbinson,34,pdobbinsonfl@e-recht24.de,Germany,13599,green,11/18/2017,740148.23
563,Evelin,McTavy,18,emctavyfm@qq.com,Germany,04288,blue,3/27/2013,633345.23
564,Elvis,Goldsworthy,38,egoldsworthyfn@t.co,United States,76905,blue,10/25/2015,443872.89
565,Candie,Offell,54,coffellfo@lulu.com,United States,16505,blue,11/29/2015,232166.32
566,Olympie,Jouen,38,ojouenfp@wikispaces.com,France,06016 CEDEX 1,green,10/18/2014,614676.4
567,Brynne,Jedrzejewsky,52,bjedrzejewskyfq@google.ru,Mexico,71200,red,7/8/2015,595756.15
568,Sibella,McGeown,65,smcgeownfr@soundcloud.com,Mexico,54783,green,12/17/2011,501423.18
569,Pauly,Welbeck,36,pwelbeckfs@toplist.cz,Canada,J5X,green,3/24/2020,404372.75
570,Lynde,Chaplyn,56,lchaplynft@google.ca,Canada,S9V,green,9/7/2019,992763.79
571,Scarlett,Hallawell,32,shallawellfu@boston.com,France,60022 CEDEX,blue,7/8/2015,823513.71
572,Thain,Backhurst,33,tbackhurstfv@army.mil,France,42355 CEDEX,blue,8/8/2021,943134.82
573,Maddy,Deery,42,mdeeryfw@spiegel.de,France,91424 CEDEX,green,7/9/2017,447516.77
574,Edythe,Clues,45,ecluesfx@indiatimes.com,Germany,40215,blue,5/24/2013,919370.29
575,Darcey,Tootell,19,dtootellfy@youku.com,United States,23277,blue,11/30/2014,392599.52
576,Art,Pouck,40,apouckfz@nsw.gov.au,United States,75277,green,4/13/2015,776600.25
577,Mallorie,Extal,58,mextalg0@constantcontact.com,United States,91103,blue,11/29/2016,72469.9
578,Nils,Kneller,47,nknellerg1@cafepress.com,Mexico,56564,red,9/23/2016,118525.88
579,Mose,Tresise,44,mtresiseg2@house.gov,Canada,E4S,blue,2/29/2020,616026.36
580,Yehudi,Banbrick,37,ybanbrickg3@geocities.jp,Mexico,33102,red,10/18/2010,257449.0
581,Donnie,Phillpot,47,dphillpotg4@deliciousdays.com,United States,31410,red,9/21/2010,163814.62
582,Felicle,Prandoni,20,fprandonig5@sourceforge.net,France,11803 CEDEX 9,red,11/13/2011,272645.28
583,Levey,Gadault,39,lgadaultg6@paypal.com,United States,91499,red,9/19/2018,928682.37
584,Ora,Aldis,22,oaldisg7@slate.com,France,84147 CEDEX,blue,1/19/2021,625224.61
585,Inga,Weavers,43,iweaversg8@sphinn.com,France,94364 CEDEX,red,5/25/2014,362221.0
586,Dasya,Cuttin,21,dcutting9@eventbrite.com,Mexico,48324,red,7/1/2016,404180.3
587,Percy,Dedon,27,pdedonga@mozilla.org,France,78067 CEDEX,green,9/14/2016,191908.26
588,Batholomew,Blaes,54,bblaesgb@amazon.co.jp,United States,61110,green,3/1/2016,285671.61
589,April,Edens,25,aedensgc@devhub.com,France,04004 CEDEX,red,10/7/2010,194611.87
590,Pepito,Isaaksohn,47,pisaaksohngd@gmpg.org,Canada,P5E,red,9/22/2020,534918.97
591,Wendye,Sanpher,23,wsanpherge@hexun.com,Germany,79106,blue,9/29/2014,238012.23
592,Rafael,Featherstonhaugh,48,rfeatherstonhaughgf@ocn.ne.jp,United States,16565,green,3/9/2020,819383.24
593,Minnnie,Brende,46,mbrendegg@marriott.com,United States,58122,red,1/20/2011,39378.17
594,Terrell,Jeacocke,30,tjeacockegh@walmart.com,United States,20016,blue,9/7/2013,541303.23
595,Fannie,Dober,36,fdobergi@google.es,Canada,M4C,red,6/5/2014,708414.1
596,Obadias,Berisford,65,oberisfordgj@spotify.com,France,88084 CEDEX 9,red,3/7/2022,681959.09
597,Laverne,St Ledger,47,lstledgergk@mlb.com,Germany,86156,red,4/26/2011,653720.21
598,Saloma,Mirando,50,smirandogl@xing.com,United States,93305,red,7/8/2011,244390.94
599,Gabriel,Hegerty,60,ghegertygm@devhub.com,Mexico,87140,blue,12/15/2018,383061.86
600,Bryon,Menichelli,60,bmenichellign@seesaa.net,United States,20226,red,9/12/2017,500768.89
601,Elna,Mackro,59,emackrogo@upenn.edu,United States,23605,blue,1/11/2019,191507.58
602,Killian,Pala,47,kpalagp@princeton.edu,Mexico,41004,red,10/23/2018,722916.81
603,Arden,Dumblton,51,adumbltongq@china.com.cn,France,88154 CEDEX,red,3/25/2018,748034.08
604,Rodolphe,Sigmund,29,rsigmundgr@imgur.com,United States,31410,green,4/20/2021,730441.26
605,Calhoun,Woodnutt,51,cwoodnuttgs@foxnews.com,France,57016 CEDEX 01,red,9/7/2012,715152.37
606,Fallon,Berceros,27,fbercerosgt@mozilla.org,France,37404 CEDEX,red,10/4/2014,296505.63
607,Norris,McCulloch,39,nmccullochgu@edublogs.org,United States,90831,green,6/10/2015,659747.26
608,Lanita,Manclark,51,lmanclarkgv@biglobe.ne.jp,France,39104 CEDEX,green,12/12/2012,384619.12
609,Marrilee,Ellison,63,mellisongw@hatena.ne.jp,Canada,H9X,blue,1/17/2020,639888.3
610,Gus,Egle of Germany,65,gegleofgermanygx@tumblr.com,United States,37205,green,6/6/2019,361257.03
611,Baryram,Toxell,21,btoxellgy@buzzfeed.com,Canada,G6G,green,11/14/2018,836884.22
612,Velma,Dell Casa,64,vdellcasagz@ucoz.ru,United Kingdom,SY4,green,8/7/2021,408805.05
613,Gilbertine,Luciano,40,glucianoh0@parallels.com,France,44958 CEDEX 9,green,2/13/2018,788416.87
614,Shandra,McMurtyr,29,smcmurtyrh1@stumbleupon.com,France,94149 CEDEX,blue,5/2/2019,727035.86
615,Bart,Serrels,45,bserrelsh2@usda.gov,France,43010 CEDEX,blue,10/17/2022,867098.18
616,Sandro,Jenne,58,sjenneh3@sogou.com,United States,15286,green,11/1/2020,519826.13
617,Sammy,Yantsev,18,syantsevh4@dot.gov,United States,16522,red,4/1/2015,444569.54
618,Opal,Eteen,60,oeteenh5@time.com,United States,51105,red,1/26/2012,129911.27
619,Shelby,Razoux,29,srazouxh6@opera.com,United States,75185,red,2/12/2010,382240.06
620,Glennis,Sivorn,36,gsivornh7@blogger.com,France,17029 CEDEX 1,red,6/20/2018,302455.59
621,Kally,Bradd,63,kbraddh8@huffingtonpost.com,France,95304 CEDEX,red,6/19/2019,290332.13
622,Allen,Wyse,21,awyseh9@si.edu,United States,63121,blue,8/6/2013,931987.76
623,Deedee,Coode,40,dcoodeha@fotki.com,France,93883 CEDEX,green,10/31/2019,530206.44
624,Frayda,Whaley,54,fwhaleyhb@cnbc.com,United States,79977,green,6/5/2011,348699.39
625,Rachelle,Rappa,35,rrappahc@dailymail.co.uk,France,39409 CEDEX,blue,6/28/2019,856124.31
626,Anton,Torbard,60,atorbardhd@sourceforge.net,France,92613 CEDEX,red,12/23/2010,860401.74
627,Wilhelm,Merrett,19,wmerretthe@php.net,France,84913 CEDEX 9,blue,7/6/2019,366744.11
628,Gizela,Palfery,57,gpalferyhf@privacy.gov.au,United States,89178,blue,12/31/2011,25647.99
629,Genvieve,Lisett,27,glisetthg@e-recht24.de,Canada,L9S,blue,8/11/2015,578166.0
630,Rem,McGaw,40,rmcgawhh@free.fr,France,62055 CEDEX,green,7/13/2021,915458.01
631,Davine,Smead,42,dsmeadhi@fc2.com,Germany,22303,blue,4/12/2019,173265.88
632,Kaspar,Checcuzzi,20,kcheccuzzihj@mashable.com,France,31678 CEDEX,blue,10/9/2014,975004.78
633,Max,Stebbings,52,mstebbingshk@biblegateway.com,United States,75265,green,7/6/2016,533433.1
634,Elspeth,Money,57,emoneyhl@pcworld.com,France,93691 CEDEX,red,4/15/2015,701112.13
635,Dennis,Bricham,55,dbrichamhm@wix.com,France,79004 CEDEX,red,7/26/2015,671015.36
636,Freedman,Paolini,55,fpaolinihn@yahoo.com,United States,37131,green,10/21/2014,979414.27
637,Cher,Bulloch,44,cbullochho@upenn.edu,United States,14905,blue,9/3/2019,536772.22
638,Marcy,Pierse,43,mpiersehp@ocn.ne.jp,United States,91131,red,2/26/2019,549286.29
639,Julie,Tarbatt,35,jtarbatthq@businesswire.com,United States,96840,green,11/28/2015,729054.73
640,Raphael,Andrei,37,randreihr@dyndns.org,Canada,J5W,blue,9/3/2012,736875.13
641,Hal,Roff,39,hroffhs@irs.gov,Mexico,93610,blue,11/22/2010,479842.66
642,Kylen,Grishanin,65,kgrishaninht@samsung.com,France,29825 CEDEX 9,blue,1/3/2011,364790.34
643,Teresa,Storrock,60,tstorrockhu@goo.gl,France,78925 CEDEX 9,blue,2/18/2021,469771.27
644,Osbert,Goodfield,37,ogoodfieldhv@youtube.com,United States,89193,red,4/11/2011,959623.53
645,Andreana,Teideman,59,ateidemanhw@unicef.org,Mexico,58353,green,10/3/2022,922330.34
646,Neala,MacGowing,63,nmacgowinghx@google.ca,Mexico,27400,green,6/5/2010,663018.97
647,Simonne,Vakhrushin,37,svakhrushinhy@oracle.com,United States,66105,blue,12/9/2010,932430.76
648,Marilee,Marzella,24,mmarzellahz@apple.com,Canada,M4J,blue,12/24/2010,982964.79
649,Louisa,Kimber,46,lkimberi0@ocn.ne.jp,France,54009 CEDEX,red,2/26/2012,511454.0
650,Renaldo,Tuffs,38,rtuffsi1@huffingtonpost.com,France,92036 CEDEX,red,3/6/2016,897138.36
651,Tabby,Ludlow,18,tludlowi2@samsung.com,France,38009 CEDEX 1,red,3/29/2016,317728.7
652,Cherey,Sumsion,53,csumsioni3@joomla.org,France,76124 CEDEX,blue,12/27/2014,559415.71
653,Gradeigh,Akess,38,gakessi4@squarespace.com,United States,95205,red,2/2/2013,133118.63
654,Nickolai,Meech,57,nmeechi5@vinaora.com,Mexico,31770,green,3/16/2018,272173.67
655,Dannie,Boyford,37,dboyfordi6@eventbrite.com,France,12030 CEDEX 9,red,2/17/2013,208215.38
656,Derk,Roaf,41,droafi7@usgs.gov,France,95874 CEDEX,blue,11/16/2022,938086.08
657,Renard,Jollands,19,rjollandsi8@booking.com,France,69469 CEDEX 06,green,1/14/2014,634336.25
658,Bride,Simco,36,bsimcoi9@eventbrite.com,United States,80217,red,9/27/2014,901430.26
659,Fifine,Ruppertz,26,fruppertzia@cornell.edu,Canada,M9R,blue,12/2/2022,39597.45
660,Dolores,Spittall,26,dspittallib@jalbum.net,France,67124 CEDEX,blue,6/22/2016,938507.66
661,Gauthier,Onthank,39,gonthankic@whitehouse.gov,France,89204 CEDEX,blue,12/27/2022,947987.83
662,Evanne,Dillicate,65,edillicateid@studiopress.com,France,67704 CEDEX,red,2/26/2010,437729.23
663,Keri,Heball,49,kheballie@europa.eu,France,76029 CEDEX,green,7/15/2019,94669.88
664,Gisella,Blackaller,35,gblackallerif@bizjournals.com,France,35164 CEDEX,green,8/3/2022,607367.55
665,Patten,Dell Casa,42,pdellcasaig@hc360.com,France,59073 CEDEX 1,blue,4/17/2022,822028.17
666,Corella,Crutchfield,62,ccrutchfieldih@gizmodo.com,Mexico,56030,green,1/23/2014,937189.29
667,Harris,Timbridge,65,htimbridgeii@goodreads.com,Canada,J6W,red,6/20/2019,115772.68
668,Gunilla,Cockren,26,gcockrenij@usa.gov,United States,28230,blue,3/7/2015,440339.6
669,Mirabel,Norwood,50,mnorwoodik@fema.gov,Germany,12437,red,1/22/2017,766451.31
670,Brynn,Foad,29,bfoadil@samsung.com,Mexico,65600,red,8/2/2014,408074.62
671,Gamaliel,Hoult,42,ghoultim@lycos.com,France,92144 CEDEX,green,3/24/2018,170221.16
672,Nevile,Ousley,48,nousleyin@addthis.com,United States,14652,red,6/7/2013,38111.26
673,Bevin,Hannaby,22,bhannabyio@tripod.com,Canada,H9S,green,4/2/2012,130705.52
674,Perice,Verheijden,45,pverheijdenip@seesaa.net,Mexico,36750,green,1/16/2015,241707.89
675,Christyna,Baddeley,24,cbaddeleyiq@example.com,France,63804 CEDEX,blue,1/2/2022,298655.35
676,Alfredo,Bedow,46,abedowir@over-blog.com,France,75976 CEDEX 20,green,2/27/2010,314808.33
677,Ronalda,Huckin,26,rhuckinis@scribd.com,France,54412 CEDEX,blue,1/22/2019,978051.42
678,Cacilia,Sollon,32,csollonit@1688.com,United States,06127,blue,3/13/2011,808597.36
679,Elaine,Spenley,29,espenleyiu@mail.ru,United States,35263,green,5/29/2022,737242.57
680,Gaylene,Redhouse,41,gredhouseiv@slate.com,United States,73124,green,9/10/2022,42472.14
681,Horacio,Ronnay,18,hronnayiw@g.co,France,15004 CEDEX,green,3/26/2018,95224.86
682,Aline,Coom,41,acoomix@sina.com.cn,France,93104 CEDEX,blue,9/17/2017,514215.06
683,Martin,Behrend,43,mbehrendiy@msn.com,France,56019 CEDEX,red,5/5/2017,191334.39
684,Patsy,Rudkin,27,prudkiniz@sbwire.com,Canada,B0N,blue,7/12/2016,96022.03
685,Chloris,Lantiff,43,clantiffj0@privacy.gov.au,United Kingdom,BD23,red,1/17/2011,424632.68
686,Wayland,Defries,30,wdefriesj1@seattletimes.com,France,83953 CEDEX,red,6/13/2013,883841.84
687,Anestassia,Franzen,41,afranzenj2@vkontakte.ru,France,29404 CEDEX,blue,9/18/2020,143815.11
688,Flint,Clearley,57,fclearleyj3@oakley.com,Mexico,75780,red,10/25/2019,72236.89
689,Rosalyn,Brydson,40,rbrydsonj4@histats.com,France,44706 CEDEX,green,10/23/2013,852350.66
690,Rickard,Severy,42,rseveryj5@themeforest.net,United States,79945,blue,10/13/2018,37321.52
691,Hadley,Puzey,38,hpuzeyj6@ftc.gov,France,93187 CEDEX,blue,2/28/2011,182029.32
692,Robinson,Cramond,25,rcramondj7@purevolume.com,Mexico,38823,green,2/12/2012,399930.95
693,Luise,Aucock,18,laucockj8@cdc.gov,United States,62723,blue,12/30/2018,341611.08
694,Maury,Kidby,46,mkidbyj9@360.cn,Mexico,88710,green,9/19/2016,872065.78
695,Wren,Kolodziej,19,wkolodziejja@g.co,Mexico,86690,blue,10/5/2018,820437.1
696,Patin,Tonkin,50,ptonkinjb@comcast.net,United States,20380,green,4/5/2017,74779.67
697,Rollo,Cauley,37,rcauleyjc@theglobeandmail.com,France,64109 CEDEX,blue,6/8/2013,570142.9
698,Aleda,Warret,61,awarretjd@psu.edu,France,35022 CEDEX 2,red,5/17/2013,325835.14
699,Nickie,Sandy,23,nsandyje@umn.edu,France,95711 CEDEX 1,blue,8/17/2010,536666.73
700,Obediah,Mowlam,64,omowlamjf@oaic.gov.au,Canada,G8A,red,6/10/2011,491638.77
701,Rudy,Brixey,38,rbrixeyjg@ehow.com,United States,87105,green,3/2/2017,322450.44
702,Wilhelm,MacWilliam,43,wmacwilliamjh@dedecms.com,Canada,T4S,green,11/27/2021,307562.63
703,Tyler,Arnefield,28,tarnefieldji@oracle.com,United States,74116,green,9/11/2022,663004.78
704,Darrelle,Minchindon,54,dminchindonjj@smugmug.com,Mexico,58337,blue,8/3/2019,828176.87
705,Christel,Trosdall,32,ctrosdalljk@blogs.com,France,33394 CEDEX,red,1/15/2021,682259.05
706,Freeland,Jayume,64,fjayumejl@icq.com,United States,20546,green,8/17/2016,16073.54
707,Jenine,Lanahan,64,jlanahanjm@si.edu,France,42045 CEDEX 1,blue,11/27/2017,984729.81
708,Barnabas,Montague,38,bmontaguejn@mail.ru,Canada,G8A,red,3/18/2018,430320.15
709,Adi,Iley,30,aileyjo@jimdo.com,United States,14609,red,7/2/2018,695226.39
710,Tressa,Patroni,19,tpatronijp@webnode.com,France,95011 CEDEX,blue,5/10/2022,263022.31
711,Paloma,Crumley,35,pcrumleyjq@reference.com,Canada,J3L,blue,10/24/2021,558261.58
712,Edouard,Verduin,55,everduinjr@toplist.cz,France,92521 CEDEX,green,1/3/2010,877636.4
713,Christy,Hook,61,chookjs@salon.com,United States,46406,red,7/30/2018,170286.06
714,Eba,Nolli,35,enollijt@cargocollective.com,Canada,G3A,blue,2/16/2014,48648.32
715,Birch,Pover,26,bpoverju@theatlantic.com,France,73009 CEDEX,red,2/26/2013,203733.7
716,Roanne,Treble,19,rtreblejv@vkontakte.ru,United States,37605,blue,8/18/2013,35413.54
717,Staci,Jaouen,35,sjaouenjw@census.gov,United States,44505,blue,2/27/2013,172913.68
718,Adena,Grice,46,agricejx@tinyurl.com,United States,92725,green,11/2/2017,703105.18
719,Merrile,Jensen,59,mjensenjy@army.mil,United States,31165,green,1/13/2022,219332.17
720,Harley,Barneveld,20,hbarneveldjz@devhub.com,Mexico,58118,blue,1/15/2017,47680.9
721,Debi,Ajsik,43,dajsikk0@wsj.com,Canada,J6N,red,1/30/2019,853537.76
722,Rem,Lowdham,61,rlowdhamk1@storify.com,France,59967 CEDEX,green,5/22/2020,682220.38
723,Paloma,Wimpey,32,pwimpeyk2@friendfeed.com,France,92592 CEDEX,blue,11/3/2018,65965.37
724,Tuckie,Castelot,46,tcastelotk3@amazon.de,Canada,V2G,blue,7/21/2019,981837.0
725,Moshe,Gilleson,47,mgillesonk4@wordpress.org,Canada,L2A,red,10/25/2012,432687.26
726,Ingunna,Chisolm,32,ichisolmk5@symantec.com,United States,28263,red,4/11/2017,239859.17
727,Verile,Peyes,63,vpeyesk6@desdev.cn,United States,14225,blue,8/26/2016,699831.08
728,La verne,Comettoi,52,lcomettoik7@eventbrite.com,France,42335 CEDEX,blue,4/7/2010,68656.48
729,Cacilie,Witherow,27,cwitherowk8@mozilla.org,France,94865 CEDEX,green,8/17/2010,844940.11
730,Edouard,Keitch,27,ekeitchk9@w3.org,Canada,V9P,blue,5/9/2012,167535.18
731,Joye,Rigbye,63,jrigbyeka@salon.com,France,94946 CEDEX 9,blue,9/15/2015,111919.3
732,Bruce,Cockran,45,bcockrankb@va.gov,Canada,C1B,red,2/13/2015,938421.97
733,Karna,Accum,28,kaccumkc@storify.com,United States,90189,blue,1/22/2020,377813.05
734,Chery,Libbe,55,clibbekd@sohu.com,France,37922 CEDEX 9,blue,6/1/2018,363049.74
735,Melicent,Giovanetti,26,mgiovanettike@webnode.com,United States,19725,red,4/8/2016,677333.59
736,Gaylor,Townsley,57,gtownsleykf@chronoengine.com,United States,33169,red,2/13/2022,63840.14
737,Sharron,Mewe,59,smewekg@linkedin.com,France,74164 CEDEX,blue,1/19/2016,818063.28
738,Georg,McGerr,28,gmcgerrkh@miitbeian.gov.cn,France,75480 CEDEX 10,green,2/6/2017,44381.6
739,Cullie,Martynov,55,cmartynovki@tripod.com,France,06281 CEDEX 3,blue,4/21/2011,536758.86
740,Corby,Bescoby,41,cbescobykj@ucoz.ru,Germany,01156,blue,6/3/2013,975340.58
741,Emyle,Dionsetti,51,edionsettikk@i2i.jp,France,06281 CEDEX 3,red,9/23/2016,358308.17
742,Derek,Widocks,45,dwidockskl@nationalgeographic.com,Canada,V9B,red,9/4/2018,803749.5
743,Renault,Beincken,56,rbeinckenkm@g.co,Mexico,93610,blue,7/12/2022,833494.12
744,Gay,Bruckshaw,42,gbruckshawkn@mysql.com,France,88099 CEDEX 9,green,9/17/2022,500027.84
745,Rhodia,Noli,47,rnoliko@sfgate.com,France,28901 CEDEX 9,green,10/30/2015,424237.32
746,Carey,Cozins,28,ccozinskp@washington.edu,United States,23237,blue,10/22/2019,140761.14
747,Cirstoforo,Shewan,31,cshewankq@reddit.com,France,13281 CEDEX 06,red,10/29/2010,842601.56
748,Jessica,Parradye,61,jparradyekr@icq.com,United States,92648,red,9/24/2010,3746.49
749,Filmer,Middler,53,fmiddlerks@vk.com,Mexico,70805,red,3/29/2015,593048.11
750,Damian,Bestwick,54,dbestwickkt@list-manage.com,United States,90055,blue,3/6/2014,744875.52
751,Gertrud,Hintze,55,ghintzeku@themeforest.net,France,94049 CEDEX,blue,6/8/2012,185795.26
752,Allin,Vila,22,avilakv@miibeian.gov.cn,United States,20337,green,9/19/2011,570704.33
753,Thomasa,Stiant,54,tstiantkw@epa.gov,France,74964 CEDEX,red,7/5/2020,424658.28
754,Englebert,Sheehan,47,esheehankx@g.co,Mexico,38800,green,8/14/2018,194151.61
755,Ursuline,Ferrulli,21,uferrulliky@va.gov,France,31059 CEDEX 9,green,7/3/2011,326179.65
756,Lucho,Lynch,18,llynchkz@uol.com.br,Mexico,58353,red,12/11/2012,330966.32
757,Ara,Poutress,40,apoutressl0@pinterest.com,France,29193 CEDEX,blue,8/19/2018,295134.94
758,Alphonso,Osbaldstone,49,aosbaldstonel1@exblog.jp,France,93144 CEDEX,blue,3/28/2016,589020.05
759,Joice,Firidolfi,49,jfiridolfil2@indiegogo.com,United States,33686,green,10/15/2020,545427.36
760,Saudra,Bilsford,57,sbilsfordl3@accuweather.com,United States,20226,blue,4/26/2016,394415.54
761,Anatola,Kolushev,18,akolushevl4@php.net,Mexico,26834,blue,9/28/2020,25855.2
762,Davis,Stappard,38,dstappardl5@nps.gov,Canada,M4J,green,8/29/2015,675973.37
763,Beilul,Hynam,49,bhynaml6@shop-pro.jp,United States,76110,blue,1/25/2020,32061.8
764,Chick,Reburn,64,creburnl7@fema.gov,France,95324 CEDEX,red,4/19/2013,511261.17
765,Anderea,Koop,56,akoopl8@facebook.com,United States,95818,blue,6/17/2022,55591.64
766,Gates,Hagstone,21,ghagstonel9@google.com.hk,United States,06105,red,2/6/2011,228158.2
767,Rolland,Nend,41,rnendla@utexas.edu,Canada,S6J,red,8/26/2016,714940.25
768,Jo-ann,Aries,58,jarieslb@foxnews.com,Mexico,39260,red,8/19/2012,614772.43
769,Kora,Sawter,43,ksawterlc@ucla.edu,France,04104 CEDEX,green,3/2/2019,200238.49
770,Charla,Thaxter,47,cthaxterld@businessweek.com,United States,80305,green,4/28/2017,103346.98
771,Lotti,Comi,52,lcomile@dagondesign.com,France,18013 CEDEX,blue,4/4/2017,186853.58
772,Brittani,O'Fergus,53,boferguslf@usa.gov,France,62247 CEDEX,green,5/10/2022,808558.34
773,Corene,Twentyman,57,ctwentymanlg@google.ca,United States,91103,blue,3/1/2012,832250.67
774,Aila,Moretto,46,amorettolh@indiegogo.com,United States,94913,green,5/2/2022,710356.02
775,Latisha,Thom,19,lthomli@facebook.com,United States,30328,red,12/6/2016,330183.3
776,Umberto,O'Bradane,64,uobradanelj@webmd.com,France,37554 CEDEX,green,8/7/2015,429627.58
777,Buck,Jacquest,37,bjacquestlk@jalbum.net,Mexico,35488,green,9/24/2010,337536.78
778,Ruggiero,Fehners,51,rfehnersll@telegraph.co.uk,France,33911 CEDEX 9,blue,10/30/2019,250348.22
779,Merwyn,Redbourn,60,mredbournlm@sfgate.com,Mexico,54730,blue,11/29/2019,385459.77
780,Wally,Ferrini,19,wferriniln@taobao.com,United States,95108,red,8/7/2022,964962.24
781,Marrilee,Wormleighton,54,mwormleightonlo@indiatimes.com,France,44244 CEDEX,red,10/27/2018,49100.47
782,Ariana,Crewe,25,acrewelp@unicef.org,United States,39236,green,12/5/2021,292435.9
783,Brig,Skoyles,62,bskoyleslq@about.me,France,37205 CEDEX 3,green,3/17/2020,914455.89
784,Gloriana,Sangster,32,gsangsterlr@dailymail.co.uk,United States,20430,green,9/8/2011,195861.76
785,Dalton,Fashion,48,dfashionls@hatena.ne.jp,United States,84125,green,9/21/2016,693910.78
786,Denys,Harverson,64,dharversonlt@wikimedia.org,United States,63143,red,6/24/2015,207551.41
787,Elvira,Alelsandrovich,24,ealelsandrovichlu@jugem.jp,United States,78205,blue,11/13/2013,142762.48
788,Bourke,Szimoni,49,bszimonilv@twitter.com,Mexico,38477,red,11/16/2015,447692.89
789,Gerik,Reinard,63,greinardlw@gnu.org,Canada,P7L,red,8/18/2018,362211.48
790,Angeline,Creevy,62,acreevylx@miitbeian.gov.cn,United States,31106,green,1/13/2021,870120.17
791,Godart,Britt,36,gbrittly@illinois.edu,United States,50981,green,9/26/2015,965148.01
792,Conchita,Nockalls,63,cnockallslz@weibo.com,France,37922 CEDEX 9,blue,8/27/2010,344727.93
793,Nap,Olivey,58,noliveym0@acquirethisname.com,France,95697 CEDEX,green,11/4/2011,834194.3
794,Dael,Clemmens,42,dclemmensm1@goodreads.com,Germany,34132,red,10/16/2018,58809.68
795,Brigitta,Spurge,35,bspurgem2@flavors.me,Canada,N2B,blue,5/31/2018,524737.24
796,Myrwyn,Chilvers,62,mchilversm3@addthis.com,United States,79940,red,12/18/2019,566246.63
797,Kaitlyn,Ladyman,63,kladymanm4@tumblr.com,France,92398 CEDEX,blue,6/10/2018,977335.94
798,Midge,Riehm,20,mriehmm5@livejournal.com,United States,75062,red,8/10/2016,881034.06
799,Melisent,Souley,59,msouleym6@sciencedaily.com,Canada,J3M,blue,8/28/2021,453061.42
800,Lindsay,Fortescue,28,lfortescuem7@gizmodo.com,France,58404 CEDEX,blue,11/17/2019,284026.41
801,Shepherd,Riste,38,sristem8@w3.org,United Kingdom,SN13,red,12/30/2019,189764.19
802,Tonia,Civitillo,63,tcivitillom9@godaddy.com,France,75439 CEDEX 09,blue,7/4/2010,41239.98
803,Adelind,Stiddard,20,astiddardma@umn.edu,Canada,T7A,green,1/27/2019,26067.37
804,Wileen,Fewlass,48,wfewlassmb@umn.edu,France,30104 CEDEX,red,9/9/2012,349503.59
805,Farica,Stebbins,44,fstebbinsmc@arstechnica.com,Canada,R7N,red,5/2/2022,442093.33
806,Fabien,Landers,65,flandersmd@facebook.com,France,39104 CEDEX,blue,5/26/2010,580641.31
807,Myrtia,Outibridge,50,moutibridgeme@instagram.com,United States,98195,green,6/14/2012,568108.2
808,Buiron,Sprade,31,bsprademf@pinterest.com,Canada,V8S,blue,6/27/2018,896246.65
809,Halsy,McSkin,52,hmcskinmg@soundcloud.com,France,59425 CEDEX,green,11/4/2018,843159.7
810,Christy,Kimblin,57,ckimblinmh@fema.gov,France,13592 CEDEX 3,blue,6/11/2018,488394.85
811,Theresa,Bartoleyn,64,tbartoleynmi@wp.com,Mexico,45630,blue,3/24/2022,457609.73
812,Millicent,Volonte,49,mvolontemj@oracle.com,Mexico,93605,blue,9/7/2019,126091.53
813,Dunc,Bransgrove,21,dbransgrovemk@creativecommons.org,Canada,N2L,green,7/7/2014,106252.38
814,Calypso,Yersin,30,cyersinml@google.it,Canada,J3H,blue,9/14/2020,239309.13
815,Angy,Barg,18,abargmm@economist.com,United States,55590,green,10/9/2013,382493.11
816,Gabby,Chance,43,gchancemn@skype.com,France,13399 CEDEX 05,blue,8/10/2022,468122.36
817,Leonid,O' Timony,25,lotimonymo@paypal.com,United States,47812,blue,10/15/2016,479424.38
818,Betsy,Myrkus,41,bmyrkusmp@a8.net,Canada,G8J,blue,7/4/2011,228098.28
819,Wash,Spira,41,wspiramq@nymag.com,United States,95894,blue,2/26/2016,354398.55
820,Rockwell,Leblanc,42,rleblancmr@skype.com,Canada,H5B,blue,8/12/2019,544538.55
821,Evangeline,Lancett,22,elancettms@usgs.gov,France,06905 CEDEX,green,7/9/2013,617075.09
822,Alair,Blindmann,29,ablindmannmt@prweb.com,France,92742 CEDEX,blue,8/24/2013,507872.69
823,Mack,Gerry,63,mgerrymu@intel.com,France,59304 CEDEX,red,12/15/2017,838306.74
824,Elfie,Brennon,65,ebrennonmv@gov.uk,France,54412 CEDEX,blue,12/18/2015,157725.22
825,Cori,Garn,43,cgarnmw@diigo.com,Mexico,40053,blue,9/10/2021,302263.12
826,Barris,Dibner,28,bdibnermx@tuttocitta.it,France,31489 CEDEX 4,green,8/7/2019,685325.61
827,Car,Dering,57,cderingmy@soup.io,United States,72209,green,4/5/2019,667932.07
828,Tilda,Mosby,26,tmosbymz@sina.com.cn,France,45809 CEDEX,red,5/7/2019,411368.83
829,Peggi,Barry,46,pbarryn0@indiegogo.com,United States,46896,green,1/23/2013,209215.86
830,Sarene,Sheaber,51,ssheabern1@canalblog.com,France,50009 CEDEX,red,5/10/2021,24001.91
831,Sandy,Boxhall,40,sboxhalln2@lulu.com,France,76418 CEDEX 9,blue,3/3/2020,773656.16
832,Isaak,Domenici,23,idomenicin3@cbslocal.com,France,73379 CEDEX,red,7/1/2020,137225.96
833,Ragnar,Aggio,52,raggion4@smugmug.com,Germany,42659,green,1/21/2016,840042.78
834,Analiese,Cockney,24,acockneyn5@zdnet.com,Mexico,40800,blue,11/21/2014,849982.83
835,Vaughn,Kilvington,37,vkilvingtonn6@free.fr,France,14018 CEDEX 2,blue,1/22/2022,832467.66
836,Cynthea,McBrady,62,cmcbradyn7@biglobe.ne.jp,United States,94121,green,11/20/2018,322169.46
837,Wilmar,Ottiwill,55,wottiwilln8@spiegel.de,United States,77260,blue,12/25/2019,591177.41
838,Morrie,Buswell,65,mbuswelln9@hc360.com,France,74004 CEDEX,green,2/17/2017,555378.68
839,Charlton,McHugh,36,cmchughna@craigslist.org,France,26029 CEDEX,green,1/14/2016,558092.55
840,Willey,Southorn,49,wsouthornnb@deliciousdays.com,France,77815 CEDEX,red,10/29/2022,686685.99
841,Ortensia,Byrch,57,obyrchnc@woothemes.com,United States,60619,red,5/1/2020,565758.21
842,Suzi,Wormald,31,swormaldnd@homestead.com,France,17024 CEDEX 1,red,6/4/2010,425483.88
843,Marni,Sandcroft,34,msandcroftne@weather.com,France,64185 CEDEX,red,9/13/2012,899441.95
844,Gradey,McKern,55,gmckernnf@google.it,France,38066 CEDEX 2,blue,10/6/2016,787083.2
845,Daria,Soall,33,dsoallng@hao123.com,France,45933 CEDEX 9,blue,6/7/2012,246000.31
846,Silvain,Whithalgh,31,swhithalghnh@yellowpages.com,United States,55441,green,4/1/2018,887622.86
847,Aridatha,Orpin,39,aorpinni@cafepress.com,France,80031 CEDEX 1,blue,1/1/2010,947015.26
848,Jolynn,Bein,64,jbeinnj@phpbb.com,Canada,K2H,green,5/14/2021,521554.84
849,Carmelle,Hamshar,18,chamsharnk@studiopress.com,France,38524 CEDEX,green,2/11/2012,306135.32
850,Zacherie,Ida,29,zidanl@google.pl,United States,89193,red,11/12/2013,694933.53
851,Pearle,Nutman,48,pnutmannm@furl.net,Germany,10715,blue,11/7/2011,635619.77
852,Lisle,Jiroutka,26,ljiroutkann@ebay.com,United States,40280,red,8/1/2011,404941.84
853,Camala,Martinuzzi,32,cmartinuzzino@furl.net,France,83087 CEDEX 9,blue,10/27/2021,475827.14
854,Darrel,Moggach,60,dmoggachnp@toplist.cz,Canada,T3S,red,8/29/2019,108537.03
855,Minta,Mixture,59,mmixturenq@wikimedia.org,France,54529 CEDEX,blue,7/7/2020,441567.78
856,Jesse,Bovey,24,jboveynr@europa.eu,Canada,P7K,green,6/9/2012,957156.52
857,Ferd,Thom,27,fthomns@nba.com,France,95109 CEDEX,red,5/8/2018,228327.78
858,Eustace,Adiscot,51,eadiscotnt@usda.gov,Canada,E5L,blue,10/31/2017,317397.48
859,Manny,McLise,57,mmclisenu@kickstarter.com,France,80004 CEDEX 1,red,10/6/2011,573508.63
860,Elsbeth,Franzewitch,63,efranzewitchnv@soundcloud.com,France,69469 CEDEX 06,red,4/3/2013,410788.6
861,Evelyn,Crimes,32,ecrimesnw@webmd.com,France,35059 CEDEX,blue,6/1/2018,318043.92
862,Aldon,Lawdham,65,alawdhamnx@tinypic.com,Mexico,98351,blue,2/15/2011,947029.11
863,Elspeth,Lukins,55,elukinsny@simplemachines.org,Germany,45149,green,3/16/2012,821855.87
864,Justine,Botterell,43,jbotterellnz@ed.gov,Mexico,92125,green,7/27/2010,801689.28
865,Cullen,Beetles,63,cbeetleso0@edublogs.org,France,26109 CEDEX,green,10/11/2011,899853.87
866,Elwira,Vasilik,30,evasiliko1@berkeley.edu,Canada,J3V,green,1/4/2010,926502.75
867,Allianora,Sango,46,asangoo2@list-manage.com,United States,80217,red,11/7/2012,959568.4
868,Delcina,Grute,18,dgruteo3@jimdo.com,Canada,L2E,red,5/31/2013,615900.4
869,Brianna,Burnhard,27,bburnhardo4@dmoz.org,France,75096 CEDEX 02,blue,1/9/2017,660169.55
870,Ward,Silverman,59,wsilvermano5@hugedomains.com,France,92782 CEDEX 9,blue,1/29/2018,315107.87
871,Quinton,Charrett,35,qcharretto6@sakura.ne.jp,United States,88525,red,12/8/2022,983164.32
872,Ewart,Castellaccio,23,ecastellaccioo7@youtu.be,United States,98109,blue,10/22/2012,570634.03
873,Chick,Attock,56,cattocko8@free.fr,France,78897 CEDEX,red,12/3/2013,438917.81
874,Trixie,Risdale,60,trisdaleo9@toplist.cz,Mexico,58095,green,1/5/2017,488315.72
875,Kandace,Quested,35,kquestedoa@prweb.com,Mexico,70317,green,3/28/2016,2471.97
876,Devonne,Sandal,22,dsandalob@dedecms.com,France,33100,red,11/30/2014,343342.13
877,Franklyn,Storry,29,fstorryoc@nasa.gov,France,67953 CEDEX 9,red,7/9/2017,897130.91
878,Dorice,Fulmen,24,dfulmenod@csmonitor.com,Mexico,87078,blue,8/23/2017,753804.65
879,Merlina,Cowlam,65,mcowlamoe@aol.com,France,75240 CEDEX 05,green,9/13/2010,458453.84
880,Micki,Ghidetti,28,mghidettiof@a8.net,Canada,L2A,green,5/29/2015,754124.91
881,Pieter,Matashkin,54,pmatashkinog@goo.ne.jp,United States,10125,blue,9/9/2010,303032.67
882,Lisle,Bentall,49,lbentalloh@artisteer.com,Canada,H8P,red,7/8/2020,868082.48
883,Xylia,Andreuzzi,19,xandreuzzioi@examiner.com,France,92324 CEDEX,green,10/21/2012,312725.45
884,Myra,Mabe,55,mmabeoj@ebay.co.uk,France,69794 CEDEX,red,6/12/2012,288998.64
885,Muhammad,Miskin,46,mmiskinok@soundcloud.com,United States,68110,green,5/31/2013,96887.83
886,Kinny,Tuddall,19,ktuddallol@unesco.org,France,59208 CEDEX,red,6/19/2021,613663.73
887,Beret,Howels,40,bhowelsom@usatoday.com,France,78204 CEDEX,blue,1/26/2011,29801.94
888,Isabelle,Ambrosini,33,iambrosinion@cocolog-nifty.com,France,44984 CEDEX,green,6/27/2020,859680.26
889,Dael,Lamb-shine,40,dlambshineoo@time.com,France,93517 CEDEX,green,10/26/2020,766242.0
890,Chicky,Auton,61,cautonop@google.es,France,92691 CEDEX,blue,11/6/2012,619136.98
891,Fifine,Vampouille,54,fvampouilleoq@issuu.com,Canada,S4A,blue,5/1/2021,136728.92
892,Welbie,Craddock,33,wcraddockor@dedecms.com,France,16015 CEDEX,blue,11/23/2021,690159.32
893,Cordelie,Gilfillan,30,cgilfillanos@geocities.jp,France,77214 CEDEX,blue,6/23/2012,378581.43
894,Devonne,Lowndsborough,48,dlowndsboroughot@gizmodo.com,United States,94273,blue,7/12/2010,499240.83
895,Larry,Tommeo,38,ltommeoou@mapy.cz,United States,35205,blue,8/13/2021,299530.1
896,Halsey,Manilo,45,hmaniloov@tinyurl.com,France,13853 CEDEX 3,green,6/20/2013,388392.28
897,Carr,Truss,32,ctrussow@loc.gov,Germany,44369,blue,5/10/2021,525085.06
898,Odilia,Hallbord,24,ohallbordox@webmd.com,Germany,10409,blue,3/30/2011,806541.44
899,Alla,Danslow,60,adanslowoy@1688.com,United States,73129,green,8/22/2011,774025.53
900,Gibbie,Muff,46,gmuffoz@blogger.com,France,75547 CEDEX 11,green,7/12/2015,918700.65
901,Rich,Taffs,47,rtaffsp0@mac.com,Mexico,41600,red,9/25/2013,346523.22
902,Demetra,Reinert,42,dreinertp1@surveymonkey.com,Canada,H1V,green,9/1/2010,541946.67
903,Chiquita,Jiggen,63,cjiggenp2@bloglines.com,Canada,J7R,green,3/21/2011,615889.53
904,Dix,Boyington,46,dboyingtonp3@digg.com,France,44265 CEDEX 2,blue,1/24/2022,799946.46
905,Burnard,Mattia,63,bmattiap4@networksolutions.com,Canada,H5B,green,3/6/2015,269987.29
906,Efren,Reeman,24,ereemanp5@domainmarket.com,France,61042 CEDEX,blue,10/23/2022,247609.89
907,Gardener,Dana,38,gdanap6@nature.com,United States,22908,green,1/24/2016,18529.01
908,Doti,Hebdon,44,dhebdonp7@symantec.com,Mexico,95096,blue,5/10/2018,212610.84
909,Winfred,Shakespear,22,wshakespearp8@so-net.ne.jp,United States,66622,red,9/12/2020,503018.18
910,Nels,Wilsey,53,nwilseyp9@ftc.gov,United States,32128,blue,2/14/2015,322950.13
911,Sylvester,Lindblad,39,slindbladpa@google.com.hk,United States,10469,blue,5/29/2022,536885.58
912,Cosetta,Shrimplin,41,cshrimplinpb@springer.com,Mexico,62767,green,8/28/2011,867398.15
913,Karilynn,Joinson,39,kjoinsonpc@washingtonpost.com,France,35704 CEDEX 7,red,6/3/2018,932836.31
914,Mildrid,Furby,29,mfurbypd@webmd.com,United Kingdom,DT10,red,10/10/2019,433391.58
915,Evangeline,Laurentino,39,elaurentinope@elegantthemes.com,France,47211 CEDEX,green,6/18/2012,643159.68
916,Benjamen,Bynold,51,bbynoldpf@usa.gov,France,13095 CEDEX 2,blue,1/26/2012,915683.72
917,Sebastian,Laffling,38,slafflingpg@themeforest.net,United States,95405,blue,3/21/2015,762277.8
918,Vittorio,Bruhnsen,63,vbruhnsenph@timesonline.co.uk,United States,60505,blue,12/4/2021,77380.93
919,Kirbee,Butterfill,33,kbutterfillpi@bizjournals.com,United States,32590,blue,11/17/2018,686725.85
920,Nobie,Cristou,29,ncristoupj@apple.com,United States,35244,red,2/8/2016,708917.17
921,Kate,Bazoche,42,kbazochepk@arizona.edu,United States,21290,red,12/23/2019,504574.27
922,Waldemar,Lehr,44,wlehrpl@sakura.ne.jp,France,93584 CEDEX,blue,3/7/2017,463381.13
923,Nicolis,Blaksland,47,nblakslandpm@phoca.cz,France,30904 CEDEX 9,red,8/24/2019,581302.34
924,Dani,Mullineux,45,dmullineuxpn@sbwire.com,United States,93305,blue,12/15/2021,702600.39
925,Anatol,Lightwing,52,alightwingpo@wisc.edu,Canada,T4T,red,8/27/2013,504422.35
926,Sabina,Kliesl,29,sklieslpp@wp.com,United Kingdom,WF9,green,7/28/2014,474890.96
927,Basilius,De Cleyne,31,bdecleynepq@cargocollective.com,France,13802 CEDEX,green,9/8/2012,827725.57
928,Kessia,Shapcott,22,kshapcottpr@weibo.com,Canada,H9A,green,7/7/2019,114432.72
929,Creigh,January,60,cjanuaryps@mlb.com,Canada,J1X,green,12/27/2016,332383.04
930,Antony,Fackney,35,afackneypt@twitpic.com,United States,89115,blue,9/10/2022,928011.09
931,Courtney,Cartmell,28,ccartmellpu@usnews.com,Canada,S4H,blue,3/9/2016,93544.96
932,Norbert,Ruzicka,18,nruzickapv@ustream.tv,Canada,J6V,red,12/5/2011,745935.17
933,Frayda,Zellner,36,fzellnerpw@symantec.com,United States,92825,blue,12/26/2015,841592.48
934,Faye,McNickle,53,fmcnicklepx@symantec.com,Canada,G5N,green,10/13/2011,786483.59
935,Marcellina,Geekin,36,mgeekinpy@twitter.com,United States,91505,blue,4/13/2019,823878.88
936,Brok,Baynam,27,bbaynampz@webnode.com,France,44815 CEDEX,red,12/15/2011,600139.22
937,Danita,Bendan,51,dbendanq0@guardian.co.uk,United States,70593,blue,9/19/2011,630741.0
938,Cher,Banting,46,cbantingq1@mashable.com,France,88204 CEDEX,green,1/29/2015,394513.07
939,Hayley,Coxen,36,hcoxenq2@va.gov,France,33614 CEDEX,green,4/17/2022,988507.95
940,Timmy,Tolomei,22,ttolomeiq3@lycos.com,France,75367 CEDEX 08,green,7/24/2014,35931.63
941,Tully,Sherar,52,tsherarq4@networksolutions.com,Germany,70190,blue,9/20/2022,26725.51
942,Germaine,Wellen,21,gwellenq5@geocities.jp,United States,32830,red,1/18/2017,34590.12
943,Alix,Scarre,58,ascarreq6@newsvine.com,United States,95813,blue,1/7/2012,285576.1
944,Burnaby,Nyssen,26,bnyssenq7@wired.com,United States,34981,blue,2/27/2016,295079.73
945,Almeda,Drewell,27,adrewellq8@apple.com,Canada,L2N,blue,4/2/2018,912604.43
946,Kellen,Stawell,47,kstawellq9@w3.org,Mexico,36800,red,8/28/2015,755776.98
947,Elvina,Brewitt,63,ebrewittqa@scribd.com,United States,20420,green,5/21/2012,478781.42
948,Ashia,Pratley,57,apratleyqb@discovery.com,Canada,J1K,red,11/9/2019,697712.79
949,Sascha,Tenman,63,stenmanqc@nhs.uk,Canada,J1E,green,6/2/2018,704451.38
950,Jolee,Ragate,46,jragateqd@elpais.com,France,95324 CEDEX,blue,11/29/2011,745804.04
951,Giulia,Medford,23,gmedfordqe@gov.uk,France,92727 CEDEX,green,5/17/2016,647723.77
952,Wayne,Bricknell,38,wbricknellqf@purevolume.com,France,34940 CEDEX 9,red,12/10/2021,71712.21
953,Lilly,Mariette,41,lmarietteqg@gizmodo.com,Canada,E6G,blue,8/13/2022,511877.76
954,Brittni,Junifer,36,bjuniferqh@bloomberg.com,France,17029 CEDEX 1,blue,5/11/2019,957648.97
955,Lemmy,Leythley,43,lleythleyqi@uol.com.br,France,59715 CEDEX 9,blue,6/9/2013,980964.35
956,Greg,Lindermann,49,glindermannqj@comsenz.com,France,75235 CEDEX 05,blue,12/2/2015,391854.02
957,Stevana,Henfre,65,shenfreqk@arizona.edu,France,41976 CEDEX 9,green,4/1/2017,615100.81
958,Leone,Girhard,41,lgirhardql@ucsd.edu,France,31019 CEDEX 2,blue,6/19/2014,348674.77
959,Carlina,Burnapp,25,cburnappqm@aboutads.info,France,39029 CEDEX,red,4/27/2010,364225.3
960,Berke,Isham,40,bishamqn@blogs.com,United States,66286,red,6/14/2011,308816.18
961,Karine,Bernollet,37,kbernolletqo@ezinearticles.com,France,94972 CEDEX 9,blue,1/16/2017,605283.69
962,Loy,Kitto,32,lkittoqp@umn.edu,France,86964 CEDEX,red,7/15/2011,229003.24
963,Shanda,Kimm,26,skimmqq@prnewswire.com,United States,14905,red,7/22/2011,130869.67
964,Abran,Roz,54,arozqr@moonfruit.com,United States,91131,red,9/21/2012,188924.24
965,Sherry,Keepe,49,skeepeqs@noaa.gov,United States,23509,red,11/7/2017,361601.07
966,Alfie,Beel,26,abeelqt@bandcamp.com,Canada,L6R,red,5/18/2021,958084.04
967,Nadine,Mocker,64,nmockerqu@tamu.edu,Mexico,38204,green,8/25/2015,410988.65
968,Barton,Gritten,22,bgrittenqv@i2i.jp,France,42055 CEDEX 2,blue,6/30/2011,426985.62
969,Feliza,Bonevant,25,fbonevantqw@dion.ne.jp,France,83164 CEDEX,green,8/22/2016,922580.16
970,Lenore,Watsam,61,lwatsamqx@printfriendly.com,France,27509 CEDEX,red,10/19/2014,659289.68
971,Gardiner,Hoy,24,ghoyqy@hp.com,France,01069 CEDEX 9,red,8/5/2016,513306.62
972,Hobard,Janz,48,hjanzqz@nps.gov,United States,30316,green,11/25/2021,479206.83
973,Sandy,Moryson,58,smorysonr0@unicef.org,Canada,V9G,green,2/19/2021,79630.38
974,Logan,Leivesley,51,lleivesleyr1@state.tx.us,France,13779 CEDEX,green,8/4/2011,453052.02
975,Kimberley,Lawden,54,klawdenr2@elegantthemes.com,France,74134 CEDEX,blue,7/12/2018,10779.52
976,Wright,Tobin,52,wtobinr3@europa.eu,Canada,V6L,blue,4/4/2014,261615.81
977,Kelsey,Cordero,40,kcorderor4@independent.co.uk,France,28205 CEDEX,blue,7/12/2015,173127.15
978,Jill,Coal,28,jcoalr5@networkadvertising.org,France,21806 CEDEX,green,9/18/2012,389071.77
979,Zondra,Pressey,18,zpresseyr6@gmpg.org,France,26109 CEDEX,red,2/18/2018,519568.84
980,Aundrea,Murfill,40,amurfillr7@printfriendly.com,Canada,V9C,green,2/8/2012,188440.1
981,Blithe,Spykings,49,bspykingsr8@icq.com,France,81204 CEDEX,red,6/15/2019,531025.33
982,Mari,Tomkinson,41,mtomkinsonr9@washington.edu,France,39605 CEDEX,green,3/11/2018,301667.92
983,Webb,Grinin,47,wgrininra@netscape.com,Germany,47139,green,1/29/2013,434754.08
984,Jerry,Scarasbrick,56,jscarasbrickrb@google.co.jp,United States,80262,green,2/9/2016,111494.24
985,Gay,Van Arsdalen,55,gvanarsdalenrc@dagondesign.com,United States,02114,green,4/28/2017,463757.67
986,Norby,Stonner,27,nstonnerrd@sitemeter.com,United States,13205,green,2/25/2020,148151.2
987,Carlie,Gibbeson,61,cgibbesonre@army.mil,United States,06912,green,7/17/2012,252979.36
988,Avrit,Wybrow,33,awybrowrf@chronoengine.com,Germany,04317,blue,9/28/2022,92745.58
989,Gasparo,Phorsby,21,gphorsbyrg@cam.ac.uk,Mexico,56617,blue,4/11/2015,222100.18
990,Irwin,Orrice,48,iorricerh@jigsy.com,United States,75216,red,7/23/2015,324136.49
991,Nonnah,McIndoe,42,nmcindoeri@drupal.org,Mexico,40678,red,1/17/2016,565658.53
992,Dorthea,Bydaway,51,dbydawayrj@sfgate.com,United States,47737,blue,3/13/2018,829254.99
993,Ricky,McMurthy,64,rmcmurthyrk@unicef.org,Germany,70180,green,7/18/2022,850972.75
994,Harrie,Scottrell,49,hscottrellrl@va.gov,France,30904 CEDEX 9,blue,7/3/2010,109247.81
995,Serena,Warland,61,swarlandrm@patch.com,United States,41905,blue,7/7/2015,762004.4
996,Goldy,Ingham,49,ginghamrn@google.ca,France,13456 CEDEX 13,blue,3/5/2022,668701.34
997,Ben,McTurley,64,bmcturleyro@icio.us,United States,65898,red,1/26/2018,109963.48
998,Yule,Dovydenas,56,ydovydenasrp@shutterfly.com,France,56019 CEDEX,blue,1/12/2014,236539.14
999,Natalie,Fillon,48,nfillonrq@chronoengine.com,United States,30351,green,7/16/2016,445036.26
1000,Man,Vane,22,mvanerr@blogs.com,Canada,G7P,green,10/9/2020,705360.15
